profession,licenseNumber,displayName,credential,phone,email,npi,practiceAddress,practiceCity,practiceState,practiceZip,boardCity,boardCounty,boardZip,matchConfidence,matchMethod,expirationDate,licenseType
OT,5776,AARON DAVID MILLER,,760-771-9054,,1922629609,79440 CORPORATE CENTER DR STE 112,LA QUINTA,CA,92253,RANCHO MIRAGE,RIVERSIDE,92270,high,license_number,04-30-2027,Occupational Therapist
OT,11324,AARON KEVIN MOESSER,OTR/L,951-698-7720,,1215235304,25150 HANCOCK AVE,MURRIETA,CA,92562,MENIFEE,RIVERSIDE,92584,high,license_number,11-30-2026,Occupational Therapist
OT,7361,ABIGAIL VILLANUEVA,OTR L,704-975-7008,,1417115346,598 INDIAN TRAIL RD S,INDIAN TRAIL,NC,28079,EASTVALE,RIVERSIDE,92880,medium,name_exact,02-28-2027,Occupational Therapist
OT,21306,ADRIAN ALEXANDER THOMAS,OTR/L,951-308-1988,athomas@onr-inc.com,1861148959,27350 NICOLAS RD,TEMECULA,CA,92591,MURRIETA,RIVERSIDE,92563,high,license_number,07-31-2028,Occupational Therapist
OT,21357,ADRIANNA MARTIN,OTR/L,714-469-1681,,1225640592,990 MIRAFLORES DR,CORONA,CA,92882,MURRIETA,RIVERSIDE,92563,high,license_number,09-30-2027,Occupational Therapist
OT,20814,AIMEE KANG,,714-552-5152,,1386275360,2609 CARLTON PL,RIVERSIDE,CA,92507,RIVERSIDE,RIVERSIDE,92506,high,license_number,12-31-2026,Occupational Therapist
OT,21607,ALEXA TURNER,,760-883-2700,,1447108378,150 DISTRICT CENTER DR,PALM SPRINGS,CA,92264,PALM DESERT,RIVERSIDE,92255,high,license_number,04-30-2028,Occupational Therapist
OT,9831,ALEXANDER GORDON STONE,,602-882-5544,,1316760606,4125 N 14TH ST,PHOENIX,AZ,85014,MENIFEE,RIVERSIDE,92584,high,license_number,04-30-2028,Occupational Therapist
OT,25927,ALEXIS ANN NIETO-ANDREWS,"OTR/L, OTD",855-454-3784,,1982467890,41421 DATE ST STE 101,MURRIETA,CA,92562,MENIFEE,RIVERSIDE,92584,high,license_number,09-30-2026,Occupational Therapist
OT,29198,ALEXIS ERIN HAYNES,"OTD, OTR/L",805-489-4261,,1457272049,345 S HALCYON RD,ARROYO GRANDE,CA,93420,CORONA,RIVERSIDE,92882,high,license_number,11-30-2028,Occupational Therapist
OT,9089,ALICE C TSAI,OTR/L,714-871-9202,,1164810214,2800 N HARBOR BLVD,FULLERTON,CA,92835,CORONA,RIVERSIDE,92880,high,license_number,09-30-2026,Occupational Therapist
OT,28128,ALLY JENKINS,,760-772-2838,,1730069378,77564 COUNTRY CLUB DR STE 401B,PALM DESERT,CA,92211,INDIO,RIVERSIDE,92201,high,license_number,11-30-2027,Occupational Therapist
OT,29066,ALYSSA ARIANA ZIZZO,,855-454-3784,,1275136855,41421 DATE ST STE 101,MURRIETA,CA,92562,TEMECULA,RIVERSIDE,92591,high,license_number,12-31-2026,Occupational Therapist
OT,13132,ALYSSIA RAQUEL SEGURA VASQUEZ,OTR/L,909-606-0886,,1306251707,14772 PIPELINE AVE,CHINO HILLS,CA,91709,EASTVALE,RIVERSIDE,91752,high,license_number,02-28-2027,Occupational Therapist
OT,21804,AMANDA BEATON,OTR/L,951-665-8253,,1346823994,40520 CALLE TORCIDA,TEMECULA,CA,92591,TEMECULA,RIVERSIDE,92591,high,license_number,05-31-2028,Occupational Therapist
OT,11322,AMANDA BETTY MURPHY,"MS, OTR/L",855-454-3784,,1497913487,41421 DATE ST STE 101,MURRIETA,CA,92562,TEMECULA,RIVERSIDE,92592,high,license_number,03-31-2027,Occupational Therapist
OT,1968,AMANDA LEE CASSETTA,OTR/L,951-797-5379,,1750209433,350 W BROOKSIDE AVE,CHERRY VALLEY,CA,92223,CHERRY VALLEY,RIVERSIDE,92223,high,license_number,08-31-2028,Occupational Therapist
OT,21094,AMANDA MEGAN BALIDO,OTR/L,951-417-8200,,1548853294,25924 JACKSON AVE,MURRIETA,CA,92563,WINCHESTER,RIVERSIDE,92596,high,license_number,10-31-2026,Occupational Therapist
OT,16383,AMANDA RANK,,190-957-2828,,1760327415,1331 BARTON RD,REDLANDS,CA,92373,RIVERSIDE,RIVERSIDE,92506,high,license_number,09-30-2027,Occupational Therapist
OT,15461,AMBER ZUREK,,909-459-2500,,1104783950,950 W D ST,ONTARIO,CA,91762,RIVERSIDE,RIVERSIDE,92503,high,license_number,01-31-2028,Occupational Therapist
OT,4686,AMEE BROWN,,626-335-9810,,1346404621,401 W. ADA AVE.,GLENDORA,CA,91741,CORONA,RIVERSIDE,92882,high,license_number,06-30-2028,Occupational Therapist
OT,7198,AMY BRENNAN,OTR/L,951-696-1600,,1871926634,23750 VIA ALISOL,MURRIETA,CA,92562,MURRIETA,RIVERSIDE,92562,high,license_number,10-31-2027,Occupational Therapist
OT,13559,AMY SADEK,"PhD, MOT, OTR/L",949-498-5100,,1003392721,970 CALLE AMANECER STE A,SAN CLEMENTE,CA,92673,RIVERSIDE,RIVERSIDE,92505,medium,name_exact,10-31-2026,Occupational Therapist
OT,28553,ANA VICTORIA VIVAS ROSAS,OTR/L,909-481-7345,,1023951399,9405 FAIRWAY VIEW PL,RANCHO CUCAMONGA,CA,91730,JURUPA VALLEY,RIVERSIDE,91752,high,license_number,04-30-2028,Occupational Therapist
OT,21468,ANAHISA AGUIRRE VERDUGO,,951-246-6500,,1083390702,35470 WHITEWOOD RD,MURRIETA,CA,92563,CORONA,RIVERSIDE,92882,medium,name_exact,03-31-2027,Occupational Therapist
OT,8111,ANDREA LEE CASTELLANO-JAOUHARI,OTL,951-639-5871,,1225207079,28780 SINGLE OAK DR,TEMECULA,CA,92590,MURRIETA,RIVERSIDE,92562,high,license_number,04-30-2027,Occupational Therapist
OT,11360,ANDREA MARIE NIELSON,"OTD, OTR/L, CNS,CSRS",760-851-8878,,1407534639,44600 MONTEREY AVE,PALM DESERT,CA,92260,PALM DESERT,RIVERSIDE,92260,high,license_number,09-30-2027,Occupational Therapist
OT,14516,ANDREW NGUYEN,,951-684-6500,,1629487756,6180 BROCKTON AVE STE 102,RIVERSIDE,CA,92506,RIVERSIDE,RIVERSIDE,92507,medium,name_exact,06-30-2027,Occupational Therapist
OT,11984,ANGELA MICHELLE HEARD,OTR,858-966-5829,,1578699146,3020 CHILDRENS WAY,SAN DIEGO,CA,92123,MURRIETA,RIVERSIDE,92563,high,license_number,09-30-2027,Occupational Therapist
OT,28574,ANGELICA MARIE ROCIO HUMILDE,,951-925-2571,,1154289049,1350 E DEVONSHIRE AVE,HEMET,CA,92544,LAKE ELSINORE,RIVERSIDE,92532,high,license_number,07-31-2027,Occupational Therapist
OT,21897,ANGELICA TUASON,,949-333-6400,,1659873990,1251 E DYER RD STE 150,SANTA ANA,CA,92705,MENIFEE,RIVERSIDE,92584,medium,name_exact,01-31-2028,Occupational Therapist
OT,8065,ANGELINA MUNOZ,"M.A., OTR/L",323-361-2118,,1831519685,4650 W SUNSET BLVD,LOS ANGELES,CA,90027,CORONA,RIVERSIDE,92883,high,license_number,10-31-2027,Occupational Therapist
OT,11942,ANJANI DONADI,,732-997-9369,,1679112221,14026 PLUM HOLLOW LN,CHINO HILLS,CA,91709,JURUPA VALLEY,RIVERSIDE,91752,high,license_number,04-30-2027,Occupational Therapist
OT,23612,ANNA HONG-TRUC VO,OTR/L,909-714-7127,,1275264111,11228 SPRINGWAY CT,RIVERSIDE,CA,92505,RIVERSIDE,RIVERSIDE,92505,high,license_number,03-31-2027,Occupational Therapist
OT,11954,ANNA JANE DOWEY,MSOT,951-471-3300,,1396032868,31764 CASINO DR,LAKE ELSINORE,CA,92530,WINCHESTER,RIVERSIDE,92596,high,license_number,05-31-2028,Occupational Therapist
OT,10510,ANNA KATHLEEN LONG-SLADE,OTR/L,858-286-8621,,1548460140,32349 CERCLE LATOUR,TEMECULA,CA,92591,WINCHESTER,RIVERSIDE,92596,high,license_number,05-31-2028,Occupational Therapist
OT,18996,ANNA MARIE ABERION,OTR/L,805-667-8200,,1225411549,1857 KNOLL DR,VENTURA,CA,93003,MENIFEE,RIVERSIDE,92584,high,license_number,02-28-2027,Occupational Therapist
OT,11286,ANNABELLE PUSAG,,626-524-8193,,1376932483,2705 MELVILLE DR,SAN MARINO,CA,91108,TEMECULA,RIVERSIDE,92592,high,license_number,03-31-2027,Occupational Therapist
OT,13238,ARIEL SAMONTE,,909-823-3481,,1538648050,9440 CITRUS AVE,FONTANA,CA,92335,EASTVALE,RIVERSIDE,91752,high,license_number,04-30-2027,Occupational Therapist
OT,7770,ARVIND VERMA,OT HAND THERAPY,818-230-2291,,1497176549,1341 5TH ST,GLENDALE,CA,91201,MIRA LOMA,RIVERSIDE,91752,high,license_number,01-31-2027,Occupational Therapist
OT,22265,ASHLEY C THOMAS,MSOT,951-556-8157,,1457837932,28991 OLD TOWN FRONT ST STE 101,TEMECULA,CA,92590,CORONA,RIVERSIDE,92883,high,license_number,12-31-2026,Occupational Therapist
OT,14693,ASHLEY HARMON-WILLIAMS,OTR,909-653-3585,,1720487689,6700 WARNER AVE APT 21F,HUNTINGTON BEACH,CA,92647,RIVERSIDE,RIVERSIDE,92508,medium,name_exact,03-31-2028,Occupational Therapist
OT,22155,AUSTIN MARSHALL MURROW,OTR/L,714-964-0727,,1386223907,10540 TALBERT AVE STE 250W,FOUNTAIN VALLEY,CA,92708,MURRIETA,RIVERSIDE,92563,high,license_number,04-30-2027,Occupational Therapist
OT,12677,BENEDITH BABILONIA,,310-328-3645,,1326309030,2291 W 205TH ST,TORRANCE,CA,90501,TEMECULA,RIVERSIDE,92591,high,license_number,04-30-2027,Occupational Therapist
OT,6822,BETH SABGHIR,"MS,OTR/L",520-364-5437,,1598044596,815 E 15TH ST,DOUGLAS,AZ,85607,CORONA,RIVERSIDE,92882,high,license_number,11-30-2027,Occupational Therapist
OT,3621,BRIAN D COLEY,O.T.,909-894-8283,,1790904704,1710 SUNNYPARK,REDLANDS,CA,92374,BEAUMONT,RIVERSIDE,92223,high,license_number,01-31-2028,Occupational Therapist
OT,12508,BRIAN LEEE MERCADO BAUTISTA,OTR/L,575-499-3975,,1356999247,74516 GARY AVE,PALM DESERT,CA,92260,PALM DESERT,RIVERSIDE,92260,high,license_number,09-30-2028,Occupational Therapist
OT,26346,BRIANA MENDOZA,,800-741-1164,,1245150234,1317 W FOOTHILL BLVD STE 130,UPLAND,CA,91786,RIVERSIDE,RIVERSIDE,92503,high,license_number,08-31-2028,Occupational Therapist
OT,22387,BRIANNA M LEMIRE,,760-529-4975,,1508432451,3355 MISSION AVE STE 123,OCEANSIDE,CA,92058,RIVERSIDE,RIVERSIDE,92506,high,license_number,11-30-2027,Occupational Therapist
OT,27238,BRIANNE MELANCON,,985-804-1921,,1992519268,47372 POPPY LN,LA QUINTA,CA,92253,LA QUINTA,RIVERSIDE,92253,high,license_number,06-30-2028,Occupational Therapist
OT,20311,BROOKE JENSEN,OTR/L,951-791-9140,,1235783895,3889 W STETSON AVE STE 150,HEMET,CA,92545,MURRIETA,RIVERSIDE,92563,high,license_number,10-31-2027,Occupational Therapist
OT,28615,BROOKE KAILEE BARNARD,"OTD, OTR/L",949-385-1410,,1861344913,27611 LA PAZ RD STE D,LAGUNA NIGUEL,CA,92677,RANCHO MIRAGE,RIVERSIDE,92270,high,license_number,08-31-2027,Occupational Therapist
OT,21165,CARINA MENA,,858-753-5082,,1073123485,13223 BLACK MOUNTAIN RD # 1508,SAN DIEGO,CA,92129,CORONA,RIVERSIDE,92883,high,license_number,12-31-2026,Occupational Therapist
OT,20728,CARLOS EDUARDO JUAREZ AGUILAR,Occupational Therapi,323-803-3881,,1992224646,4601 S BROADWAY,LOS ANGELES,CA,90037,LAKE ELSINORE,RIVERSIDE,92532,high,license_number,03-31-2028,Occupational Therapist
OT,5542,CARRIE MARTIN,OTR,909-370-4411,,1154610418,1350 RECHE CANYON RD,COLTON,CA,92324,RIVERSIDE,RIVERSIDE,92509,high,license_number,03-31-2028,Occupational Therapist
OT,723,CATHY E JENKINS-ETTER,OTR,909-427-6996,,1689791642,9985 SIERRA AVE,FONTANA,CA,92335,RIVERSIDE,RIVERSIDE,92516,high,license_number,02-28-2027,Occupational Therapist
OT,8617,CATLEYA GALANG,,951-688-3643,,1285023580,9025 COLORADO AVE,RIVERSIDE,CA,92503,CORONA,RIVERSIDE,92883,high,license_number,09-30-2027,Occupational Therapist
OT,4500,CHARLES WHITE,,760-325-5950,,1700216835,552 S PASEO DOROTEA,PALM SPRINGS,CA,92264,BEAUMONT,RIVERSIDE,92223,high,license_number,05-31-2027,Occupational Therapist
OT,21320,CHELSEA VAN GORDER,"OTD, OTR/L",951-684-6500,,1376246777,6180 BROCKTON AVE STE 102,RIVERSIDE,CA,92506,RIVERSIDE,RIVERSIDE,92508,high,license_number,11-30-2027,Occupational Therapist
OT,15277,CHIA-YU CHOU,,909-596-7733,,1801493127,255 E BONITA AVE,POMONA,CA,91767,EASTVALE,RIVERSIDE,92880,medium,name_exact,11-30-2026,Occupational Therapist
OT,16230,CHRISTIE MARIE SMALLWOOD,OTR/L,951-756-3224,,1942736699,250 N CITY DR APT 314,SAN MARCOS,CA,92078,BEAUMONT,RIVERSIDE,92223,high,license_number,12-31-2026,Occupational Therapist
OT,16910,CHRISTINA MARIE SMITH,,951-252-8800,,1306761499,27740 JEFFERSON AVE,TEMECULA,CA,92590,MURRIETA,RIVERSIDE,92563,high,license_number,07-31-2027,Occupational Therapist
OT,15738,CHRISTINE FURDUI,,808-737-2555,,1326567991,2459 10TH AVE,HONOLULU,HI,96816,RIVERSIDE,RIVERSIDE,92504,medium,name_exact,10-31-2027,Occupational Therapist
OT,17707,CHRISTINE PHAM,,626-329-9467,,1700423530,13697 LOWELL ST,EASTVALE,CA,92880,CORONA,RIVERSIDE,92880,high,license_number,01-31-2028,Occupational Therapist
OT,9689,CHRISTOPHER DE VERA,,619-501-9755,,1932622073,2751 ROOSEVELT RD STE 203,SAN DIEGO,CA,92106,MIRA LOMA,RIVERSIDE,91752,high,license_number,10-31-2026,Occupational Therapist
OT,6864,CLAUDIA GAYE PEYTON,"Ph.D., OTR/L",310-715-2020,,1588810667,130 W VICTORIA ST,GARDENA,CA,90248,CORONA,RIVERSIDE,92883,high,license_number,08-31-2027,Occupational Therapist
OT,14632,COLLEEN BOWLES,MOTR/L,909-446-1100,,1891199063,12375 CALIFORNIA ST,YUCAIPA,CA,92399,CALIMESA,RIVERSIDE,92320,high,license_number,02-28-2027,Occupational Therapist
OT,863,CONNIE ALLEN,"OTR/L, CLT",951-264-8584,,1669860649,15046 FICUS ST,LAKE ELSINORE,CA,92530,LAKE ELSINORE,RIVERSIDE,92530,high,license_number,10-31-2028,Occupational Therapist
OT,8579,CONNIE ROSE WONG,OTR/L,619-528-4000,,1033169099,6160 MISSION GORGE RD,SAN DIEGO,CA,92120,TEMECULA,RIVERSIDE,92592,high,license_number,08-31-2028,Occupational Therapist
OT,18538,CYNTHIA ALLYN,OTR/L,314-590-3537,,1265956569,VILSECK ARMY HEALTH CLINIC,VILSECK,BAYERN,92249,RANCHO MIRAGE,RIVERSIDE,92270,high,license_number,03-31-2027,Occupational Therapist
OT,9663,DANA CATHERINE IMAI,,951-688-2211,,1356788004,3865 JACKSON ST,RIVERSIDE,CA,92503,RIVERSIDE,RIVERSIDE,92503,high,license_number,09-30-2027,Occupational Therapist
OT,20397,DANIEL EDWARD ALLISON,OTR/L,760-753-1245,danieledward.allison@gmail.com,1821750324,335 SAXONY RODE,ENCINITAS,CA,92024,TEMECULA,RIVERSIDE,92592,high,license_number,01-31-2028,Occupational Therapist
OT,20896,DANIEL JUAREZ ARELLANO,OTR/L,760-702-2825,,1538617063,13223 BLACK MOUNTAIN RD # 1358,SAN DIEGO,CA,92129,INDIO,RIVERSIDE,92203,high,license_number,04-30-2027,Occupational Therapist
OT,24536,DANIELLE CORENTE,"MOT, OTR/L",951-899-0204,,1477269215,25467 MEDICAL CENTER DR,MURRIETA,CA,92562,LAKE ELSINORE,RIVERSIDE,92532,high,license_number,05-31-2027,Occupational Therapist
OT,17316,DANIELLE DION,,903-881-4030,diondr@liseagles.net,1386372753,150 EAGLE SPIRIT DR,LINDALE,TX,75771,RIVERSIDE,RIVERSIDE,92503,medium,name_exact,08-31-2027,Occupational Therapist
OT,5641,DARIENNE GILMER,,714-832-6780,,1619367729,1051 BRYAN AVE,TUSTIN,CA,92780,RIVERSIDE,RIVERSIDE,92505,high,license_number,01-31-2027,Occupational Therapist
OT,3949,DARRELL GARTH ROWE,"OTR/L, CHT",951-506-3001,,1902880115,29645 RANCHO CALIFORNIA RD STE 234,TEMECULA,CA,92591,MURRIETA,RIVERSIDE,92563,high,license_number,03-31-2027,Occupational Therapist
OT,9117,DAWN FRANCES ARIAS,MOTRL,951-683-5193,,1700096534,4164 BROCKTON AVE,RIVERSIDE,CA,92501,RIVERSIDE,RIVERSIDE,92508,high,license_number,07-31-2027,Occupational Therapist
OT,451,DEANNA LYNN LOPEZ,"M.S., OTR/L",951-955-1000,,1932380045,4080 LEMON ST,RIVERSIDE,CA,92501,MORENO VALLEY,RIVERSIDE,92557,high,license_number,08-31-2028,Occupational Therapist
OT,4882,DEBORAH L KEMPSTON,OTR/L,951-461-0525,,1720397425,30033 TECHNOLOGY DR STE 104,MURRIETA,CA,92563,MURRIETA,RIVERSIDE,92563,high,license_number,04-30-2027,Occupational Therapist
OT,11673,DENA Z MARQUEZ,"MOTR/L, PAM, HTC",951-475-1307,,1871878504,2815 S MAIN ST STE 205,CORONA,CA,92882,CORONA,RIVERSIDE,92879,high,license_number,01-31-2028,Occupational Therapist
OT,27550,DENNIS LAM,,951-888-0006,,1447132329,2489 CALIFORNIA AVE,CORONA,CA,92881,CORONA,RIVERSIDE,92879,high,license_number,05-31-2028,Occupational Therapist
OT,8535,DESIREE FAJAYAN BRADFORD,MOTR,951-310-8367,,1184841769,18203 DALLAS AVE,RIVERSIDE,CA,92508,RIVERSIDE,RIVERSIDE,92508,high,license_number,12-31-2027,Occupational Therapist
OT,9606,DIANA E MELENDEZ,OTR/L,760-772-2838,,1003183096,77564 COUNTRY CLUB DR,PALM DESERT,CA,92211,INDIO,RIVERSIDE,92203,high,license_number,02-29-2028,Occupational Therapist
OT,7515,DIANA VALDEZ,OTR/L,951-765-5100,,1972844520,1791 W ACACIA AVE,HEMET,CA,92545,MORENO VALLEY,RIVERSIDE,92555,high,license_number,11-30-2027,Occupational Therapist
OT,24414,DIANA YAMANIC MELLIN,OTD,619-725-5501,,1609715424,4100 NORMAL ST,SAN DIEGO,CA,92103,RIVERSIDE,RIVERSIDE,92508,high,license_number,10-31-2027,Occupational Therapist
OT,1654,DIANE HARDY,"OTR, HTC",732-994-3200,,1043108434,10 TERRACINA BLVD,REDLANDS,CA,92373,BEAUMONT,RIVERSIDE,92223,high,license_number,10-31-2027,Occupational Therapist
OT,1044,DIANE HELLER,OTR,760-325-5950,,1215176417,4050 AIRPORT CENTER DR,PALM SPRINGS,CA,92264,PALM DESERT,RIVERSIDE,92260,high,license_number,01-31-2027,Occupational Therapist
OT,6688,DONMISHETTE LANITA MOYE ROSS,OTR/L,216-791-3800,,1295840718,3605 BURNABY DR,BAKERSFIELD,CA,93312,MURRIETA,RIVERSIDE,92563,high,license_number,04-30-2027,Occupational Therapist
OT,22397,DONNA M FALZONE,OTR/L,908-868-4004,,1851099568,483 E GLEN CIR N,PALM SPRINGS,CA,92262,PALM SPRINGS,RIVERSIDE,92262,high,license_number,07-31-2027,Occupational Therapist
OT,8137,EDWARD PAUL GUMP,OTR/L,951-552-1126,,1447683255,29377 RANCHO CALIFORNIA RD STE 102,TEMECULA,CA,92591,TEMECULA,RIVERSIDE,92592,high,license_number,07-31-2027,Occupational Therapist
OT,7710,EDWIN DAVE RICKETTS,OTR/L,951-653-4480,,1023435708,6177 RIVER CREST DR,RIVERSIDE,CA,92507,RIVERSIDE,RIVERSIDE,92518,high,license_number,12-31-2026,Occupational Therapist
OT,17858,ELEANORMAE JOHNSON,OTR/L,626-339-0268,,1780102889,339 E ROWLAND ST,COVINA,CA,91723,RIVERSIDE,RIVERSIDE,92508,high,license_number,11-30-2026,Occupational Therapist
OT,22516,ELISABETH LAWSON,,800-741-1164,,1932048105,1317 W FOOTHILL BLVD STE 130,UPLAND,CA,91786,MORENO VALLEY,RIVERSIDE,92557,high,license_number,11-30-2026,Occupational Therapist
OT,11196,ELIZABETH DE DIOS,,760-325-2937,,1124606207,2299 N INDIAN CANYON DR,PALM SPRINGS,CA,92262,INDIO,RIVERSIDE,92203,high,license_number,06-30-2028,Occupational Therapist
OT,13566,ELIZABETH ROSE WATANABE,OTR/L,951-686-8202,,1821552639,3401 LEMON ST,RIVERSIDE,CA,92501,RIVERSIDE,RIVERSIDE,92506,high,license_number,07-31-2027,Occupational Therapist
OT,6896,EMILY PATRICIA CHAVEZ,,909-252-4511,,1174474712,670 CARNEGIE DR,SAN BERNARDINO,CA,92408,RIVERSIDE,RIVERSIDE,92506,high,license_number,12-31-2026,Occupational Therapist
OT,7143,ERIC CHARLES GIDDINGS,OTR L,760-274-3300,,1194749366,2126 COSMO WAY,SAN MARCOS,CA,92078,MURRIETA,RIVERSIDE,92563,high,license_number,08-31-2027,Occupational Therapist
OT,19488,ERIN CASILLAS,OTR/L,951-813-2820,,1043846009,30033 TECHNOLOGY DR STE 104,MURRIETA,CA,92563,MURRIETA,RIVERSIDE,92563,medium,name_exact,01-31-2027,Occupational Therapist
OT,19316,ERIN MONISE,OTR/L,951-414-6029,,1477029361,28991 OLD TOWN FRONT ST,TEMECULA,CA,92590,LAKE ELSINORE,RIVERSIDE,92530,high,license_number,04-30-2028,Occupational Therapist
OT,26049,ESTHER LEE,,323-644-9380,,1205506532,3031 BEVERLY BLVD,LOS ANGELES,CA,90057,EASTVALE,RIVERSIDE,92880,medium,name_exact,07-31-2028,Occupational Therapist
OT,2026,EVA OSBURN,,951-371-6927,,1760871768,13718 NORTHFORK DR,CORONA,CA,92880,CORONA,RIVERSIDE,92880,high,license_number,08-31-2027,Occupational Therapist
OT,11820,FRANCIS COLOSI,,603-661-3714,,1225663537,683 ORANGE AVE,SUGARLOAF,CA,92386,IDYLLWILD,RIVERSIDE,92549,high,license_number,01-31-2028,Occupational Therapist
OT,18926,GABRIEL GUZMAN,OTR/L,951-686-8202,,1518439215,3401 LEMON ST,RIVERSIDE,CA,92501,RIVERSIDE,RIVERSIDE,92508,high,license_number,09-30-2027,Occupational Therapist
OT,23961,GABRIELA DICARLO,,858-966-8100,,1609596626,"3020 CHILDREN'S WAY, MC 5068 SAN DIEGO, CA 92123",SAN DIEGO,CA,92123,MENIFEE,RIVERSIDE,92584,high,license_number,08-31-2028,Occupational Therapist
OT,17902,GARGEE SULE,,951-735-0252,,1851982367,1400 CIRCLE CITY DR,CORONA,CA,92879,RIVERSIDE,RIVERSIDE,92503,medium,name_exact,08-31-2027,Occupational Therapist
OT,5795,GENEVIEVE ALDRIDGE,OTR/L,714-347-0300,,1609828011,200 W SANTA ANA BLVD,SANTA ANA,CA,92701,MENIFEE,RIVERSIDE,92584,high,license_number,01-31-2027,Occupational Therapist
OT,8348,GERALDINE PANCHO,,951-256-6688,,1114316981,11352 BLUEBIRD WAY,CORONA,CA,92883,CORONA,RIVERSIDE,92883,high,license_number,11-30-2026,Occupational Therapist
OT,13901,GINA CABRERA,"OTR/L, DPT",858-450-7118,,1992198451,4445 EASTGATE MALL STE 103,SAN DIEGO,CA,92121,TEMECULA,RIVERSIDE,92591,high,license_number,09-30-2027,Occupational Therapist
OT,5914,GINA MARIE TOMPKINS,,909-793-1233,,1912478959,819 SALEM DR,REDLANDS,CA,92373,MORENO VALLEY,RIVERSIDE,92557,high,license_number,07-31-2028,Occupational Therapist
OT,3749,GUADALUPE CASTRO,OTR/L,909-557-1600,,1386051233,1901 W LUGONIA AVE STE 230,REDLANDS,CA,92374,RIVERSIDE,RIVERSIDE,92508,high,license_number,08-31-2027,Occupational Therapist
OT,24258,HAFSA HABIB,OTD,630-674-2311,,1659286243,10800 MAGNOLIA AVE,RIVERSIDE,CA,92505,RIVERSIDE,RIVERSIDE,92508,high,license_number,04-30-2027,Occupational Therapist
OT,25610,HAN-CHUN CHU,,213-241-1000,,1982558086,333 S BEAUDRY AVE,LOS ANGELES,CA,90017,EASTVALE,RIVERSIDE,92880,high,license_number,08-31-2027,Occupational Therapist
OT,3037,HARMONY PYPER,"M.A., OTR/L",760-212-3605,,1548404700,43403 MESSINA ST,TEMECULA,CA,92592,TEMECULA,RIVERSIDE,92591,high,license_number,10-31-2027,Occupational Therapist
OT,22004,HAYDEN JEON,,808-429-0955,,1548841976,21854 S VERMONT AVE UNIT 5,TORRANCE,CA,90502,PALM DESERT,RIVERSIDE,92211,high,license_number,04-30-2027,Occupational Therapist
OT,14476,HEATHER ELLEN JOHNSON,O.T.,714-656-8318,,1871999847,"740 S. PLACENTIA AVE, SUITE 100",PLACENTIA,CA,92870,NORCO,RIVERSIDE,92860,high,license_number,07-31-2027,Occupational Therapist
OT,11998,HEATHER ROESE,"OTD, OTR/L",951-990-3115,,1275881948,118 E BLAINE ST,RIVERSIDE,CA,92507,RIVERSIDE,RIVERSIDE,92507,high,license_number,02-29-2028,Occupational Therapist
OT,22332,IN HWA CHAE,"MS, OTR/L",213-369-5943,,1588231260,9887 BRIA LN,GARDEN GROVE,CA,92844,CORONA,RIVERSIDE,92882,high,license_number,02-29-2028,Occupational Therapist
OT,9342,IRENE TABALOC,,559-439-7041,,1710210182,7065 N CHESTNUT AVE STE 101,FRESNO,CA,93720,BEAUMONT,RIVERSIDE,92223,high,license_number,03-31-2027,Occupational Therapist
OT,13258,IRENE VALLAR,,800-741-1164,,1114893435,1317 W FOOTHILL BLVD STE 130,UPLAND,CA,91786,MORENO VALLEY,RIVERSIDE,92551,high,license_number,06-30-2028,Occupational Therapist
OT,11707,JACK HARDING,OTR/L,760-747-0430,,1972993970,421 E MISSION AVE,ESCONDIDO,CA,92025,MURRIETA,RIVERSIDE,92562,high,license_number,07-31-2027,Occupational Therapist
OT,7086,JACQUELINE MARIE GROMLEY,"OTR, OT/L",714-943-5295,,1336392075,27525 ENTERPRISE CIR W,TEMECULA,CA,92590,MURRIETA,RIVERSIDE,92562,high,license_number,07-31-2028,Occupational Therapist
OT,13649,JEAN E. BELLUCCI,OTR/CHT,951-698-7720,,1700127248,25150 HANCOCK AVE,MURRIETA,CA,92562,MURRIETA,RIVERSIDE,92562,high,license_number,08-31-2028,Occupational Therapist
OT,22761,JENNA NICOLE ANDERSON,,951-696-1600,,1790618387,41870 MCALBY CT,MURRIETA,CA,92562,TEMECULA,RIVERSIDE,92592,high,license_number,10-31-2026,Occupational Therapist
OT,13948,JENNIE C MILLINER,OTR/L,909-522-7925,,1255862769,36624 GALLERY LN,BEAUMONT,CA,92223,BEAUMONT,RIVERSIDE,92223,high,license_number,12-31-2027,Occupational Therapist
OT,16389,JENNIFER ERICKSON,OTR/L,714-292-4077,,1316490923,18712 WINDY KNOLL DR,YORBA LINDA,CA,92886,RIVERSIDE,RIVERSIDE,92508,high,license_number,09-30-2026,Occupational Therapist
OT,3975,JENNIFER LANDRY,,562-858-7717,,1457521742,16653 LAKE KNOLL PKWY,RIVERSIDE,CA,92503,RIVERSIDE,RIVERSIDE,92503,high,license_number,09-30-2026,Occupational Therapist
OT,10568,JENNIFER PRICE,,760-720-9898,,1720318926,3140 EL CAMINO REAL,CARLSBAD,CA,92008,WINCHESTER,RIVERSIDE,92596,high,license_number,02-29-2028,Occupational Therapist
OT,2392,JENNIFER WITTENAUER,OTR/L,925-399-5796,jennifer.wittenauer@teamworktherapies.com,1295867810,311 RAY ST,PLEASANTON,CA,94566,LAKE ELSINORE,RIVERSIDE,92532,high,license_number,08-31-2028,Occupational Therapist
OT,21390,JESSICA JUNIO,"OTD, OTR/L",714-916-1388,,1598452666,852 FILBERT ST,CORONA,CA,92879,NORCO,RIVERSIDE,92860,high,license_number,08-31-2028,Occupational Therapist
OT,10567,JILL CELLONA,OTR/L,951-252-8800,,1023210309,27740 JEFFERSON AVE,TEMECULA,CA,92590,MURRIETA,RIVERSIDE,92562,high,license_number,12-31-2026,Occupational Therapist
OT,20442,JOANNA MARIE FRUTO,OTR,760-436-7344,jfruto@elevatehomehealth.com,1033779566,511 ENCINITAS BLVD STE 100,ENCINITAS,CA,92024,LAKE ELSINORE,RIVERSIDE,92532,medium,name_exact,08-31-2028,Occupational Therapist
OT,7179,JOEL RODRIGUEZ,,714-794-5889,,1598648339,140 S CHAPARRAL CT STE 160,ANAHEIM,CA,92808,CORONA,RIVERSIDE,92882,high,license_number,05-31-2028,Occupational Therapist
OT,22903,JOFEL TAN,"OTD, OTR/L",562-498-3368,,1588329007,3850 E ESTHER ST,LONG BEACH,CA,90804,WINCHESTER,RIVERSIDE,92596,high,license_number,10-31-2026,Occupational Therapist
OT,5618,JOHNYA SHELBY WOODARD,,310-538-6598,,1437349008,1145 W REDONDO BEACH BLVD,GARDENA,CA,90247,BEAUMONT,RIVERSIDE,92223,high,license_number,07-31-2027,Occupational Therapist
OT,3356,JOSEPH PETER ETIM,OTR,951-789-6923,,1134372758,19366 BRIDGEWATER LN,RIVERSIDE,CA,92508,RIVERSIDE,RIVERSIDE,92508,high,license_number,11-30-2027,Occupational Therapist
OT,11345,JUAN FELIPE ARROYO GARCIA,OTR/L,415-200-8823,,1053990853,2090 TANGERINE CT,PALM SPRINGS,CA,92262,PALM SPRINGS,RIVERSIDE,92262,medium,name_exact,09-30-2026,Occupational Therapist
OT,8663,JUDE CODILLA,,562-428-4681,,1609265669,260 E MARKET ST,LONG BEACH,CA,90805,MIRA LOMA,RIVERSIDE,91752,high,license_number,09-30-2028,Occupational Therapist
OT,21025,JUDY ESTHER LEE,,909-890-5930,,1154948834,1908 BUSINESS CENTER DR STE 109,SAN BERNARDINO,CA,92408,RIVERSIDE,RIVERSIDE,92503,high,license_number,05-31-2028,Occupational Therapist
OT,4218,JULIA P KOSOBUCKI,OTR/L,760-729-5433,,1023317393,3674 PACIFIC AVE,RIVERSIDE,CA,92509,RIVERSIDE,RIVERSIDE,92508,high,license_number,10-31-2027,Occupational Therapist
OT,24298,JULIANA OSPINA,OTR/L,909-597-0504,,1962119321,14850 CENTRAL AVE,CHINO,CA,91710,EASTVALE,RIVERSIDE,92880,high,license_number,08-31-2028,Occupational Therapist
OT,7094,JULIE ANNE URBANICK,OT,951-676-7693,,1861630147,27525 ENTERPRISE CIR W STE 101C,TEMECULA,CA,92590,TEMECULA,RIVERSIDE,92591,high,license_number,07-31-2027,Occupational Therapist
OT,12938,JULIE BERGH,otr/l,714-463-9195,,1841620481,17803 IMPERIAL HWY,YORBA LINDA,CA,92886,RIVERSIDE,RIVERSIDE,92504,medium,name_exact,03-31-2028,Occupational Therapist
OT,13148,JULIE LYNN LARSEN,,714-221-6400,,1497009179,2215 N BROADWAY,SANTA ANA,CA,92706,PALM DESERT,RIVERSIDE,92260,high,license_number,02-28-2027,Occupational Therapist
OT,21373,KARAH ROSE SHOUSE,OTR/L,760-772-2838,office@dot4kids.com,1043827090,77564 COUNTRY CLUB DR,PALM DESERT,CA,92211,PALM DESERT,RIVERSIDE,92260,high,license_number,12-31-2027,Occupational Therapist
OT,5113,KAREN ANN SMITH,,760-409-2261,,1336682608,67425 OVANTE RD,CATHEDRAL CITY,CA,92234,CATHEDRAL CITY,RIVERSIDE,92234,high,license_number,11-30-2026,Occupational Therapist
OT,22161,KAREN E DIAZ,OTR/L,951-653-4480,,1023784493,6177 RIVER CREST DR STE A,RIVERSIDE,CA,92507,RIVERSIDE,RIVERSIDE,92503,high,license_number,03-31-2028,Occupational Therapist
OT,11340,KAREN SHELTON,,714-922-4453,,1003262163,1570 E. 17TH ST,SANTA ANA,CA,92705,RIVERSIDE,RIVERSIDE,92509,high,license_number,10-31-2026,Occupational Therapist
OT,2872,KARIN HOFFMAN,O.T.,951-653-4480,,1568550614,6177 RIVER CREST DR STE A,RIVERSIDE,CA,92507,MORENO VALLEY,RIVERSIDE,92555,high,license_number,12-31-2027,Occupational Therapist
OT,20558,KARINA JANETTE VAZQUEZ,OTR/L,909-890-5930,,1700429388,1908 BUSINESS CENTER DR,SAN BERNARDINO,CA,92408,RIVERSIDE,RIVERSIDE,92507,high,license_number,08-31-2027,Occupational Therapist
OT,21566,KARINA MENDEZ,,951-514-8605,,1356094452,4069 MARLBOROUGH AVE,SAN DIEGO,CA,92105,WILDOMAR,RIVERSIDE,92595,medium,name_exact,12-31-2026,Occupational Therapist
OT,10546,KATHERINE MAGDALENA KWIECINSKA,OTR/L,760-340-5999,,1225349723,72201 COUNTRY CLUB DR,RANCHO MIRAGE,CA,92270,PALM DESERT,RIVERSIDE,92211,high,license_number,11-30-2026,Occupational Therapist
OT,3561,KATHLEEN MARIE PINTO,OTR/L,909-373-1641,,1932128626,8265 WHITE OAK AVE,RANCHO CUCAMONGA,CA,91730,SUN CITY,RIVERSIDE,92586,high,license_number,10-31-2027,Occupational Therapist
OT,19377,KATYA PALOMA MOKFI,"OTD, OTR/L",909-859-1131,,1962046987,10147 SYCAMORE CANYON RD,MORENO VALLEY,CA,92557,MORENO VALLEY,RIVERSIDE,92557,high,license_number,12-31-2027,Occupational Therapist
OT,18967,KAYLYNN ANN ESGUERRA,,951-696-1600,,1205760444,41870 MCALBY CT,MURRIETA,CA,92562,LAKE ELSINORE,RIVERSIDE,92532,high,license_number,01-31-2027,Occupational Therapist
OT,24581,KELLY HUBER,,973-945-5031,,1154266047,2185 CITRACADO PKWY,ESCONDIDO,CA,92029,LA QUINTA,RIVERSIDE,92253,high,license_number,11-30-2027,Occupational Therapist
OT,21634,KEVIN JAMES TAN,,818-538-5880,,1407442502,31248 OAK CREST DR STE 120,WESTLAKE VILLAGE,CA,91361,WINCHESTER,RIVERSIDE,92596,high,license_number,07-31-2027,Occupational Therapist
OT,20492,KIERSTEN MERKEL,OT,760-837-0033,,1992356851,41555 COOK ST STE 100,PALM DESERT,CA,92211,LA QUINTA,RIVERSIDE,92253,medium,name_exact,09-30-2028,Occupational Therapist
OT,16175,KIM-PHUONG KINGSLAND,MOT,714-646-8318,,1073860631,740 S. PLACENTIA AVE,PLACENTIA,CA,92870,CORONA,RIVERSIDE,92881,high,license_number,06-30-2028,Occupational Therapist
OT,26928,KIMBERLY AYALA,,415-551-0975,,1972272813,98 BOSWORTH ST,SAN FRANCISCO,CA,94112,COACHELLA,RIVERSIDE,92236,medium,name_exact,09-30-2026,Occupational Therapist
OT,7498,KIMBERLY BYRNE,,858-966-5829,,1841666039,3020 CHILDRENS WAY # MC5068,SAN DIEGO,CA,92123,WINCHESTER,RIVERSIDE,92596,high,license_number,08-31-2027,Occupational Therapist
OT,13311,KIMBERLY FAITH ADLER,MOT OTR/L,949-498-5100,,1225371123,1120 VIA CALLEJON,SAN CLEMENTE,CA,92673,TEMECULA,RIVERSIDE,92591,high,license_number,07-31-2027,Occupational Therapist
OT,7883,KIMBERLY J KAPANEK,OTR/L,213-607-4400,,1821264631,1111 W 6TH ST STE 111,LOS ANGELES,CA,90017,TEMECULA,RIVERSIDE,92591,high,license_number,04-30-2028,Occupational Therapist
OT,8312,KRISTINE PENWARDEN,"ms, ot/l",951-676-7693,,1306281464,41421 DATE ST,MURRIETA,CA,92562,MURRIETA,RIVERSIDE,92562,high,license_number,06-30-2028,Occupational Therapist
OT,16693,KRUTI SHAH,,626-443-9425,,1184104861,2720 NEVADA AVE,EL MONTE,CA,91733,RIVERSIDE,RIVERSIDE,92508,high,license_number,01-31-2028,Occupational Therapist
OT,17484,LAURA ANNE BOSTOCK,"MOT, OTR/L",858-695-9444,,1801368972,5945 PACIFIC CENTER BLVD STE 510,SAN DIEGO,CA,92121,MURRIETA,RIVERSIDE,92563,high,license_number,05-31-2028,Occupational Therapist
OT,4937,LEILA R GABRIEL,O.T.R.,951-765-5100,lgabriel@hemetusd.org,1942470984,1791 W ACACIA AVE,HEMET,CA,92545,MENIFEE,RIVERSIDE,92584,high,license_number,02-28-2027,Occupational Therapist
OT,3116,LETICIA GUERRERO,,925-939-5820,,1205092749,1449 YGNACIO VALLEY RD,WALNUT CREEK,CA,94598,LA QUINTA,RIVERSIDE,92253,high,license_number,10-31-2027,Occupational Therapist
OT,8145,LINDSEY RAE GUMP,OTR/L,909-938-7844,,1285067090,29775 HAUN RD,MENIFEE,CA,92586,TEMECULA,RIVERSIDE,92592,high,license_number,10-31-2028,Occupational Therapist
OT,17998,LIZBETH SANCHEZ-CASTANEDA,,951-279-1333,,1174870513,2275 S MAIN ST STE 201,CORONA,CA,92882,TEMECULA,RIVERSIDE,92592,high,license_number,12-31-2027,Occupational Therapist
OT,16327,LONDON KAI SAFFO,OTR/L,951-680-6500,,1164901336,4070 JURUPA AVE,RIVERSIDE,CA,92506,RIVERSIDE,RIVERSIDE,92503,high,license_number,03-31-2028,Occupational Therapist
OT,2354,LYDIA HANLEY,,760-883-2700,,1801744511,150 DISTRICT CENTER DR,PALM SPRINGS,CA,92264,RIVERSIDE,RIVERSIDE,92508,high,license_number,02-28-2027,Occupational Therapist
OT,6164,LYNDA GARZA,OTR/L,800-967-4667,,1366838039,34560 BOB HOPE DR,RANCHO MIRAGE,CA,92270,PALM SPRINGS,RIVERSIDE,92262,high,license_number,12-31-2026,Occupational Therapist
OT,22684,MADELINE LOVERN,,760-704-6800,,1285440909,1950 CALLE BARCELONA,CARLSBAD,CA,92009,PALM DESERT,RIVERSIDE,92211,high,license_number,07-31-2027,Occupational Therapist
OT,22123,MAEGAN ROBINSON,OTR/L,626-339-0268,,1770923450,339 E ROWLAND ST,COVINA,CA,91723,EASTVALE,RIVERSIDE,92880,high,license_number,05-31-2028,Occupational Therapist
OT,2862,MANEO BARBARA TSHABALALA,OTR,951-587-6405,,1801043526,27520 ENTERPRISE CIR W,TEMECULA,CA,92590,MORENO VALLEY,RIVERSIDE,92557,high,license_number,06-30-2027,Occupational Therapist
OT,4123,MARIANNE YOLANDA SCHENK,"OT/L, SWC",855-454-3784,,1598019291,41421 DATE ST STE 101,MURRIETA,CA,92562,LAKE ELSINORE,RIVERSIDE,92530,high,license_number,09-30-2026,Occupational Therapist
OT,6174,MARTHA GIBSON,,951-253-8563,,1295072965,3659 PEDLEY AVE,NORCO,CA,92860,NORCO,RIVERSIDE,92860,high,license_number,03-31-2027,Occupational Therapist
OT,16295,MARY ANNE CODILLA,OTR/L,951-683-7111,,1649820226,4301 CAROLINE CT,RIVERSIDE,CA,92506,JURUPA VALLEY,RIVERSIDE,91752,high,license_number,01-31-2028,Occupational Therapist
OT,399,MARY GROVES,,909-427-4075,,1568685212,9961 SIERRA AVE,FONTANA,CA,92335,MORENO VALLEY,RIVERSIDE,92557,high,license_number,01-31-2028,Occupational Therapist
OT,2383,MATT FORD,,760-630-2273,,1881130029,2000 WESTWOOD RD,VISTA,CA,92083,TEMECULA,RIVERSIDE,92592,high,license_number,07-31-2028,Occupational Therapist
OT,24523,MEGAN SHOWALTER,,714-834-1111,,1609589803,4688 ONTARIO MILLS PKWY,ONTARIO,CA,91764,CORONA,RIVERSIDE,92881,high,license_number,05-31-2028,Occupational Therapist
OT,5782,MELINDA WANG,MOT,760-340-5999,,1356645139,72201 COUNTY CLUB DRIVE,RANCHO MIRAGE,CA,92270,RANCHO MIRAGE,RIVERSIDE,92270,high,license_number,12-31-2026,Occupational Therapist
OT,18900,MELISA ESCAMILLA,OTR/L,619-692-0622,,1154802536,7840 MISSION CENTER CT,SAN DIEGO,CA,92108,TEMECULA,RIVERSIDE,92592,high,license_number,06-30-2027,Occupational Therapist
OT,9574,MELISSA ANN DIAZ,OTR/L,562-756-4395,,1780968214,5257 MAGNOLIA AVE,RIVERSIDE,CA,92506,RIVERSIDE,RIVERSIDE,92506,high,license_number,04-30-2027,Occupational Therapist
OT,8408,MELISSA CONSTANCE CRUZ,,760-552-6700,,1639057938,17800 US HIGHWAY 18,APPLE VALLEY,CA,92307,CORONA,RIVERSIDE,92882,high,license_number,02-29-2028,Occupational Therapist
OT,6739,MICHAEL DOUGLAS WHITE,otrl,818-719-3935,,1710104591,5601 DE SOTO AVE,WOODLAND HILLS,CA,91367,PALM SPRINGS,RIVERSIDE,92262,high,license_number,03-31-2027,Occupational Therapist
OT,28506,MICHELLE WATERS,,855-454-3784,,1316898950,41421 DATE ST,MURRIETA,CA,92562,MENIFEE,RIVERSIDE,92584,high,license_number,10-31-2027,Occupational Therapist
OT,17137,MILENA BARROS,,909-793-1233,,1275074072,900 SALEM DR,REDLANDS,CA,92373,HEMET,RIVERSIDE,92544,high,license_number,05-31-2027,Occupational Therapist
OT,12849,MOLLY KATHRYN PARADIS,OTR/L,760-772-2838,office@dot4kids.com,1265871438,77564 COUNTRY CLUB DR STE 340,PALM DESERT,CA,92211,LA QUINTA,RIVERSIDE,92253,high,license_number,04-30-2028,Occupational Therapist
OT,11102,MONICA VANDENMEERENDONK,"MS, OTR/L",651-253-5082,,1730700055,43703 ALCOBA DR,TEMECULA,CA,92592,TEMECULA,RIVERSIDE,92592,high,license_number,08-31-2027,Occupational Therapist
OT,19318,MONIQUE ACEVEDO,,909-988-2418,,1831934256,1420 S MILLIKEN AVE,ONTARIO,CA,91761,RIVERSIDE,RIVERSIDE,92507,high,license_number,08-31-2028,Occupational Therapist
OT,27772,NANCY BALDWIN,OT,951-723-8100,,1821988726,30141 ANTELOPE RD STE A,MENIFEE,CA,92584,LAKE ELSINORE,RIVERSIDE,92532,high,license_number,04-30-2027,Occupational Therapist
OT,2871,NANCY DAUBERT KISHINO,OT,951-653-4480,,1598847279,6177 RIVER CREST DR STE A,RIVERSIDE,CA,92507,RIVERSIDE,RIVERSIDE,92506,high,license_number,03-31-2027,Occupational Therapist
OT,16737,NASREEN JOKHIO,,951-894-4800,,1285177329,40680 CALIFORNIA OAKS RD,MURRIETA,CA,92562,MURRIETA,RIVERSIDE,92563,high,license_number,10-31-2027,Occupational Therapist
OT,22289,NATALIE NICHOLE TOMSIO,,657-242-2079,,1790200889,4688 ONTARIO MILLS PKWY,ONTARIO,CA,91764,CORONA,RIVERSIDE,92882,high,license_number,10-31-2026,Occupational Therapist
OT,29213,NICHOLAS SAINZ,"OTD, OTR/L",562-266-6622,,1376478255,1035 SILVERCREEK RD,CORONA,CA,92882,CORONA,RIVERSIDE,92882,high,license_number,05-31-2028,Occupational Therapist
OT,23112,NICOLE DOROW,OTR/L,951-556-8157,,1073082798,28991 OLD TOWN FRONT ST STE 101,TEMECULA,CA,92590,TEMECULA,RIVERSIDE,92592,high,license_number,10-31-2027,Occupational Therapist
OT,16193,NICOLE MASTERS,OTRL,951-302-0278,,1306380464,41743 ENTERPRISE CIR N,TEMECULA,CA,92590,TEMECULA,RIVERSIDE,92592,high,license_number,06-30-2028,Occupational Therapist
OT,10540,NICOLE NADINE BLIZZARD,"MS, OTR/L",909-647-7135,,1609168301,34435 MORRIS ST,BEAUMONT,CA,92223,BEAUMONT,RIVERSIDE,92223,high,license_number,05-31-2027,Occupational Therapist
OT,3501,NIMISHA RAJESH PRADHAN,"BSc OT, BSc Psych",909-983-9803,,1922335033,440 N ALLYN AVE,ONTARIO,CA,91764,CORONA,RIVERSIDE,92879,high,license_number,05-31-2027,Occupational Therapist
OT,11358,NONA QUALLS,OTR,760-729-5433,,1952618001,2111 S EL CAMINO REAL,OCEANSIDE,CA,92054,MORENO VALLEY,RIVERSIDE,92555,high,license_number,12-31-2026,Occupational Therapist
OT,29335,PAIGE MATTHEW ALEXIS BUSH,"MSOT, OTR/L",951-379-1500,,1396497020,23100 EUCALYPTUS AVE STE C,MORENO VALLEY,CA,92553,MORENO VALLEY,RIVERSIDE,92555,high,license_number,08-31-2028,Occupational Therapist
OT,22620,PATRICIA SANTOS,OTR/L,909-365-3557,,1649939778,8545 SIERRA AVE,FONTANA,CA,92335,INDIO,RIVERSIDE,92201,high,license_number,01-31-2027,Occupational Therapist
OT,6025,PAUL JAMES DIMEGLIO,"OTR/L, HTC",951-506-3001,,1013054584,29645 RANCHO CALIFORNIA RD,TEMECULA,CA,92591,MURRIETA,RIVERSIDE,92562,high,license_number,02-29-2028,Occupational Therapist
OT,4095,PHILLIP J BARMETTLER,OTR,760-340-4050,,1437378411,72880 FRED WARING DR,PALM DESERT,CA,92260,LA QUINTA,RIVERSIDE,92253,high,license_number,07-31-2027,Occupational Therapist
OT,23430,PRISCILA CRISTINA GALEV,OTR/L,951-388-1020,,1043956097,17121 GREENTREE DR,RIVERSIDE,CA,92503,RIVERSIDE,RIVERSIDE,92503,high,license_number,03-31-2028,Occupational Therapist
OT,16793,RABIH MEZHER,,714-270-5363,,1740730357,8400 EDINGER AVE APT Y108,HUNTINGTON BEACH,CA,92647,CORONA,RIVERSIDE,92883,medium,name_exact,04-30-2027,Occupational Therapist
OT,15526,RACHEL LACEY WHEELER,MOTR/L,951-922-0020,,1578285490,1151 W WILSON ST,BANNING,CA,92220,BEAUMONT,RIVERSIDE,92223,high,license_number,07-31-2027,Occupational Therapist
OT,2536,RACHELLE C BENNIE,OTR/L,909-557-1600,,1093754061,1901 W LUGONIA AVE,REDLANDS,CA,92374,BEAUMONT,RIVERSIDE,92223,high,license_number,07-31-2027,Occupational Therapist
OT,12976,RAISSA SYBYLL PISON BORRO,OTR/L,714-871-9202,,1497959498,2800 N HARBOR BLVD,FULLERTON,CA,92835,MURRIETA,RIVERSIDE,92562,high,license_number,01-31-2027,Occupational Therapist
OT,9979,RAMSY ARIEL VAN CLEAVE,OTR/L,951-249-0928,,1740428259,30358 WOODBURY CIR,MENIFEE,CA,92584,MENIFEE,RIVERSIDE,92584,high,license_number,10-31-2027,Occupational Therapist
OT,11928,REA JANE GONZALES PADUA,"OTRP, OTR/L",815-661-0343,,1871817254,249 OAK GLN,IRVINE,CA,92618,EASTVALE,RIVERSIDE,92880,high,license_number,10-31-2027,Occupational Therapist
OT,27133,REBECCA RIDDELL,MOT,951-899-0204,,1235936121,25467 MEDICAL CENTER DR STE 100,MURRIETA,CA,92562,TEMECULA,RIVERSIDE,92591,high,license_number,05-31-2028,Occupational Therapist
OT,8428,RENEE DENISE FAULKNER,"M.A, OTR/L",626-825-8551,,1740576099,14345 SALINE DR,CORONA,CA,92880,CORONA,RIVERSIDE,92880,high,license_number,02-29-2028,Occupational Therapist
OT,28656,REYNA PIEDAD MALDONADO,,951-360-4100,,1548191216,4850 PEDLEY RD,JURUPA VALLEY,CA,92509,RIVERSIDE,RIVERSIDE,92506,high,license_number,09-30-2028,Occupational Therapist
OT,23563,RHEANNE MARIE LONDONO,,919-781-4434,,1164129938,4380 AUBURN BLVD,SACRAMENTO,CA,95841,RIVERSIDE,RIVERSIDE,92508,medium,name_exact,07-31-2028,Occupational Therapist
OT,25823,ROBIN MERCADO,OTD,951-677-4105,,1477320356,24671 MONROE AVE STE 101,MURRIETA,CA,92562,MENIFEE,RIVERSIDE,92584,high,license_number,06-30-2028,Occupational Therapist
OT,3286,ROXANNE RODRIGUEZ WRIGHT,OTR/L,951-454-3048,,1447689831,930 HORATIO AVE,CORONA,CA,92882,CORONA,RIVERSIDE,92882,high,license_number,11-30-2027,Occupational Therapist
OT,9712,ROY REPUNTE,OTR/L,209-541-9775,,1396105334,100 FRENCHYS CV APT 74,CAMARILLO,CA,93012,MURRIETA,RIVERSIDE,92563,high,license_number,10-31-2026,Occupational Therapist
OT,16189,RUBI REYES,,760-574-3522,,1962983080,48037 ESTRELLA TOMAS,COACHELLA,CA,92236,MECCA,RIVERSIDE,92254,high,license_number,11-30-2027,Occupational Therapist
OT,11295,RUBY RANIGO VENTURA,OTR,808-388-7245,,1134438732,57505 WARREN WAY,YUCCA VALLEY,CA,92284,CATHEDRAL CITY,RIVERSIDE,92234,high,license_number,06-30-2027,Occupational Therapist
OT,23299,SAIMA AZHAR,,909-971-3092,,1124885116,4959 PALO VERDE ST STE 109C,MONTCLAIR,CA,91763,EASTVALE,RIVERSIDE,92880,medium,name_exact,12-31-2026,Occupational Therapist
OT,3790,SANDRA L AVINA,OT,760-409-6383,,1861256190,69472 SERENITY RD,CATHEDRAL CITY,CA,92234,INDIO,RIVERSIDE,92203,high,license_number,08-31-2028,Occupational Therapist
OT,10758,SARA JEAN WEINGARTNER,"OTR/L, MOT",916-679-3155,,1821389420,3205 HURLEY WAY,SACRAMENTO,CA,95864,TEMECULA,RIVERSIDE,92592,high,license_number,07-31-2028,Occupational Therapist
OT,27050,SARA LORELEI MACIAS,OTR/L,760-720-4580,,1235951823,2855 CARLSBAD BLVD,CARLSBAD,CA,92008,RIVERSIDE,RIVERSIDE,92516,high,license_number,11-30-2027,Occupational Therapist
OT,23000,SARAH JANET MORRIS CHAO,OTR/L,951-940-6100,,1730840620,975 MORGAN ST,PERRIS,CA,92571,WINCHESTER,RIVERSIDE,92596,high,license_number,07-31-2027,Occupational Therapist
OT,11714,SARAH JIN YUN,OT,310-315-8900,,1144763186,1245 16TH ST STE 125,SANTA MONICA,CA,90404,MURRIETA,RIVERSIDE,92562,high,license_number,07-31-2027,Occupational Therapist
OT,25964,SARAH LYNN POND,OTR/L,909-747-7898,,1548021686,814 PALM AVE,BEAUMONT,CA,92223,BEAUMONT,RIVERSIDE,92223,high,license_number,08-31-2027,Occupational Therapist
OT,16005,SAUL ELISEO MARTINEZ,,951-201-0716,,1861855603,11440 ARIZONA AVE,RIVERSIDE,CA,92503,RIVERSIDE,RIVERSIDE,92505,high,license_number,03-31-2028,Occupational Therapist
OT,8270,SHAGUFTA SANDY,,909-484-1337,,1386553709,8435 ARCHIBALD AVE,RANCHO CUCAMONGA,CA,91730,CORONA,RIVERSIDE,92882,high,license_number,05-31-2028,Occupational Therapist
OT,28213,SHANNON ELIZABETH BARBOUR,OTR/L,888-439-4088,,1780559047,75100 MEDITERRANEAN,PALM DESERT,CA,92211,INDIO,RIVERSIDE,92201,high,license_number,05-31-2027,Occupational Therapist
OT,11352,SHANNON MAREE RONVEAUX,"M.A., OTR/L",951-736-5090,,1487946059,2820 CLARK AVE,NORCO,CA,92860,RIVERSIDE,RIVERSIDE,92506,high,license_number,07-31-2028,Occupational Therapist
OT,5164,SHARON PATRICIA HORTON,OTR/L,760-641-0533,,1609386705,515 S CALLE SANTA ROSA,PALM SPRINGS,CA,92264,RANCHO MIRAGE,RIVERSIDE,92270,high,license_number,11-30-2026,Occupational Therapist
OT,27202,SHELLEY HALE,"MOT,OTR/L",909-783-1111,,1265222897,757 W REDLANDS BLVD,REDLANDS,CA,92373,BEAUMONT,RIVERSIDE,92223,high,license_number,04-30-2027,Occupational Therapist
OT,22174,SHREYA PATEL,"OTD, OTR/L",909-373-1641,,1285216010,8265 WHITE OAK AVE,RANCHO CUCAMONGA,CA,91730,EASTVALE,RIVERSIDE,92880,medium,name_exact,04-30-2027,Occupational Therapist
OT,20077,SIDNEY ANNE BAST,OTR/L,951-677-4105,,1467005413,24671 MONROE AVE STE 101,MURRIETA,CA,92562,MENIFEE,RIVERSIDE,92584,high,license_number,01-31-2028,Occupational Therapist
OT,5177,STACEY JOANNE CADDEN,,951-442-0193,,1497200356,3816 GALENA PL,PERRIS,CA,92570,PERRIS,RIVERSIDE,92570,high,license_number,08-31-2027,Occupational Therapist
OT,2002,STEFFANIE SWENSON,,097-931-0789,,1003039983,101 E REDLANDS BLVD,REDLANDS,CA,92373,BEAUMONT,RIVERSIDE,92223,high,license_number,02-29-2028,Occupational Therapist
OT,16673,STEPHANIE AMBER ROLTSCH,OTR/L,951-696-1600,,1376006692,41870 MCALBY CT,MURRIETA,CA,92562,TEMECULA,RIVERSIDE,92591,high,license_number,10-31-2027,Occupational Therapist
OT,14483,STEPHANIE LEARD,,760-772-2838,office@dot4kids.com,1700387867,77564 COUNTRY CLUB DR STE 340,PALM DESERT,CA,92211,SAN JACINTO,RIVERSIDE,92582,high,license_number,04-30-2027,Occupational Therapist
OT,5013,STEPHANIE NADINE WILKINSON,OT,951-335-6993,,1639672017,3688 NYE AVE,RIVERSIDE,CA,92505,CORONA,RIVERSIDE,92883,high,license_number,03-31-2027,Occupational Therapist
OT,12005,STEPHANIE PACIOTTI,,951-676-7693,,1104178573,27525 ENTERPRISE CIR W,TEMECULA,CA,92590,MURRIETA,RIVERSIDE,92563,high,license_number,03-31-2028,Occupational Therapist
OT,18990,STEPHANIE VARGAS,OTR/L,951-541-1742,,1841765385,41769 ENTERPRISE CIR N STE 104,TEMECULA,CA,92590,MURRIETA,RIVERSIDE,92563,high,license_number,02-28-2027,Occupational Therapist
OT,13029,SUMAIR UL REHMAN,Certified OTD,562-366-6751,,1427812577,1210 S CABERNET CIR,ANAHEIM,CA,92804,CORONA,RIVERSIDE,92882,high,license_number,07-31-2027,Occupational Therapist
OT,6263,SURIYA RATTANA,,909-471-8865,,1447674700,343 E MAIN ST,SAN JACINTO,CA,92583,HOMELAND,RIVERSIDE,92548,high,license_number,06-30-2028,Occupational Therapist
OT,5196,SUSAN MARIE HURLEY,OTR,760-369-1743,,1356494074,56299 29 PALMS HWY,YUCCA VALLEY,CA,92284,CATHEDRAL CITY,RIVERSIDE,92234,high,license_number,10-31-2026,Occupational Therapist
OT,22111,SUSANNA SOL MOON,"MSOT, OTR/L",909-586-0509,,1245811686,8282 WHITE OAK AVE STE 107,RANCHO CUCAMONGA,CA,91730,CHINO,RIVERSIDE,91710,high,license_number,01-31-2027,Occupational Therapist
OT,4467,SUZANNE MARIE KUZMINSKI,"OTR,L,CHT",951-353-4670,,1861616716,10800 MAGNOLIA AVE,RIVERSIDE,CA,92505,MURRIETA,RIVERSIDE,92562,high,license_number,07-31-2028,Occupational Therapist
OT,1248,TERRI A CHAVEZ,OT,888-988-2800,,1710185541,411 N LAKEVIEW AVE,ANAHEIM,CA,92807,RIVERSIDE,RIVERSIDE,92503,high,license_number,09-30-2028,Occupational Therapist
OT,6216,THEODORE W FEHR,O.T.,714-953-7330,,1376635326,2700 N MAIN ST STE 340,SANTA ANA,CA,92705,CORONA,RIVERSIDE,92882,high,license_number,08-31-2028,Occupational Therapist
OT,13987,TIFFANY CHI,,626-297-0183,,1659720985,757 GREENBERRY DR,LA PUENTE,CA,91744,EASTVALE,RIVERSIDE,92880,high,license_number,01-31-2028,Occupational Therapist
OT,5198,TIFFANY KNUDSEN,,951-696-1600,,1972436525,41870 MCALBY CT,MURRIETA,CA,92562,MURRIETA,RIVERSIDE,92562,high,license_number,04-30-2028,Occupational Therapist
OT,22137,TIFFANY L COLES,"OTD, OTR/L",951-901-6285,,1629454483,4620 CIRCLE LAZY J RD,RIVERSIDE,CA,92501,RIVERSIDE,RIVERSIDE,92501,medium,name_exact,11-30-2027,Occupational Therapist
OT,8043,TIFFANY LEVONNE RICHARDSON,MOTR/L,909-391-0333,,1689918930,550 N MONTEREY AVE,ONTARIO,CA,91764,RIVERSIDE,RIVERSIDE,92505,high,license_number,02-29-2028,Occupational Therapist
OT,23461,TIFFANY TRUONG,,909-799-3777,,1629755301,19314 JESSE LN STE 200,RIVERSIDE,CA,92508,RIVERSIDE,RIVERSIDE,92504,high,license_number,02-28-2027,Occupational Therapist
OT,91,TODD A MCDONALD,OTR,760-333-2999,,1538465273,3048 N BAHADA RD,PALM SPRINGS,CA,92262,PALM SPRINGS,RIVERSIDE,92262,high,license_number,08-31-2028,Occupational Therapist
OT,5187,TONYA MICHELLE COOLEY,OTR,951-353-1168,,1952695603,4274 CRESTPOINT CT,RIVERSIDE,CA,92505,RIVERSIDE,RIVERSIDE,92505,high,license_number,07-31-2027,Occupational Therapist
OT,16783,TREVOR COLLIN STOKES,,925-640-6240,,1134720287,24271 JACKSON AVE,MURRIETA,CA,92562,MURRIETA,RIVERSIDE,92563,high,license_number,11-30-2026,Occupational Therapist
OT,14590,TROY GASNER,,951-442-6347,,1477095917,26440 FIELD ST,MORENO VALLEY,CA,92555,MORENO VALLEY,RIVERSIDE,92555,high,license_number,08-31-2028,Occupational Therapist
OT,23859,VALERIE SCHLIEDER,"OTD, OTR/L",619-271-4957,,1538940473,865 ANCHORAGE PL,CHULA VISTA,CA,91914,CORONA,RIVERSIDE,92882,high,license_number,05-31-2027,Occupational Therapist
OT,4708,VINA D'SOUZA,OTR,858-966-5406,,1447733373,3020 CHILDRENS WAY # MC5068,SAN DIEGO,CA,92123,MURRIETA,RIVERSIDE,92563,high,license_number,05-31-2027,Occupational Therapist
OT,26537,VIVIAN WONG,OTR/L,909-586-0509,,1578270799,8282 WHITE OAK AVE STE 108&111,RANCHO CUCAMONGA,CA,91730,RIVERSIDE,RIVERSIDE,92507,high,license_number,03-31-2027,Occupational Therapist
OT,6711,WAYNE D CHASE,OT,951-695-5144,,1366429623,27450 YNEZ RD,TEMECULA,CA,92591,TEMECULA,RIVERSIDE,92591,high,license_number,04-30-2028,Occupational Therapist
OT,15201,WENDY KATHERYN BARRAMEDA,OTR/L,650-497-8000,,1346627114,725 WELCH RD,PALO ALTO,CA,94304,MURRIETA,RIVERSIDE,92562,high,license_number,05-31-2028,Occupational Therapist
OT,9703,WILBUR JAY BAGUIO,OT,310-328-3545,,1447528872,2291 W 205TH ST,TORRANCE,CA,90501,RIVERSIDE,RIVERSIDE,92507,high,license_number,04-30-2027,Occupational Therapist
OT,11376,XIAOMEI ZHANG,CMT,714-642-9386,,1407613094,23962 ALESSANDRO BLVD STE J,MORENO VALLEY,CA,92553,RIVERSIDE,RIVERSIDE,92508,medium,name_initial_zip,03-31-2028,Occupational Therapist
OT,20494,YI JAU KO,"MA, OTR/L",951-940-6100,,1538704127,975 WEST MORGAN ST.,PERRIS,CA,92571,RIVERSIDE,RIVERSIDE,92508,high,license_number,11-30-2026,Occupational Therapist
OT,20834,YVETTE HERNANDEZ,,951-712-5861,,1528694973,39460 BONAIRE WAY,MURRIETA,CA,92563,MURRIETA,RIVERSIDE,92563,medium,name_exact,01-31-2027,Occupational Therapist
OT,17640,ZORYANA STEPANIVNA RAMOS GOMEZ,,850-313-9371,,1851981542,1400 CIRCLE CITY DR,CORONA,CA,92879,CORONA,RIVERSIDE,92879,high,license_number,01-31-2027,Occupational Therapist
OT,26206,ZSANIELLE MONCAYO,,714-529-5022,,1689422800,500 W CENTRAL AVE,BREA,CA,92821,JURUPA VALLEY,RIVERSIDE,91752,high,license_number,10-31-2027,Occupational Therapist
OTA,6882,AARON PATRICK RODRIGUEZ,COTA,909-971-3092,,1164267886,4959 PALO VERDE ST STE 109C,MONTCLAIR,CA,91763,RIVERSIDE,RIVERSIDE,92504,high,license_number,12-31-2027,Occupational Therapy Assistant
OTA,6148,ALEXANDRA R BROOKS,COTA/L,951-899-0204,,1467269134,25467 MEDICAL CENTER DR,MURRIETA,CA,92562,TEMECULA,RIVERSIDE,92592,high,license_number,09-30-2028,Occupational Therapy Assistant
OTA,3174,AMANDA MARDIS,COTA,760-722-2838,,1760848626,77564 COUNTRY CLUB DR,PALM DESERT,CA,92211,CALIMESA,RIVERSIDE,92320,high,license_number,05-31-2028,Occupational Therapy Assistant
OTA,6027,AMY HERNANDEZ-VALERO,COTA,909-567-2661,,1669234597,301 E VANDERBILT WAY STE 100,SAN BERNARDINO,CA,92408,RIVERSIDE,RIVERSIDE,92509,high,license_number,10-31-2026,Occupational Therapy Assistant
OTA,3571,ANDRE RAFALLO PADUA,COTA/L,951-751-1760,,1083415285,7979 BYXBEE CT,EASTVALE,CA,92880,EASTVALE,RIVERSIDE,92880,high,license_number,11-30-2026,Occupational Therapy Assistant
OTA,5676,ANDREA LUA,,951-263-8172,,1053088229,11348 TOWN COUNTRY DR,RIVERSIDE,CA,92505,RIVERSIDE,RIVERSIDE,92505,high,license_number,10-31-2026,Occupational Therapy Assistant
OTA,1013,ANDREW MELBON GULTOM,COTA,909-856-6625,,1518159409,1065 DRIFTWOOD CIR,BANNING,CA,92220,BANNING,RIVERSIDE,92220,high,license_number,02-28-2027,Occupational Therapy Assistant
OTA,2876,ANGEL SMITH,,714-978-6800,,1376932012,1835 W LA VETA AVE,ORANGE,CA,92868,TEMECULA,RIVERSIDE,92591,high,license_number,03-31-2027,Occupational Therapy Assistant
OTA,6257,ANGELINA LILY RICO,"BS, COTA/L",760-646-8000,,1972264745,17800 US HIGHWAY 18,APPLE VALLEY,CA,92307,MURRIETA,RIVERSIDE,92563,high,license_number,09-30-2026,Occupational Therapy Assistant
OTA,6171,ANNAY RATCLIFF,,909-373-1641,,1326929787,418 E VANDERBILT WAY,SAN BERNARDINO,CA,92408,BEAUMONT,RIVERSIDE,92223,medium,name_exact,07-31-2027,Occupational Therapy Assistant
OTA,5721,AUGUST EDWARD QUINN,COTA/L,949-837-8000,,1164138459,24452 HEALTH CENTER DR,LAGUNA HILLS,CA,92653,RIVERSIDE,RIVERSIDE,92501,high,license_number,08-31-2028,Occupational Therapy Assistant
OTA,4797,AYN RYCCA MOSTRALES TEVES,COTA/L,323-549-0100,,1558928192,903 CRENSHAW BLVD STE 101,LOS ANGELES,CA,90019,EASTVALE,RIVERSIDE,92880,high,license_number,04-30-2028,Occupational Therapy Assistant
OTA,7202,BRENDA VERDUZCO,COTA/L,626-536-4834,,1497641369,"2641 HAMNER AVE SUITE 102, 106, 110",NORCO,CA,92860,RIVERSIDE,RIVERSIDE,92505,medium,name_exact,05-31-2028,Occupational Therapy Assistant
OTA,2300,BRITTNEY WARREN,COTA,909-446-5836,,1356878078,29402 TOURNAMENT,LAKE ELSINORE,CA,92530,RIVERSIDE,RIVERSIDE,92503,high,license_number,08-31-2027,Occupational Therapy Assistant
OTA,5701,CARINA RUIZ,COTA,760-772-2838,carinadot4kids@gmail.com,1114653615,77564 COUNTRY CLUB DR STE 401B,PALM DESERT,CA,92211,COACHELLA,RIVERSIDE,92236,high,license_number,03-31-2028,Occupational Therapy Assistant
OTA,6684,CASSANDRA MCKINNEY,COTA,805-459-8093,,1972371771,3056 RUE DORLEANS UNIT 143,SAN DIEGO,CA,92110,TEMECULA,RIVERSIDE,92591,high,license_number,11-30-2026,Occupational Therapy Assistant
OTA,4541,CATHERINE HALMI,COTA,818-788-1003,,1851866743,16500 VENTURA BLVD,ENCINO,CA,91436,WINCHESTER,RIVERSIDE,92596,high,license_number,07-31-2027,Occupational Therapy Assistant
OTA,272,CINDY WILLIAMS,,951-735-4700,,1639567506,2600 S MAIN ST,CORONA,CA,92882,CORONA,RIVERSIDE,92881,high,license_number,07-31-2028,Occupational Therapy Assistant
OTA,6037,CINTIA DE SOUZA WILLIAMS,,909-528-7710,,1356116909,1320 BURDOCK ST,BEAUMONT,CA,92223,BEAUMONT,RIVERSIDE,92223,high,license_number,09-30-2026,Occupational Therapy Assistant
OTA,5831,CLARISSA CAMBA,,619-807-4336,,1780495085,27720 JEFFERSON AVE STE 120,TEMECULA,CA,92590,MENIFEE,RIVERSIDE,92584,medium,name_exact,12-31-2027,Occupational Therapy Assistant
OTA,3011,CRYSTAL D RIVAS,COTA/L,760-955-3674,,1740970391,17800 US HIGHWAY 18,APPLE VALLEY,CA,92307,LAKE ELSINORE,RIVERSIDE,92532,high,license_number,12-31-2026,Occupational Therapy Assistant
OTA,3632,DANIELLE CARTER,COTA/L,714-871-6020,,1679093298,245 E WILSHIRE AVE,FULLERTON,CA,92832,CORONA,RIVERSIDE,92882,high,license_number,10-31-2027,Occupational Therapy Assistant
OTA,5296,DANIELLE KING,,951-595-4673,,1306435813,41760 IVY ST STE 101,MURRIETA,CA,92562,MURRIETA,RIVERSIDE,92562,high,license_number,05-31-2027,Occupational Therapy Assistant
OTA,796,DAVID JONATHAN FARR,,951-440-1125,,1063128882,24100 MONROE AVE,MURRIETA,CA,92562,HEMET,RIVERSIDE,92545,high,license_number,09-30-2028,Occupational Therapy Assistant
OTA,211,DEDRA Y LEWIS,COTA/L,760-947-4069,,1477877629,12650 SHOREWOOD LN,VICTORVILLE,CA,92392,BEAUMONT,RIVERSIDE,92223,medium,name_exact,01-31-2027,Occupational Therapy Assistant
OTA,2412,EDWIN ANGULO TORRES,OTA/L,951-652-0011,,1730577156,485 W JOHNSTON AVE,HEMET,CA,92543,MENIFEE,RIVERSIDE,92585,high,license_number,11-30-2026,Occupational Therapy Assistant
OTA,2010,EDWIN GULTOM,COTA,760-245-5361,,1316256084,16890 GREEN TREE BLVD,VICTORVILLE,CA,92395,BEAUMONT,RIVERSIDE,92223,high,license_number,06-30-2027,Occupational Therapy Assistant
OTA,3823,ELENA TOWNSEND,COTA/L,760-646-8000,,1275476806,17800 US HIGHWAY 18,APPLE VALLEY,CA,92307,TEMECULA,RIVERSIDE,92591,high,license_number,10-31-2026,Occupational Therapy Assistant
OTA,6233,ELLIE WILLIAMS,COTA/L,951-847-6780,,1639941073,40110 N PREAKNESS CT,AGUANGA,CA,92536,IDYLLWILD,RIVERSIDE,92549,high,license_number,07-31-2028,Occupational Therapy Assistant
OTA,3549,EMILY SKINNER,COTA/L,704-989-0289,,1386995629,314 SQUIRREL RIDGE WAY,DANVILLE,CA,94506,MENIFEE,RIVERSIDE,92585,high,license_number,05-31-2028,Occupational Therapy Assistant
OTA,4297,ERIKA CASTRO,,760-772-2838,,1669019063,77564 COUNTRY CLUB DR STE 340,PALM DESERT,CA,92211,INDIO,RIVERSIDE,92201,high,license_number,03-31-2027,Occupational Therapy Assistant
OTA,2332,ERIN DOHERTY,,760-772-2838,,1790141596,77564 COUNTRY CLUB DR,PALM DESERT,CA,92211,PALM DESERT,RIVERSIDE,92260,high,license_number,01-31-2027,Occupational Therapy Assistant
OTA,5997,ERIN EDWARDS,,951-257-9772,,1538079512,6370 MAGNOLIA AVE STE 200,RIVERSIDE,CA,92506,CORONA,RIVERSIDE,92881,medium,name_exact,09-30-2026,Occupational Therapy Assistant
OTA,3202,ERNESTO GARCIA,COTA/L,714-821-7310,,1285301226,141 S KNOTT AVE,ANAHEIM,CA,92804,RIVERSIDE,RIVERSIDE,92503,high,license_number,08-31-2028,Occupational Therapy Assistant
OTA,6985,EVANGELINA SOSA,,760-772-2838,,1992527923,77564 COUNTRY CLUB DR STE 401B,PALM DESERT,CA,92211,INDIO,RIVERSIDE,92201,high,license_number,09-30-2027,Occupational Therapy Assistant
OTA,4160,FRANCES CHRISTINE CANTOS LAZA,,909-877-1361,flaza1@student.rccd.edu,1679119648,1471 S RIVERSIDE AVE,RIALTO,CA,92376,RIVERSIDE,RIVERSIDE,92501,high,license_number,01-31-2027,Occupational Therapy Assistant
OTA,5249,GARYSON SMITH,,951-232-3270,,1487481354,30010 WHEMBLY CIR,MENIFEE,CA,92584,MENIFEE,RIVERSIDE,92584,high,license_number,09-30-2027,Occupational Therapy Assistant
OTA,1433,GERARDO ROSAS,,951-840-1618,,1316356876,3419 HOLDING ST,RIVERSIDE,CA,92501,WILLOWS,RIVERSIDE,95988,high,license_number,07-31-2028,Occupational Therapy Assistant
OTA,2005,HERBERT TEZENO,"OTA, BSW, MSW",951-409-8856,,1568009421,41197 GOLDEN GATE CIR STE 201,MURRIETA,CA,92562,LAKE ELSINORE,RIVERSIDE,92532,high,license_number,03-31-2028,Occupational Therapy Assistant
OTA,3534,HUMBERTO FLORES,COTA,714-978-6800,,1679026819,1835 W LA VETA AVE,ORANGE,CA,92868,MURRIETA,RIVERSIDE,92562,high,license_number,07-31-2028,Occupational Therapy Assistant
OTA,6077,IMANI BROWN,,760-772-2838,office@dot4kids.com,1295446847,77564 COUNTRY CLUB DR STE 401B,PALM DESERT,CA,92211,LA QUINTA,RIVERSIDE,92253,high,license_number,09-30-2026,Occupational Therapy Assistant
OTA,636,JAMES LEE STACEY,COTA,916-564-5010,,1346596913,1337 HOWE AVE STE 107,SACRAMENTO,CA,95825,TEMECULA,RIVERSIDE,92592,high,license_number,06-30-2028,Occupational Therapy Assistant
OTA,514,JANA DALENE HOLMGREN,,909-648-5814,,1134512023,29157 SIERRA GOLD CIR,MENIFEE,CA,92584,MENIFEE,RIVERSIDE,92584,high,license_number,09-30-2028,Occupational Therapy Assistant
OTA,7145,JAZMIN VELAZQUEZ,,323-557-6234,,1912893587,7411 KINGSLEY WAY,RIVERSIDE,CA,92504,RIVERSIDE,RIVERSIDE,92504,high,license_number,08-31-2028,Occupational Therapy Assistant
OTA,6333,JENIFER RAPKIN,,760-772-2838,,1235827650,77564 COUNTRY CLUB DR STE 401B,PALM DESERT,CA,92211,LA QUINTA,RIVERSIDE,92253,high,license_number,06-30-2028,Occupational Therapy Assistant
OTA,3660,JENNIFER ESCAMILLA,,951-733-3061,jen040586@hotmail.com,1992347199,4424 CAPRI CIR,NORCO,CA,92860,NORCO,RIVERSIDE,92860,high,license_number,04-30-2028,Occupational Therapy Assistant
OTA,1879,JENNIFER MILLER,COTA/L,951-683-5193,,1023423522,4164 BROCKTON AVE,RIVERSIDE,CA,92501,RIVERSIDE,RIVERSIDE,92506,high,license_number,04-30-2027,Occupational Therapy Assistant
OTA,5295,JESSICA L PEREZ,OTA5295,951-783-6382,,1770342479,741 5TH ST,NORCO,CA,92860,NORCO,RIVERSIDE,92860,high,license_number,09-30-2028,Occupational Therapy Assistant
OTA,2027,JESSICA SUSANA BECERRIL,COTA/L,714-965-2324,,1952613291,18350 MOUNT LANGLEY ST,FOUNTAIN VALLEY,CA,92708,CORONA,RIVERSIDE,92880,high,license_number,08-31-2028,Occupational Therapy Assistant
OTA,2710,JESUS VARGAS,,951-688-4321,,1851287635,8133 MAGNOLIA AVE,RIVERSIDE,CA,92504,CORONA,RIVERSIDE,92879,high,license_number,01-31-2027,Occupational Therapy Assistant
OTA,2354,JODI DUNCKEL,,951-925-2571,,1497109391,1350 E DEVONSHIRE AVE,HEMET,CA,92544,HEMET,RIVERSIDE,92544,high,license_number,06-30-2028,Occupational Therapy Assistant
OTA,4013,JODI SEGUIN,,951-515-1691,,1629951058,9025 COLORADO AVE,RIVERSIDE,CA,92503,CORONA,RIVERSIDE,92881,medium,name_exact,05-31-2028,Occupational Therapy Assistant
OTA,2521,JULIA MARS,COTA/L,909-362-7220,,1346832508,28991 OLD TOWN FRONT ST STE 101,TEMECULA,CA,92590,WINCHESTER,RIVERSIDE,92596,high,license_number,05-31-2027,Occupational Therapy Assistant
OTA,1202,KAREN KAKAREKA,COTA/L,760-340-0053,,1710752332,39950 VISTA DEL SOL,RANCHO MIRAGE,CA,92270,INDIO,RIVERSIDE,92203,high,license_number,02-28-2027,Occupational Therapy Assistant
OTA,5395,KARIANNE LINDSEY MAJER,COTA/L,951-779-1966,,1043889579,6800 BROCKTON AVE,RIVERSIDE,CA,92506,MURRIETA,RIVERSIDE,92563,high,license_number,02-29-2028,Occupational Therapy Assistant
OTA,3902,KATHERINE KARAS,COTA,760-837-0033,,1417532300,41555 COOK ST STE 130,PALM DESERT,CA,92211,SAN JACINTO,RIVERSIDE,92582,high,license_number,08-31-2028,Occupational Therapy Assistant
OTA,3728,KATIE TORRECILLAS,,714-870-6116,,1508707134,233 ORANGEFAIR MALL,FULLERTON,CA,92832,PERRIS,RIVERSIDE,92571,medium,name_exact,01-31-2027,Occupational Therapy Assistant
OTA,5035,KEENYA BURRIES,,909-586-0509,,1356971659,8282 WHITE OAK AVE STE 107,RANCHO CUCAMONGA,CA,91730,MENIFEE,RIVERSIDE,92584,medium,name_exact,05-31-2028,Occupational Therapy Assistant
OTA,4457,KHALILA S ILAGAN,COTA/LVN,951-623-2435,,1710536313,1034 CORDOZO ST,PERRIS,CA,92571,PERRIS,RIVERSIDE,92571,high,license_number,10-31-2026,Occupational Therapy Assistant
OTA,6643,KIANI LEANN STURKEY,,713-741-5800,,1003451741,2900 WOODRIDGE DR STE 300,HOUSTON,TX,77087,MORENO VALLEY,RIVERSIDE,92557,medium,name_exact,02-29-2028,Occupational Therapy Assistant
OTA,3515,KIMBERLY M RICHARDS,,951-807-0531,,1780448787,28403 KEATON DR,MORENO VALLEY,CA,92555,MORENO VALLEY,RIVERSIDE,92555,high,license_number,12-31-2026,Occupational Therapy Assistant
OTA,1435,LAUREN RIDGWAY,,714-474-1485,,1093205577,65226 SOJOURN TRL,MONTROSE,CO,81403,MURRIETA,RIVERSIDE,92562,high,license_number,01-31-2027,Occupational Therapy Assistant
OTA,882,LORI LYNN GUMESCHEIMER,224Z00000X,909-373-1641,,1679452122,8265 WHITE OAK AVE,RANCHO CUCAMONGA,CA,91730,MURRIETA,RIVERSIDE,92562,high,license_number,09-30-2026,Occupational Therapy Assistant
OTA,1848,LUIGI GIACINTO MEGLIO,COTA,800-949-4001,,1295970572,41505 CARLOTTA DR,PALM DESERT,CA,92211,LA QUINTA,RIVERSIDE,92253,high,license_number,12-31-2026,Occupational Therapy Assistant
OTA,5945,MADDISON R COX,,951-855-2828,,1942979406,1232 E JARDIN DR,CASA GRANDE,AZ,85122,ANZA,RIVERSIDE,92539,medium,name_exact,03-31-2027,Occupational Therapy Assistant
OTA,3129,MARIA DIANA MINA,,951-445-3634,,1306224183,32443 ROMAN WARREN WAY,WINCHESTER,CA,92596,WINCHESTER,RIVERSIDE,92596,high,license_number,11-30-2027,Occupational Therapy Assistant
OTA,5537,MARIE REBECCA HOFMANN,COTA/L,857-325-4496,,1376200485,75100 MEDITERRANEAN,PALM DESERT,CA,92211,PALM SPRINGS,RIVERSIDE,92262,high,license_number,03-31-2027,Occupational Therapy Assistant
OTA,2380,MARYANN SUE MATESZ,,714-403-3261,,1699475764,28055 AVENIDA LA PAZ APT 3,CATHEDRAL CITY,CA,92234,CATHEDRAL CITY,RIVERSIDE,92234,high,license_number,05-31-2027,Occupational Therapy Assistant
OTA,1381,MATTHEW REGAN,COTA,323-810-4541,,1871981274,1131 N VISTA ST,WEST HOLLYWOOD,CA,90046,PALM SPRINGS,RIVERSIDE,92262,high,license_number,01-31-2027,Occupational Therapy Assistant
OTA,5795,MEGAN NICOLE HODGES,,951-837-3428,,1326704255,27203 MERIDIAN ST,HEMET,CA,92544,HEMET,RIVERSIDE,92544,high,license_number,07-31-2028,Occupational Therapy Assistant
OTA,5198,MELISSA CHALONGWONGSE,,909-833-1099,,1720609340,1655 E 6TH ST # 204,CORONA,CA,92879,MORENO VALLEY,RIVERSIDE,92555,high,license_number,12-31-2026,Occupational Therapy Assistant
OTA,3051,MICHAEL SCOT JOHNSON,,920-740-7920,,1225435779,1210 A ST,ANTIOCH,CA,94509,CORONA,RIVERSIDE,92879,medium,name_exact,08-31-2027,Occupational Therapy Assistant
OTA,6328,MICHELLE VILLA PRECIADO,COTA/L,760-646-8000,,1326982927,17800 CA-18 W HIGHWAY,APPLE VALLEY,CA,92307,MENIFEE,RIVERSIDE,92587,high,license_number,03-31-2028,Occupational Therapy Assistant
OTA,7004,MISAEL GALLEGOS,COTA/L,760-991-3020,,1225853146,18270 SISKIYOU RD # B,APPLE VALLEY,CA,92307,HOMELAND,RIVERSIDE,92548,high,license_number,01-31-2028,Occupational Therapy Assistant
OTA,3611,MONICA GOMEZ,COTA,951-736-4700,,1336755529,2600 S MAIN ST,CORONA,CA,92882,CORONA,RIVERSIDE,92882,medium,name_exact,08-31-2027,Occupational Therapy Assistant
OTA,4907,NOEL DELGADO,,714-390-3432,,1740832583,3806 W VALENCIA DR APT I,FULLERTON,CA,92833,CORONA,RIVERSIDE,92879,high,license_number,02-28-2027,Occupational Therapy Assistant
OTA,3895,NORMAN FERNANDEZ,COTA/L,603-717-2558,,1033753413,17358 SANDLEWOOD DR,RIVERSIDE,CA,92503,RIVERSIDE,RIVERSIDE,92503,high,license_number,08-31-2028,Occupational Therapy Assistant
OTA,5122,PHYLICIA TALLEY,,951-587-6973,,1225722283,1582 W SAN MARCOS BLVD,SAN MARCOS,CA,92078,TEMECULA,RIVERSIDE,92592,medium,name_exact,02-29-2028,Occupational Therapy Assistant
OTA,3627,RACHEL L TEARS,,467-395-1595,,1154160067,41760 IVY ST STE 101,MURRIETA,CA,92562,CANYON LAKE,RIVERSIDE,92587,high,license_number,01-31-2027,Occupational Therapy Assistant
OTA,5088,REGULUS V LAGARE,,310-782-5317,,1427754902,27343 CHASE RD,MENIFEE,CA,92584,MENIFEE,RIVERSIDE,92584,medium,name_exact,10-31-2027,Occupational Therapy Assistant
OTA,6131,REINALD CHRIS DIMZON,COTA/L,951-306-9776,,1215738158,2176 LAVENDER CT,SAN JACINTO,CA,92582,HEMET,RIVERSIDE,92544,high,license_number,08-31-2028,Occupational Therapy Assistant
OTA,662,ROBIN MICHELE HERNANDEZ,OTA/L,951-658-9441,,1699903658,275 N SAN JACINTO ST,HEMET,CA,92543,MENIFEE,RIVERSIDE,92584,high,license_number,10-31-2026,Occupational Therapy Assistant
OTA,2146,RODOLFO SANCHEZ,,562-623-8552,,1477941656,1729 NORMANDY PL UNIT A,SANTA ANA,CA,92705,CORONA,RIVERSIDE,92878,high,license_number,02-29-2028,Occupational Therapy Assistant
OTA,4532,RUBY BALUYOT,,951-600-4640,,1932800182,24100 MONROE AVE,MURRIETA,CA,92562,LAKE ELSINORE,RIVERSIDE,92532,high,license_number,03-31-2028,Occupational Therapy Assistant
OTA,4158,SANDRA SUNGMI LEE,COTA/L,714-529-5022,,1255843793,500 W CENTRAL AVE STE B,BREA,CA,92821,EASTVALE,RIVERSIDE,92880,high,license_number,12-31-2026,Occupational Therapy Assistant
OTA,5777,SARA GIRGIS,COTA,951-303-8255,OFFICE@TEMECULATHERAPY.COM,1821767906,41769 ENTERPRISE CIR N STE 104,TEMECULA,CA,92590,CORONA,RIVERSIDE,92883,medium,name_exact,07-31-2028,Occupational Therapy Assistant
OTA,3031,SARA ROSE ESTRADA,,909-373-1641,,1912885252,418 E VANDERBILT WAY,SAN BERNARDINO,CA,92408,PERRIS,RIVERSIDE,92571,high,license_number,10-31-2026,Occupational Therapy Assistant
OTA,5005,SAUL ABAREA,,714-530-6322,,1578474367,13075 BLACKBIRD ST,GARDEN GROVE,CA,92843,RIVERSIDE,RIVERSIDE,92503,high,license_number,04-30-2027,Occupational Therapy Assistant
OTA,6228,SHELBY VANDEREB,COTA/L,951-719-7586,,1285315762,32881 PATERNO ST,TEMECULA,CA,92592,TEMECULA,RIVERSIDE,92592,high,license_number,07-31-2027,Occupational Therapy Assistant
OTA,1057,SHERI M KOCH,Certificate licence,951-488-0404,,1073852554,11650 PERRIS BLVD,MORENO VALLEY,CA,92557,MURRIETA,RIVERSIDE,92562,high,license_number,12-31-2027,Occupational Therapy Assistant
OTA,7006,SOCORRO RAMOS,,951-587-6973,,1871315127,6370 MAGNOLIA AVE STE 200,RIVERSIDE,CA,92506,RIVERSIDE,RIVERSIDE,92505,medium,name_exact,08-31-2027,Occupational Therapy Assistant
OTA,3636,STEPHENIE LAKTASH,COTA/L,951-416-1200,,1033562376,4850 PEDLEY RD,JURUPA VALLEY,CA,92509,CORONA,RIVERSIDE,92882,medium,name_exact,10-31-2027,Occupational Therapy Assistant
OTA,4751,SUSANA ACOSTA,COTA/L,951-315-9742,,1093365587,303 MILDRED ST,PERRIS,CA,92571,PERRIS,RIVERSIDE,92571,high,license_number,10-31-2026,Occupational Therapy Assistant
OTA,3508,T'KARA LYNEES MCKINNEY,COTA/L,949-498-5100,,1821547779,1120 VIA CALLEJON,SAN CLEMENTE,CA,92673,PERRIS,RIVERSIDE,92571,high,license_number,09-30-2027,Occupational Therapy Assistant
OTA,5358,TALIA M BENTIVENGO,COTA,951-556-8157,info@carricopediatrictherapy.com,1013520725,28991 OLD TOWN FRONT ST STE 101,TEMECULA,CA,92590,MENIFEE,RIVERSIDE,92584,high,license_number,11-30-2027,Occupational Therapy Assistant
OTA,5040,THERESE A PEREZ,,310-553-2695,,1649092917,1968 W ADAMS BLVD,LOS ANGELES,CA,90018,PALM SPRINGS,RIVERSIDE,92262,high,license_number,08-31-2028,Occupational Therapy Assistant
OTA,4319,THUBELIHLE SENAMILE MBATHA,COTA,714-261-3229,,1336877752,1612 WASHINGTON AVE,SAN JACINTO,CA,92583,SAN JACINTO,RIVERSIDE,92583,medium,name_exact,05-31-2027,Occupational Therapy Assistant
OTA,849,TIMOTHY MIDDICK,,760-323-2638,,1881136380,2990 E RAMON RD,PALM SPRINGS,CA,92264,PALM SPRINGS,RIVERSIDE,92264,high,license_number,03-31-2027,Occupational Therapy Assistant
OTA,4333,TRAVIS MICHAEL DIAZ,,951-326-5648,,1699273235,42501 RIVERA DR,TEMECULA,CA,92592,MURRIETA,RIVERSIDE,92563,medium,name_exact,07-31-2027,Occupational Therapy Assistant
OTA,3175,TRUONG DANH,OTA,951-333-1208,,1609406693,1421 HERMOSA DR,CORONA,CA,92879,CORONA,RIVERSIDE,92879,high,license_number,09-30-2026,Occupational Therapy Assistant
OTA,1651,YVETTE AQUINO LUNA,"ota, rn",213-865-5232,,1306116991,20118 AVERY CIR,CERRITOS,CA,90703,PERRIS,RIVERSIDE,92571,high,license_number,09-30-2027,Occupational Therapy Assistant
PT,295120,AARON ALEXANDER ATKINS,"P.T., D.P.T.",951-696-7474,,1548749922,25495 MEDICAL CENTER DR STE 304,MURRIETA,CA,92562,MURRIETA,RIVERSIDE,92562,high,license_number,02-29-2028,Physical Therapist
PT,295319,AARON RUANO,DPT,760-322-5090,,1659841484,27620 LANDAU BLVD STE 3,CATHEDRAL CITY,CA,92234,CALIMESA,RIVERSIDE,92320,high,license_number,04-30-2028,Physical Therapist
PT,306075,ABANOUB BESHIR,,951-221-3250,,1922848241,23623 SUNNYMEAD BLVD,MORENO VALLEY,CA,92553,RIVERSIDE,RIVERSIDE,92503,high,license_number,11-30-2027,Physical Therapist
PT,28280,ABDON C ANGELES,RPT,213-989-0422,,1992944532,2010 WILSHIRE BLVD,LOS ANGELES,CA,90057,MENIFEE,RIVERSIDE,92584,high,license_number,05-31-2027,Physical Therapist
PT,305091,ABRAHAM SANTIAGO,DPT,951-324-4291,,1750155867,4270 RIVERWALK PKWY STE 114,RIVERSIDE,CA,92505,RIVERSIDE,RIVERSIDE,92503,high,license_number,03-31-2027,Physical Therapist
PT,304466,ADAM COLTEN HERNANDEZ,DPT,951-304-1100,,1700569951,38860 SKY CANYON DR,MURRIETA,CA,92563,MENIFEE,RIVERSIDE,92584,high,license_number,06-30-2027,Physical Therapist
PT,306439,ADAM PEREZ,"DPT, PT",703-242-6460,,1053271445,2960 CHAIN BRIDGE RD STE 201,OAKTON,VA,22124,NUEVO,RIVERSIDE,92567,high,license_number,12-31-2027,Physical Therapist
PT,33154,ADINA B. ARSUA,RPT,626-447-3553,,1154537561,10786 LIVE OAK AVE,TEMPLE CITY,CA,91780,RANCHO MIRAGE,RIVERSIDE,92270,high,license_number,01-31-2028,Physical Therapist
PT,27668,AILEEN P LUO,,909-427-6995,,1376661561,9985 SIERRA AVE,FONTANA,CA,92335,CALIMESA,RIVERSIDE,92320,high,license_number,06-30-2028,Physical Therapist
PT,29336,AIMEE JOSAFAT,PT,951-436-8150,,1497109623,30660 MILKY WAY DR # X186,TEMECULA,CA,92592,TEMECULA,RIVERSIDE,92592,high,license_number,03-31-2028,Physical Therapist
PT,21044,ALAN DOUGLAS MOORE,"PT, MPT, DPT",951-297-3399,,1588084941,3400 CENTRAL AVE STE 145,RIVERSIDE,CA,92506,RIVERSIDE,RIVERSIDE,92504,high,license_number,06-30-2027,Physical Therapist
PT,25020,ALAN EDWARD MOHN,PT,760-489-6083,,1598724320,355 E GRAND AVE,ESCONDIDO,CA,92025,MENIFEE,RIVERSIDE,92584,high,license_number,10-31-2027,Physical Therapist
PT,28452,ALAN ROJO,,562-693-6011,,1164430583,12482 WASHINGTON BLVD,WHITTIER,CA,90602,CORONA,RIVERSIDE,92880,high,license_number,04-30-2027,Physical Therapist
PT,25605,ALANA CHRISTINE TUCKER,PT,951-600-2990,,1710962899,25285 MADISON AVE,MURRIETA,CA,92562,MURRIETA,RIVERSIDE,92563,high,license_number,06-30-2028,Physical Therapist
PT,297164,ALASTAIR XAVIER CHUNG,DPT,951-485-4594,,1255980371,23100 EUCALYPTUS AVE STE C,MORENO VALLEY,CA,92553,EASTVALE,RIVERSIDE,91752,high,license_number,05-31-2027,Physical Therapist
PT,293468,ALDRICH PATIMBO SITANGGANG,,951-769-0300,,1124546320,1676 E 6TH ST STE C,BEAUMONT,CA,92223,CORONA,RIVERSIDE,92879,high,license_number,06-30-2027,Physical Therapist
PT,310014,ALEC BENNETT,DPT,951-303-1414,,1336099506,32785 TEMECULA PKWY STE 110,TEMECULA,CA,92592,TEMECULA,RIVERSIDE,92592,high,license_number,10-31-2027,Physical Therapist
PT,38035,ALEX CHUJO,P.T.,760-773-2179,,1033407192,73221 HIGHWAY 111,PALM DESERT,CA,92260,LA QUINTA,RIVERSIDE,92253,high,license_number,08-31-2028,Physical Therapist
PT,293745,ALEXANDER BELKO,DPT,909-884-1500,,1508343955,1375 CAMINO REAL STE 130,SAN BERNARDINO,CA,92408,CALIMESA,RIVERSIDE,92320,high,license_number,02-28-2027,Physical Therapist
PT,298842,ALEXANDRA TUTINO,"PT, DPT",817-999-2449,,1023629193,728 LELAND PL,EL CAJON,CA,92019,PALM DESERT,RIVERSIDE,92260,medium,name_exact,08-31-2028,Physical Therapist
PT,300590,ALEXANDRIA ELIZABETH VAN ZANDT,DPT,707-303-4992,,1972273712,208 CONCOURSE BOULEVARD,SANTA ROSA,CA,95403,RIVERSIDE,RIVERSIDE,92507,medium,name_exact,11-30-2026,Physical Therapist
PT,299124,ALEXIS CHRISPENS BOYER,PT,951-340-0431,,1679175186,4211 VALLEY VIEW AVE,NORCO,CA,92860,RIVERSIDE,RIVERSIDE,92504,high,license_number,02-29-2028,Physical Therapist
PT,5800,ALINE CHAPMAN,,951-296-6676,,1972877421,40949 WINCHESTER RD,TEMECULA,CA,92591,TEMECULA,RIVERSIDE,92591,high,license_number,03-31-2028,Physical Therapist
PT,19231,ALISON LYNN BLYTHE-MERRILL,MPT,951-313-7548,,1245023423,1790 W PARK AVE STE 100,REDLANDS,CA,92373,RIVERSIDE,RIVERSIDE,92508,high,license_number,02-28-2027,Physical Therapist
PT,40602,ALISSA HOLMES,Dr. of PT,806-468-9400,,1184934986,975 MORGAN ST,PERRIS,CA,92571,WINCHESTER,RIVERSIDE,92596,high,license_number,07-31-2027,Physical Therapist
PT,305168,ALLAN ANOLIN,,951-244-8404,,1205601283,25381 RAILROAD CANYON RD STE 1101,LAKE ELSINORE,CA,92532,MURRIETA,RIVERSIDE,92562,high,license_number,09-30-2027,Physical Therapist
PT,36300,ALLAN VINCENT MONTEHERMOSO CHEUNG,PT,661-203-1884,,1295123289,32138 ELK GROVE CT,TEMECULA,CA,92592,TEMECULA,RIVERSIDE,92592,high,license_number,04-30-2027,Physical Therapist
PT,307235,ALLISON HARKER,,909-866-6200,,1013731751,41945 BIG BEAR BLVD STE 209,BIG BEAR LAKE,CA,92315,PALM DESERT,RIVERSIDE,92211,high,license_number,06-30-2028,Physical Therapist
PT,306831,ALYSSA CALLANTA,PT,951-407-9233,,1861214090,1561 E ONTARIO AVE STE 101,CORONA,CA,92881,EASTVALE,RIVERSIDE,92880,high,license_number,05-31-2028,Physical Therapist
PT,308502,AMALIA CRUZ GONZALES,"PT, DPT",951-929-9890,,1902778707,949 S STATE ST,HEMET,CA,92543,WINCHESTER,RIVERSIDE,92596,high,license_number,04-30-2027,Physical Therapist
PT,40827,AMANDA HURST,"PT, DPT, ATC",951-244-8404,,1346671856,25381 RAILROAD CANYON RD STE 1101,LAKE ELSINORE,CA,92532,MURRIETA,RIVERSIDE,92563,high,license_number,06-30-2027,Physical Therapist
PT,28403,AMANDA MARGARET AUTRAN,P.T.,909-460-4155,,1750553657,754 N MOUNTAIN AVE,ONTARIO,CA,91762,EASTVALE,RIVERSIDE,92880,high,license_number,05-31-2027,Physical Therapist
PT,301191,AMEE PRAFULCHANDRA MEHTA,RPT,951-292-4012,,1922329184,308 W 6TH ST STE 202,CORONA,CA,92882,EASTVALE,RIVERSIDE,92880,high,license_number,12-31-2026,Physical Therapist
PT,24652,AMELIA PADILLA,,707-546-0471,,1548733314,4650 HOEN AVE,SANTA ROSA,CA,95405,ERIE,RIVERSIDE,16511,high,license_number,04-30-2027,Physical Therapist
PT,294931,AMY GUILBAULT,DPT,951-672-0455,,1609360700,29650 BRADLEY RD,SUN CITY,CA,92586,MURRIETA,RIVERSIDE,92562,high,license_number,04-30-2028,Physical Therapist
PT,19240,AMY J CRAWFORD,DScPT,951-600-4640,,1780469239,24100 MONROE AVE,MURRIETA,CA,92562,MENIFEE,RIVERSIDE,92584,high,license_number,07-31-2027,Physical Therapist
PT,40959,AMY MARIE SMITH,DPT,888-859-0145,,1679872287,12655 W JEFFERSON BLVD,LOS ANGELES,CA,90066,WINCHESTER,RIVERSIDE,92596,medium,name_exact,10-31-2027,Physical Therapist
PT,306322,ANABELLE RAFANAN PACINOS-GARCIA,PT,951-652-3334,,1336977693,3989 W STETSON AVE STE 105,HEMET,CA,92545,TEMECULA,RIVERSIDE,92591,high,license_number,05-31-2028,Physical Therapist
PT,300210,ANDRE BELL,DPT,858-966-8300,,1922547538,25170 HANCOCK AVE,MURRIETA,CA,92562,MURRIETA,RIVERSIDE,92563,high,license_number,05-31-2027,Physical Therapist
PT,297611,ANDRE VINSENSIUS TRIGNO,"PT, DPT",909-390-2799,,1447898689,1101 S MILLIKEN AVE STE C,ONTARIO,CA,91761,PERRIS,RIVERSIDE,92571,high,license_number,11-30-2027,Physical Therapist
PT,295326,ANDREA NATAN,DPT,951-723-1866,,1174091011,30428 HAUN RD STE 810,MENIFEE,CA,92584,CANYON LAKE,RIVERSIDE,92587,high,license_number,09-30-2027,Physical Therapist
PT,42277,ANDREW BALANAY,PT,760-202-0368,,1487047064,35325 DATE PALM DR,CATHEDRAL CITY,CA,92234,PALM SPRINGS,RIVERSIDE,92262,high,license_number,11-30-2026,Physical Therapist
PT,306037,ANDREW GIL,DPT,760-340-4050,,1235979683,72880 FRED WARING DR STE B7,PALM DESERT,CA,92260,INDIO,RIVERSIDE,92201,high,license_number,01-31-2028,Physical Therapist
PT,294458,ANDREW VELASCO,,951-970-5358,,1881193225,42281 HAWTHORN ST,MURRIETA,CA,92562,MURRIETA,RIVERSIDE,92563,high,license_number,11-30-2027,Physical Therapist
PT,43512,ANDREW WILLIAM ATKINS,P.T.,951-303-1414,,1518332972,31515 RANCHO PUEBLO RD,TEMECULA,CA,92592,TEMECULA,RIVERSIDE,92592,high,license_number,10-31-2027,Physical Therapist
PT,29583,ANGEL R EGGLESTON,d.p.t,626-290-5208,,1427202977,1800 E AROMA DR,WEST COVINA,CA,91791,CORONA,RIVERSIDE,92882,high,license_number,09-30-2027,Physical Therapist
PT,300961,ANGEL SALVADOR RAMIREZ LOMELI,DPT,195-184-2994,,1396402012,121 ELMTREE DR,PERRIS,CA,92571,WINCHESTER,RIVERSIDE,92596,high,license_number,09-30-2027,Physical Therapist
PT,19355,ANGELA K PRESCOTT,P.T.,760-564-3414,,1619913662,78445 HIGHWAY 111,LA QUINTA,CA,92253,LA QUINTA,RIVERSIDE,92253,high,license_number,06-30-2027,Physical Therapist
PT,20018,ANGELYNN SAN AGUSTIN-MEDINA,P.T.,805-477-6464,,1609802990,888 S HILL RD,VENTURA,CA,93003,LAKE ELSINORE,RIVERSIDE,92532,high,license_number,09-30-2027,Physical Therapist
PT,20220,ANN BABCOCK,,951-653-4480,,1962599423,6177 RIVER CREST DR STE A,RIVERSIDE,CA,92507,RIVERSIDE,RIVERSIDE,92506,high,license_number,06-30-2028,Physical Therapist
PT,33634,ANN MARIE SALES VIRAY,Physical Therapist,951-801-8079,,1780419986,9499 AZUSA CT,RIVERSIDE,CA,92508,RIVERSIDE,RIVERSIDE,92508,high,license_number,11-30-2026,Physical Therapist
PT,295709,ANNA LOREN IMEL,DPT,951-894-4800,,1407323744,40680 CALIFORNIA OAKS RD STE 2A,MURRIETA,CA,92562,MURRIETA,RIVERSIDE,92562,medium,name_exact,09-30-2026,Physical Therapist
PT,299455,ANNALESE LOPEZ,PT,844-502-7996,,1275123804,27350 NICOLAS RD,TEMECULA,CA,92591,TEMECULA,RIVERSIDE,92592,high,license_number,05-31-2028,Physical Therapist
PT,29011,ANNE J HA,RPT,213-382-0088,,1174854376,2727 W OLYMPIC BLVD,LOS ANGELES,CA,90006,EASTVALE,RIVERSIDE,92880,high,license_number,11-30-2027,Physical Therapist
PT,28428,ANNE ROJO,PT,951-278-9984,,1003205675,13163 LAVONDA ST,EASTVALE,CA,92880,CORONA,RIVERSIDE,92880,high,license_number,09-30-2026,Physical Therapist
PT,37719,ANNE SF YU LORENTZEN,,714-609-1798,,1679185649,12514 BUCKSKIN TRL,POWAY,CA,92064,TEMECULA,RIVERSIDE,92592,high,license_number,05-31-2028,Physical Therapist
PT,43275,ANTOINETTE HILTON,PT,951-796-0300,,1003352568,1676 E 6TH ST,BEAUMONT,CA,92223,BEAUMONT,RIVERSIDE,92223,high,license_number,07-31-2027,Physical Therapist
PT,27868,ARISTEDES AGUIRRE SITJAR,PT,951-600-9070,,1811182660,25285 MADISON AVE,MURRIETA,CA,92562,TEMECULA,RIVERSIDE,92592,high,license_number,09-30-2028,Physical Therapist
PT,292847,ARLIN C LIBERTINO,LPT,858-514-0375,,1518146067,3760 CONVOY ST STE 204,SAN DIEGO,CA,92111,MURRIETA,RIVERSIDE,92563,high,license_number,07-31-2028,Physical Therapist
PT,28046,ASHISH NANDKISHORE BHAMBHANI,PT,909-528-1449,,1760402259,7056 ARCHIBALD ST,EASTVALE,CA,92880,EASTVALE,RIVERSIDE,92880,high,license_number,08-31-2028,Physical Therapist
PT,37374,ASHLEE GRIBBLE,DPT,951-487-9317,,1427351014,1604 S SANTA FE AVE STE 401,SAN JACINTO,CA,92583,LAKE ELSINORE,RIVERSIDE,92532,high,license_number,08-31-2028,Physical Therapist
PT,36417,ASHLEY BENZ TRINO,PT,909-428-6882,,1790088094,9161 SIERRA AVE,FONTANA,CA,92335,PALM SPRINGS,RIVERSIDE,92262,high,license_number,10-31-2027,Physical Therapist
PT,292081,ASHLEY KENNEDY,,951-961-9878,,1528829652,23615 TARARA DR,MORENO VALLEY,CA,92557,MORENO VALLEY,RIVERSIDE,92557,high,license_number,01-31-2028,Physical Therapist
PT,297141,ASHLEY SIERRA GONZALEZ,PT DPT,760-636-5207,,1467008367,69730 HIGHWAY 111 STE 100,RANCHO MIRAGE,CA,92270,RANCHO MIRAGE,RIVERSIDE,92270,high,license_number,07-31-2027,Physical Therapist
PT,15092,ATULA RAMESH KARODY,PT,951-379-1500,,1285907147,23110 ATLANTIC CIR STE D,MORENO VALLEY,CA,92553,RIVERSIDE,RIVERSIDE,92508,high,license_number,11-30-2027,Physical Therapist
PT,43410,AUDREY MONIQUE REYES SESE,PT DPT,760-810-7767,,1104379429,16008 KAMANA RD STE 200,APPLE VALLEY,CA,92307,MORENO VALLEY,RIVERSIDE,92553,high,license_number,05-31-2027,Physical Therapist
PT,29052,BALRAJ SINGH KHEHRA,P.T.,951-237-8304,,1821143264,2390 E FLORIDA AVE,HEMET,CA,92544,RIVERSIDE,RIVERSIDE,92504,medium,name_exact,01-31-2027,Physical Therapist
PT,20758,BARBARA ANN THOMAS,M.P.T.,951-218-6787,,1457455826,25125 CLINTON KEITH RD,WILDOMAR,CA,92595,WILDOMAR,RIVERSIDE,92595,high,license_number,05-31-2027,Physical Therapist
PT,19813,BARBARA L. E. DICKMAN,P.T.,951-506-3001,,1982062907,29645 RANCHO CALIFORNIA RD STE 234,TEMECULA,CA,92591,TEMECULA,RIVERSIDE,92592,high,license_number,08-31-2027,Physical Therapist
PT,10848,BARBARA LYNN FORGERON,PT,760-774-6496,,1902021603,555 TACHEVAH DR 1E #201,PALM SPRINGS,CA,92262,RANCHO MIRAGE,RIVERSIDE,92270,high,license_number,09-30-2028,Physical Therapist
PT,35763,BECKY MCQUAIN,PT,321-698-7520,,1770923781,1098 PALMVIEW AVE,EL CENTRO,CA,92243,LAKE ELSINORE,RIVERSIDE,92530,high,license_number,11-30-2026,Physical Therapist
PT,39342,BENJAMIN J FISHER,"PT, DPT",760-340-4050,,1972855385,72880 FRED WARING DR,PALM DESERT,CA,92260,BEAUMONT,RIVERSIDE,92223,high,license_number,08-31-2028,Physical Therapist
PT,32711,BERNADETTE ATIENZA,,951-600-4640,,1235845330,24100 MONROE AVE,MURRIETA,CA,92562,MENIFEE,RIVERSIDE,92584,high,license_number,07-31-2027,Physical Therapist
PT,14159,BERNADETTE WOODS,,951-275-5044,,1710181326,6529 RIVERSIDE AVE,RIVERSIDE,CA,92506,RIVERSIDE,RIVERSIDE,92504,high,license_number,07-31-2028,Physical Therapist
PT,303485,BETTYLOU DEYOUNG,"PT, DPT",951-285-3131,,1457223646,39400 MURRIETA HOT SPRINGS RD STE 122A,MURRIETA,CA,92563,MURRIETA,RIVERSIDE,92563,high,license_number,11-30-2026,Physical Therapist
PT,37695,BIJAL GIRISHKUMAR BHADIYADRA,,212-420-1970,,1881059749,465 GRAND ST,NEW YORK,NY,10002,CORONA,RIVERSIDE,92882,high,license_number,06-30-2028,Physical Therapist
PT,302898,BILLI-JO SHIRLEY,PT,951-677-7221,,1033832159,32246 CLINTON KEITH RD STE 103,WILDOMAR,CA,92595,HEMET,RIVERSIDE,92545,high,license_number,09-30-2028,Physical Therapist
PT,34612,BINOY GOVINDBHAI PATEL,"P.T.M.S.P.T., O.C.S.",951-679-8500,,1053586800,29798 HAUN RD STE 201,MENIFEE,CA,92586,TEMECULA,RIVERSIDE,92592,high,license_number,10-31-2027,Physical Therapist
PT,26569,BLAIR A BAKER,MPT,951-769-8555,,1962411199,851 E 6TH ST,BEAUMONT,CA,92223,BEAUMONT,RIVERSIDE,92223,high,license_number,04-30-2027,Physical Therapist
PT,23377,BRADY C MARTIN,P.T.,949-347-1021,,1578512950,27126 PASEO ESPADA STE 1621,SAN JUAN CAPO,CA,92675,PALM DESERT,RIVERSIDE,92211,high,license_number,04-30-2028,Physical Therapist
PT,292798,BRANDI WHITE,,951-600-2990,,1801040290,25285 MADISON AVE STE 104,MURRIETA,CA,92562,RIVERSIDE,RIVERSIDE,92501,medium,name_initial_zip,09-30-2026,Physical Therapist
PT,307328,BRANDON G MARKWELL,DPT,760-477-1350,,1245036284,1958 VIA CTR,VISTA,CA,92081,TEMECULA,RIVERSIDE,92592,high,license_number,04-30-2028,Physical Therapist
PT,292860,BRANDON ROSI,"PT, DPT, CSCS",760-345-9934,,1851832588,78078 COUNTRY CLUB DR STE 205,BERMUDA DUNES,CA,92203,LA QUINTA,RIVERSIDE,92253,high,license_number,05-31-2028,Physical Therapist
PT,306817,BRANDON STEWART,DPT,951-696-1838,,1578399697,44274 GEORGE CUSHMAN CT STE 211,TEMECULA,CA,92592,TEMECULA,RIVERSIDE,92591,high,license_number,03-31-2028,Physical Therapist
PT,30397,BRENDA RODRIGUEZ,MPT,951-660-8634,,1811066723,953 HALF MOON CT,BANNING,CA,92220,BEAUMONT,RIVERSIDE,92223,high,license_number,04-30-2027,Physical Therapist
PT,22662,BRENT HARPER,"DPT, OCS, CSCS",951-682-5661,,1902024169,4444 MAGNOLIA AVE,RIVERSIDE,CA,92501,CORONA,RIVERSIDE,92880,high,license_number,09-30-2027,Physical Therapist
PT,37413,BRIAN CHRISTOPHER BONNEY,"PT, DPT",951-723-1866,,1952604977,30141 ANTELOPE RD,MENIFEE,CA,92584,PALM DESERT,RIVERSIDE,92260,high,license_number,01-31-2028,Physical Therapist
PT,295278,BRIAN E MCFADDEN,PT,559-631-4588,,1669952388,1425 E PROSPERITY AVE,TULARE,CA,93274,PALM DESERT,RIVERSIDE,92260,high,license_number,02-29-2028,Physical Therapist
PT,18254,BRIAN JONATHAN HUDSON,PT,760-289-3010,,1548930258,46900 MONROE ST STE 304,INDIO,CA,92201,INDIO,RIVERSIDE,92201,high,license_number,11-30-2027,Physical Therapist
PT,303091,BRIAN NWAEKEKE,DPT,951-777-2178,,1821715194,1801 3RD ST,NORCO,CA,92860,CORONA,RIVERSIDE,92879,high,license_number,04-30-2028,Physical Therapist
PT,36052,BRIAN PATRICK FINCH,DPT,760-771-9054,,1982912440,47647 CALEO BAY DR STE 130,LA QUINTA,CA,92253,RANCHO MIRAGE,RIVERSIDE,92270,high,license_number,12-31-2026,Physical Therapist
PT,32518,BRIAN PAUL BLANCO,"PT, DPT",714-630-6252,,1801973540,755 N SHEPARD ST,ANAHEIM,CA,92806,CORONA,RIVERSIDE,92883,high,license_number,10-31-2027,Physical Therapist
PT,23468,BRIAN RANDELL VAUGHN,MPT,619-884-0132,,1770682692,33217 KENNEDY CT,TEMECULA,CA,92592,TEMECULA,RIVERSIDE,92592,high,license_number,01-31-2028,Physical Therapist
PT,309733,BRIANNA LYNN LEGROS THOMPSON,DPT,951-653-5291,,1750245585,21830 CACTUS AVE,RIVERSIDE,CA,92518,LAKE ELSINORE,RIVERSIDE,92532,medium,name_exact,04-30-2027,Physical Therapist
PT,43418,BRITTANY MICHELLE ELLIS,DPT,760-340-4050,,1730769720,72880 FRED WARING DR STE B7,PALM DESERT,CA,92260,PALM DESERT,RIVERSIDE,92211,high,license_number,02-28-2027,Physical Therapist
PT,37392,BRITTANY RAE FOX,DPT,951-698-7720,,1871896498,25150 HANCOCK AVE,MURRIETA,CA,92562,MURRIETA,RIVERSIDE,92562,high,license_number,09-30-2026,Physical Therapist
PT,33535,BYRON OMAR REYNOSO,D.P.T.,951-272-1400,,1164556700,1171 RAILROAD ST,CORONA,CA,92882,PERRIS,RIVERSIDE,92571,high,license_number,04-30-2028,Physical Therapist
PT,305608,CADE RONALD VINSKY,,951-417-8195,,1235993585,29920 HUNTER RD STE 102,MURRIETA,CA,92563,MURRIETA,RIVERSIDE,92562,medium,name_exact,08-31-2027,Physical Therapist
PT,296286,CAITLYN MICHELE GREEN,DPT,626-253-5784,,1679039994,35605 ABELIA ST,MURRIETA,CA,92562,MURRIETA,RIVERSIDE,92562,high,license_number,11-30-2026,Physical Therapist
PT,303029,CAITLYN NICOLE ALDUENDA,,951-858-9825,,1023754744,5475 CANYON CREST DR APT 10,RIVERSIDE,CA,92507,RIVERSIDE,RIVERSIDE,92505,medium,name_exact,10-31-2026,Physical Therapist
PT,307216,CALVIN CHUFU VANG,"PT, DPT",714-364-1313,,1457176356,16561 BOLSA CHICA ST STE 100,HUNTINGTON BEACH,CA,92649,TEMECULA,RIVERSIDE,92590,high,license_number,01-31-2028,Physical Therapist
PT,38790,CANDICE MARIE GAYLE,"PT, DPT",909-459-2500,,1417812629,950 W D ST,ONTARIO,CA,91762,RIVERSIDE,RIVERSIDE,92507,high,license_number,02-29-2028,Physical Therapist
PT,19329,CARA J DENUCCIO-MELENDEZ,MPT,951-301-0507,,1871532218,27192 SUN CITY BLVD,SUN CITY,CA,92586,MENIFEE,RIVERSIDE,92584,high,license_number,02-28-2027,Physical Therapist
PT,291382,CARLO S LUMBAD,DPT,951-296-0400,,1831545532,29377 RANCHO CALIFORNIA RD STE 100,TEMECULA,CA,92591,WINCHESTER,RIVERSIDE,92596,high,license_number,05-31-2028,Physical Therapist
PT,294027,CARLY MARIE RORER,DPT,909-810-8282,,1922692284,2548 S YOUNG CT,SAN BERNARDINO,CA,92408,SAN BERNARDINO,RIVERSIDE,92408,high,license_number,12-31-2026,Physical Therapist
PT,32508,CARMELA REYNOSO,,760-202-0368,,1598733164,35325 DATE PALM DR STE 131,CATHEDRAL CITY,CA,92234,TEMECULA,RIVERSIDE,92592,high,license_number,03-31-2027,Physical Therapist
PT,298096,CARRIE ELIZABETH PORTER,PT,951-653-4480,,1902427529,6177 RIVER CREST DR STE A,RIVERSIDE,CA,92507,RIVERSIDE,RIVERSIDE,92504,high,license_number,09-30-2027,Physical Therapist
PT,306636,CASSADIE F GEARHART,,760-699-7236,,1083440572,35023 MISSION HILLS DRIVE BLDG A,RANCHO MIRAGE,CA,92270,PALM DESERT,RIVERSIDE,92211,medium,name_exact,05-31-2028,Physical Therapist
PT,29564,CASSANDRA DANAE SANDERS-HOLLY,D.P.T,714-993-2093,,1821034091,710 GOLDEN AVE,PLACENTIA,CA,92870,NORCO,RIVERSIDE,92860,high,license_number,05-31-2028,Physical Therapist
PT,39572,CASSANDRA URGA,,909-335-5617,,1912256058,350 TERRACINA BLVD,REDLANDS,CA,92373,MORENO VALLEY,RIVERSIDE,92557,high,license_number,12-31-2027,Physical Therapist
PT,27387,CATHERINE C ANGELES,,909-370-4411,,1962164970,1350 RECHE CANYON RD,COLTON,CA,92324,CORONA,RIVERSIDE,92879,high,license_number,11-30-2027,Physical Therapist
PT,293291,CATHERINE LUONG,,951-684-6500,,1831614031,6180 BROCKTON AVE,RIVERSIDE,CA,92506,RIVERSIDE,RIVERSIDE,92508,high,license_number,03-31-2027,Physical Therapist
PT,298140,CATHERINE SANDERS,PT,951-304-7673,,1972137073,39815 ALTA MURRIETA DRIVE,MURRIETA,CA,92563,MENIFEE,RIVERSIDE,92585,high,license_number,02-29-2028,Physical Therapist
PT,308618,CESAR SAMSON RUEDA,DPT,626-506-8977,,1043190945,32819 YUCAIPA BLVD # 3,YUCAIPA,CA,92399,RIVERSIDE,RIVERSIDE,92507,high,license_number,01-31-2027,Physical Therapist
PT,297188,CHANDRA WHITAKER,DPT,833-574-2273,,1902284912,10800 MAGNOLIA AVE,RIVERSIDE,CA,92505,MORENO VALLEY,RIVERSIDE,92557,high,license_number,09-30-2028,Physical Therapist
PT,300751,CHANGCHANG ZHANG,DPT,805-222-4731,,1144981275,4960 VERDUGO WAY,CAMARILLO,CA,93012,EASTVALE,RIVERSIDE,92880,high,license_number,02-28-2027,Physical Therapist
PT,17722,CHARLES WAYNE BELLAH,P.T.,951-265-5245,,1134309057,39654 CEDARWOOD DR,MURRIETA,CA,92563,MURRIETA,RIVERSIDE,92563,high,license_number,05-31-2027,Physical Therapist
PT,291733,CHEYNE YANAGISAWA,"PT, DPT",909-735-7654,,1215591508,10431 COMMERCE ST STE A,REDLANDS,CA,92374,GRAND TERRACE,RIVERSIDE,92313,high,license_number,07-31-2028,Physical Therapist
PT,39346,CHINEDU OHAERI,DPT,321-209-2012,,1407270697,946 W. BEACH AVE,INGLEWOOD,CA,90302,MORENO VALLEY,RIVERSIDE,92556,high,license_number,03-31-2028,Physical Therapist
PT,29012,CHINITA BASSETT,PT,951-600-4640,,1306628060,24100 MONROE AVE,MURRIETA,CA,92562,MENIFEE,RIVERSIDE,92584,high,license_number,03-31-2027,Physical Therapist
PT,301089,CHINTAN MISTRY,PT,951-292-4012,,1912538489,308 W 6TH ST STE 202,CORONA,CA,92882,EASTVALE,RIVERSIDE,92880,high,license_number,03-31-2027,Physical Therapist
PT,310184,CHLOE BORELL,PT,951-696-7474,,1285565143,25136 HANCOCK AVE STE A,MURRIETA,CA,92562,TEMECULA,RIVERSIDE,92592,high,license_number,04-30-2028,Physical Therapist
PT,26674,CHRISTINA CUARESMA MERCADO,DPT,323-491-9702,,1447569868,924 MALAKOFF RD,SAN DIMAS,CA,91773,BERMUDA DUNES,RIVERSIDE,92203,high,license_number,04-30-2027,Physical Therapist
PT,36612,CHRISTINA ROBIN RESTCHACK,DPT,818-637-2127,,1457675787,500 W GLENOAKS BLVD,GLENDALE,CA,91202,TEMECULA,RIVERSIDE,92592,high,license_number,02-29-2028,Physical Therapist
PT,36487,CHRISTINA SUE PERRYMAN,MPT,951-340-3402,,1265764963,886 MAGNOLIA AVE,CORONA,CA,92879,RIVERSIDE,RIVERSIDE,92503,high,license_number,10-31-2027,Physical Therapist
PT,301630,CHRISTINE LOPEZ,"PT, DPT",951-556-8157,,1518616127,28991 OLD TOWN FRONT ST STE 101,TEMECULA,CA,92590,MURRIETA,RIVERSIDE,92563,high,license_number,10-31-2027,Physical Therapist
PT,17235,CHRISTINE MARIE EDDOW,PT DPT OCS WCS CHT,951-475-1307,,1003890229,2815 S MAIN ST,CORONA,CA,92882,CORONA,RIVERSIDE,92883,high,license_number,10-31-2026,Physical Therapist
PT,36322,CHRISTINE MATA,DPT,562-385-6244,,1043772429,7601 IMPERIAL HWY,DOWNEY,CA,90242,CORONA,RIVERSIDE,92878,high,license_number,06-30-2027,Physical Therapist
PT,310958,CHRISTINE VERRETTE,DPT,888-333-4673,,1811804560,1000 FIVEPOINT,IRVINE,CA,92618,CORONA,RIVERSIDE,92879,high,license_number,02-29-2028,Physical Therapist
PT,301833,CHRISTOPHER ALEXANDER,PT,760-775-5511,,1891413456,81880 DR CARREON BLVD STE C101,INDIO,CA,92201,INDIO,RIVERSIDE,92203,high,license_number,03-31-2028,Physical Therapist
PT,20925,CHRISTOPHER DANIEL FARRELL,PT,760-777-9701,,1619952488,79-440 CORPORATE CENTER DR,LA QUINTA,CA,92253,PALM DESERT,RIVERSIDE,92260,high,license_number,04-30-2027,Physical Therapist
PT,25342,CHRISTOPHER JOHN IVEY,"MPT,OCS",951-303-3566,,1831167311,31720 TEMECULA PKWY,TEMECULA,CA,92592,TEMECULA,RIVERSIDE,92591,high,license_number,04-30-2028,Physical Therapist
PT,293059,CHRISTOPHER MURA-SMITH,DPT,951-691-0036,,1043785348,36577 HILLTOP LN,MURRIETA,CA,92563,MURRIETA,RIVERSIDE,92563,high,license_number,03-31-2027,Physical Therapist
PT,295331,CIARA JEAN SCOTT,"PT, DPT",951-289-9454,,1285117218,4200 LATHAM ST STE C1,RIVERSIDE,CA,92501,RIVERSIDE,RIVERSIDE,92506,high,license_number,01-31-2028,Physical Therapist
PT,36106,CINDY RICAFORT BRIONES,PT,760-340-5999,,1487912408,72201 COUNTRY CLUB DR,RANCHO MIRAGE,CA,92270,INDIO,RIVERSIDE,92203,high,license_number,10-31-2027,Physical Therapist
PT,39237,CLAIRE ELISE SAVIN,PT,626-445-2400,,1841537883,50 E FOOTHILL BLVD STE 100,ARCADIA,CA,91006,MORENO VALLEY,RIVERSIDE,92553,high,license_number,03-31-2028,Physical Therapist
PT,18872,CLARICE ROACH-SMITH,PT,909-463-7820,,1245624824,10592 CHAMPAGNE RD,RANCHO CUCAMONGA,CA,91737,MENIFEE,RIVERSIDE,92585,high,license_number,10-31-2028,Physical Therapist
PT,37385,CLEMENT C OBINWANNE,,909-936-6542,,1114566965,13049 CHEJU CIR,EASTVALE,CA,92880,CORONA,RIVERSIDE,92880,high,license_number,08-31-2028,Physical Therapist
PT,23165,CLYDE FRANCIS BOISTON,"PT, OCS",951-672-0455,,1740228709,29650 BRADLEY RD,SUN CITY,CA,92586,RIVERSIDE,RIVERSIDE,92503,high,license_number,11-30-2027,Physical Therapist
PT,297046,CODY SHIMABUKURO,DPT,760-345-9934,,1346904828,78078 COUNTRY CLUB DR STE 205,BERMUDA DUNES,CA,92203,PALM DESERT,RIVERSIDE,92211,high,license_number,02-28-2027,Physical Therapist
PT,25203,COLLEEN MARIE LIAGA,"PT, OCS",951-277-7840,,1700094828,23639 BELLA VISTA RD,CORONA,CA,92883,CORONA,RIVERSIDE,92878,high,license_number,12-31-2027,Physical Therapist
PT,299605,COLLIN SMITH,,831-227-9377,,1184214322,11186 BELLAIRE ST APT 2,LOMA LINDA,CA,92354,CHERRY VALLEY,RIVERSIDE,92223,medium,name_exact,11-30-2026,Physical Therapist
PT,24419,CORY JOSEPH BERKELEY,DPT,760-771-4484,,1356325559,79440 CORPORATE CENTER DR,LA QUINTA,CA,92253,PALM DESERT,RIVERSIDE,92260,high,license_number,08-31-2027,Physical Therapist
PT,37207,COURTNEY ELLSTROM,DPT,951-370-1325,,1104120054,1620 E SECOND ST STE IANDJ,BEAUMONT,CA,92223,MENIFEE,RIVERSIDE,92585,high,license_number,03-31-2028,Physical Therapist
PT,40740,CRAIG C DAY,DPT,951-658-9000,,1386075992,235 N GILBERT ST,HEMET,CA,92543,HEMET,RIVERSIDE,92543,high,license_number,09-30-2027,Physical Therapist
PT,22597,CRISTA RAINELLE LEISKE,M.P.T.,760-775-5511,,1568477362,81557 DOCTOR CARREON BLVD,INDIO,CA,92201,LA QUINTA,RIVERSIDE,92253,high,license_number,08-31-2027,Physical Therapist
PT,36369,CRISTINA BRACAMONTE,DPT,408-252-6076,,1891023479,20823 STEVENS CREEK BLVD STE 200,CUPERTINO,CA,95014,TEMECULA,RIVERSIDE,92590,high,license_number,09-30-2027,Physical Therapist
PT,40888,CRISTINA DELA CRUZ,RPT,909-539-5137,,1003294505,26357 OKEEFE LN,MORENO VALLEY,CA,92555,RIVERSIDE,RIVERSIDE,92504,high,license_number,11-30-2027,Physical Therapist
PT,26840,CRYSTAL CORRINE ANTHONY,DPT,951-698-7720,,1316993942,25150 HANCOCK AVE STE 100,MURRIETA,CA,92562,MURRIETA,RIVERSIDE,92563,high,license_number,07-31-2027,Physical Therapist
PT,294083,CYAN AGENA,"PT, DPT",951-506-1405,,1710466008,27699 JEFFERSON AVE STE 202,TEMECULA,CA,92590,MURRIETA,RIVERSIDE,92564,medium,name_exact,01-31-2027,Physical Therapist
PT,24474,CYNTHIA MARIE YSAIS,PT,909-476-7113,,1841472743,9439 ARCHIBALD AVE STE 101,RANCHO CUCAMONGA,CA,91730,PERRIS,RIVERSIDE,92570,high,license_number,09-30-2026,Physical Therapist
PT,299273,DAJEONG NAM,DPT,909-365-3557,,1366040008,8545 SIERRA AVE,FONTANA,CA,92335,EASTVALE,RIVERSIDE,92880,high,license_number,08-31-2028,Physical Therapist
PT,30019,DAN JAMES CASTILLO RARELA,DPT,760-391-3410,,1356502322,49613 HARRISON ST STE A105,COACHELLA,CA,92236,INDIO,RIVERSIDE,92203,high,license_number,11-30-2026,Physical Therapist
PT,292885,DAN THAP,,951-781-6653,,1639602048,6180 BROCKTON AVE,RIVERSIDE,CA,92506,TEMECULA,RIVERSIDE,92592,high,license_number,08-31-2028,Physical Therapist
PT,293620,DANAE NICOLE URIBE,"PT, DPT",951-640-4771,,1669205837,26350 SANTA ANDREA ST,LOMA LINDA,CA,92354,LOMA LINDA,RIVERSIDE,92354,high,license_number,09-30-2028,Physical Therapist
PT,6595,DANIEL CHESTER KRYSZAN,PT,661-284-1984,,1538232012,23409 LYONS AVE,VALENCIA,CA,91355,PALM DESERT,RIVERSIDE,92211,high,license_number,02-29-2028,Physical Therapist
PT,299027,DANIEL ERIC RODRIGUEZ,,951-537-9994,,1003405820,865 S THOMPSON ST,HEMET,CA,92543,MURRIETA,RIVERSIDE,92563,high,license_number,12-31-2027,Physical Therapist
PT,24351,DANIEL JAMES MANGAN,MPT,951-296-0400,,1720062581,41653 MARGARITA RD,TEMECULA,CA,92591,MURRIETA,RIVERSIDE,92563,high,license_number,10-31-2026,Physical Therapist
PT,20502,DANIEL JOHN KEENAN,MPT,760-799-6017,,1043915218,76931 TRICIA LN,PALM DESERT,CA,92211,PALM DESERT,RIVERSIDE,92211,high,license_number,09-30-2028,Physical Therapist
PT,26358,DANIELLE ROWAN,PT,951-672-0455,,1508034513,29650 BRADLEY RD,MENIFEE,CA,92586,CORONA,RIVERSIDE,92882,high,license_number,04-30-2027,Physical Therapist
PT,27640,DANNY JORDAN,MPT,760-568-2894,,1609957463,42080 STATE STREET,PALM DESERT,CA,92211,PALM DESERT,RIVERSIDE,92211,high,license_number,05-31-2028,Physical Therapist
PT,297565,DAO THANH MA,,909-260-1159,,1780228718,28975 OLD TOWN FRONT ST STE 201,TEMECULA,CA,92590,MURRIETA,RIVERSIDE,92563,high,license_number,08-31-2027,Physical Therapist
PT,40866,DAPHNE FAJAYAN BANTIGUE,"B.S., DPT",909-762-4443,,1013377639,2900 BRUNSWICK CIR,CORONA,CA,92879,CORONA,RIVERSIDE,92879,high,license_number,02-28-2027,Physical Therapist
PT,26414,DARIN DAVID TRUTALLI,"M.P.T., C.S.C.S",951-658-9000,,1306954375,235 N GILBERT ST,HEMET,CA,92543,SAN JACINTO,RIVERSIDE,92583,high,license_number,03-31-2027,Physical Therapist
PT,35562,DARWIN P GUERRERO,PT,714-777-9666,,1023444734,17803 IMPERIAL HWY,YORBA LINDA,CA,92886,CORONA,RIVERSIDE,92878,high,license_number,07-31-2028,Physical Therapist
PT,29247,DAVE CONCEPCION,MPT,626-732-8351,,1518400225,1135 S SUNSET AVE STE 101,WEST COVINA,CA,91790,EASTVALE,RIVERSIDE,92880,high,license_number,02-29-2028,Physical Therapist
PT,34471,DAVID HUG,PT,619-300-8162,,1184040289,142 TRELLIS LN,IRVINE,CA,92620,LA QUINTA,RIVERSIDE,92253,high,license_number,11-30-2027,Physical Therapist
PT,308624,DAVID SANCHEZ,PT,760-775-5511,,1912883513,50225 CESAR CHAVEZ ST STE 103,COACHELLA,CA,92236,LA QUINTA,RIVERSIDE,92253,high,license_number,07-31-2027,Physical Therapist
PT,17947,DAVID TIMOTHY WILSON,DPT,626-449-9909,,1235353038,150 N HILL AVE,PASADENA,CA,91106,PALM SPRINGS,RIVERSIDE,92262,medium,name_exact,05-31-2027,Physical Therapist
PT,297815,DAVID VIZCARRA,,951-303-1414,,1922646330,31515 RANCHO PUEBLO RD STE 101,TEMECULA,CA,92592,MURRIETA,RIVERSIDE,92563,high,license_number,05-31-2027,Physical Therapist
PT,19801,DAWN ANDERSON,,760-444-0102,,1063522548,6070 AVENIDA ENCINAS,CARLSBAD,CA,92011,MENIFEE,RIVERSIDE,92584,medium,name_exact,06-30-2027,Physical Therapist
PT,23142,DEAN MARK LIAO,P.T.,949-724-0011,,1932370087,17264 RED HILL AVE,IRVINE,CA,92614,RIVERSIDE,RIVERSIDE,92503,high,license_number,08-31-2027,Physical Therapist
PT,301493,DEANA LAREW SERRANO,PT,951-781-6653,,1205193380,6180 BROCKTON AVE STE 101,RIVERSIDE,CA,92506,RIVERSIDE,RIVERSIDE,92506,high,license_number,01-31-2027,Physical Therapist
PT,22825,DEBBIE MACKENZIE,MPT,909-783-1111,,1215054457,1001 E COOLEY DR,COLTON,CA,92324,ONTARIO,RIVERSIDE,91761,high,license_number,12-31-2027,Physical Therapist
PT,12439,DEBORAH THOMPSON HURST,P.T.,760-922-8400,,1417997982,1111 W HOBSONWAY,BLYTHE,CA,92225,BLYTHE,RIVERSIDE,92226,high,license_number,02-28-2027,Physical Therapist
PT,12749,DEBRA K AGUIRRE,PT,951-789-8335,,1174962096,1137 WESTBROOK DR,RIVERSIDE,CA,92506,RIVERSIDE,RIVERSIDE,92506,high,license_number,11-30-2027,Physical Therapist
PT,302297,DELANIE FOX,PT,951-696-7474,,1861127219,25136 HANCOCK AVE STE A,MURRIETA,CA,92562,MURRIETA,RIVERSIDE,92562,high,license_number,05-31-2028,Physical Therapist
PT,29071,DELILAH RAYMUNDO,PT,951-693-5871,,1083019798,28780 SINGLE OAK DR,TEMECULA,CA,92590,MURRIETA,RIVERSIDE,92563,high,license_number,10-31-2027,Physical Therapist
PT,33165,DENISE M FRANKS,PT,909-948-1124,,1952483414,10590 TOWN CENTER DR,RANCHO CUCAMONGA,CA,91730,CORONA,RIVERSIDE,92880,high,license_number,10-31-2026,Physical Therapist
PT,300889,DENNIS JOSEPH HERNANDEZ,DPT,707-296-2500,,1467120931,434 7TH ST,EUREKA,CA,95501,CORONA,RIVERSIDE,92878,high,license_number,03-31-2027,Physical Therapist
PT,43251,DENNIS R BREESE,DPT,951-534-0605,,1669846978,6850 BROCKTON AVE,RIVERSIDE,CA,92506,HEMET,RIVERSIDE,92543,high,license_number,06-30-2027,Physical Therapist
PT,292304,DEREK PARSELL,,818-926-9057,,1013532647,31248 OAK CREST DR STE 120,WESTLAKE VILLAGE,CA,91361,BEAUMONT,RIVERSIDE,92223,high,license_number,09-30-2026,Physical Therapist
PT,299540,DERRICK ORIONDO,DPT,858-563-9758,,1720675143,3760 CONVOY ST STE 100,SAN DIEGO,CA,92111,WINCHESTER,RIVERSIDE,92596,high,license_number,04-30-2028,Physical Therapist
PT,20241,DERRICK WAYNE RABURN,PT,760-345-9934,,1831136308,78078 COUNTRY CLUB DR,BERMUDA DUNES,CA,92203,PALM SPRINGS,RIVERSIDE,92262,high,license_number,05-31-2028,Physical Therapist
PT,299713,DESIREE LYNN LYONS HOWARD,DPT,951-684-2874,,1366030975,3191 MISSION INN AVE STE B,RIVERSIDE,CA,92507,RIVERSIDE,RIVERSIDE,92506,high,license_number,04-30-2028,Physical Therapist
PT,42473,DESIREE N PABIN,DPT,951-723-1866,,1194109348,30141 ANTELOPE RD,MENIFEE,CA,92584,MENIFEE,RIVERSIDE,92585,high,license_number,08-31-2028,Physical Therapist
PT,307757,DESIREE TADWILLIAMS,"PT, DPT",310-878-2540,,1639978000,2010 WILSHIRE BLVD,SANTA MONICA,CA,90403,RIVERSIDE,RIVERSIDE,92514,high,license_number,02-28-2027,Physical Therapist
PT,37767,DEXTER TAN,PT,951-600-4640,,1790915015,24100 MONROE AVE,MURRIETA,CA,92562,MENIFEE,RIVERSIDE,92584,high,license_number,02-28-2027,Physical Therapist
PT,28244,DEXTER VILLANUEVA,RPT,626-589-1101,,1285151464,40845 ENGELMANN OAK ST.,MURRIETA,CA,92562,MURRIETA,RIVERSIDE,92562,high,license_number,07-31-2028,Physical Therapist
PT,302917,DHVANI CHAUHAN,PT,951-475-1307,,1124743026,2815 S MAIN ST STE 205,CORONA,CA,92882,EASTVALE,RIVERSIDE,92880,high,license_number,10-31-2027,Physical Therapist
PT,19576,DIANE CHRISTINE SENIOR,PT,951-696-2604,,1417163841,36485 INLAND VALLEY DRIVE,WILDOMAR,CA,92595,WILDOMAR,RIVERSIDE,92595,high,license_number,12-31-2027,Physical Therapist
PT,40279,DILYANA GANCHEVA ALY,D.P.T.,951-679-8500,,1932532488,29798 HAUN RD,MENIFEE,CA,92586,MENIFEE,RIVERSIDE,92584,high,license_number,10-31-2026,Physical Therapist
PT,26220,DIPIKA K AMIN,PT,909-382-1642,,1831960368,41175 VAN TU LN,TEMECULA,CA,92591,TEMECULA,RIVERSIDE,92591,high,license_number,09-30-2026,Physical Therapist
PT,297455,DOMENIC FOBBE FRABONI,DPT,866-960-9199,,1891337671,3916 SEPULVEDA BLVD STE 204,CULVER CITY,CA,90230,CORONA,RIVERSIDE,92882,high,license_number,10-31-2027,Physical Therapist
PT,25778,DONNA L PINEDA-FALDAS,RPT,951-310-1130,,1245473487,647 SHENANDOAH RD,CORONA,CA,92879,CORONA,RIVERSIDE,92883,high,license_number,07-31-2028,Physical Therapist
PT,29487,DONNA REMENTILLA,DPT,951-688-3636,,1124214994,9025 COLORADO AVE,RIVERSIDE,CA,92503,CORONA,RIVERSIDE,92882,high,license_number,08-31-2027,Physical Therapist
PT,36418,DONNA SAGUCIO,,909-289-4585,,1184998254,11129 RICHMONT RD,LOMA LINDA,CA,92354,CALIMESA,RIVERSIDE,92320,high,license_number,09-30-2027,Physical Therapist
PT,22194,DORIS SALINAS,M.P.T.,909-856-6615,,1679504096,2144 SHERIDAN RD,SAN BERNARDINO,CA,92407,BEAUMONT,RIVERSIDE,92223,high,license_number,12-31-2026,Physical Therapist
PT,304939,DOUGLAS STEVEN THOMPSON,"PT, DPT",714-988-8120,,1982466488,13931 CARROLL WAY STE B,TUSTIN,CA,92780,RIVERSIDE,RIVERSIDE,92503,high,license_number,01-31-2027,Physical Therapist
PT,303041,DYLAN M KRIVICKAS,DPT,951-696-7474,,1902573322,25136 HANCOCK AVE STE A,MURRIETA,CA,92562,MURRIETA,RIVERSIDE,92563,high,license_number,01-31-2028,Physical Therapist
PT,307858,DYLAN SAREM,PT,951-475-1307,,1730973546,2815 S MAIN ST STE 205,CORONA,CA,92882,CORONA,RIVERSIDE,92883,high,license_number,03-31-2027,Physical Therapist
PT,24015,EDGAR NEPOMUCENO MALBAS,P.T.,949-836-2018,,1487767653,8721 BALD EAGLE DR,EASTVALE,CA,92880,EASTVALE,RIVERSIDE,92880,high,license_number,11-30-2026,Physical Therapist
PT,22700,EDWARD KIM,MPT,909-709-7496,,1356394613,3838 SHERMAN DR,RIVERSIDE,CA,92503,RIVERSIDE,RIVERSIDE,92503,high,license_number,02-28-2027,Physical Therapist
PT,295315,ELENA LIZA RONQUILLO,DPT,760-320-8814,,1336624667,265 N EL CIELO RD STE A-101,PALM SPRINGS,CA,92262,BEAUMONT,RIVERSIDE,92223,high,license_number,07-31-2028,Physical Therapist
PT,29994,ELENA RACATAIAN,PT,951-653-4480,,1831271535,6177 RIVER CREST DR STE A,RIVERSIDE,CA,92507,RIVERSIDE,RIVERSIDE,92508,high,license_number,03-31-2028,Physical Therapist
PT,39855,ELIANE CHAN,,760-746-2500,,1043804974,100 HOLLAND GLN,ESCONDIDO,CA,92026,MURRIETA,RIVERSIDE,92563,high,license_number,04-30-2028,Physical Therapist
PT,28284,ELIJAH JERAE BISHOP,PT MPT OCS,760-459-0003,,1710902051,3700 E TACHEVAH DR STE 107,PALM SPRINGS,CA,92262,BERMUDA DUNES,RIVERSIDE,92203,high,license_number,10-31-2026,Physical Therapist
PT,15703,ELINA GONZALEZ,PT,951-653-4480,,1992887673,6177 RIVER CREST DR,RIVERSIDE,CA,92507,RIVERSIDE,RIVERSIDE,92508,high,license_number,05-31-2028,Physical Therapist
PT,305489,ELISHA MARIE LISATH,"PT, DPT",951-304-7673,,1013778471,39815 ALTA MURRIETA DR STE C1,MURRIETA,CA,92563,MURRIETA,RIVERSIDE,92562,high,license_number,12-31-2027,Physical Therapist
PT,26379,ELIZA M ZAMORA-RADA,P.T.,909-996-3472,,1295801314,1239 RIVIERA DR,CALIMESA,CA,92320,CALIMESA,RIVERSIDE,92320,high,license_number,05-31-2027,Physical Therapist
PT,21503,ELIZABETH ANN LOGUE,P.T.,657-464-9628,,1962539809,121 19TH ST APT 15,HUNTINGTON BEACH,CA,92648,INDIO,RIVERSIDE,92203,high,license_number,12-31-2027,Physical Therapist
PT,302335,ELLIE SENGPHRACHANH,DPT,951-316-6260,,1811675408,2372 TALBOT CIR,CORONA,CA,92882,CORONA,RIVERSIDE,92882,high,license_number,03-31-2028,Physical Therapist
PT,25573,EMILE IGNATIUS YACOUB,DPT OCS CSCS,951-735-6060,,1285645606,341 MAGNOLIA AVE,CORONA,CA,92879,CORONA,RIVERSIDE,92879,high,license_number,03-31-2028,Physical Therapist
PT,16009,EMILY GEE,"DPT, OCS",720-497-6666,,1326528274,14190 ORCHARD PKWY STE 250,WESTMINSTER,CO,80023,LA QUINTA,RIVERSIDE,92253,high,license_number,10-31-2026,Physical Therapist
PT,33150,EMILY RACHEL LEE,PT DPT,951-290-7145,,1679658819,29791 HAUN RD STE 102,MENIFEE,CA,92586,MENIFEE,RIVERSIDE,92584,high,license_number,11-30-2027,Physical Therapist
PT,301062,EMILY RODRIGUEZ,,951-600-9070,,1104591510,25115 MADISON AVE,MURRIETA,CA,92562,MURRIETA,RIVERSIDE,92564,high,license_number,07-31-2027,Physical Therapist
PT,303179,ENNIS KHALEQ,PT,714-605-3698,,1073325437,64870 LA COSTA CT,DESERT HOT SPRINGS,CA,92240,DESERT HOT SPRINGS,RIVERSIDE,92240,high,license_number,11-30-2026,Physical Therapist
PT,40785,ENRIQUE J LOPEZ,DPT,951-534-0600,,1205267739,6850 BROCKTON AVE,RIVERSIDE,CA,92506,RIVERSIDE,RIVERSIDE,92504,high,license_number,10-31-2027,Physical Therapist
PT,33158,ERIC LUCAS FEARING,DPT,951-672-0455,,1235229907,29650 BRADLEY RD,SUN CITY,CA,92586,TEMECULA,RIVERSIDE,92592,high,license_number,05-31-2028,Physical Therapist
PT,42056,ERICK PLATON,DPT,909-800-7510,,1841570785,68681 CALLE PRADO,CATHEDRAL CITY,CA,92234,CATHEDRAL CITY,RIVERSIDE,92234,medium,name_exact,05-31-2028,Physical Therapist
PT,22669,ERIK RICHARD SALLEY,PT DPT MA OCS CMDT,951-329-3928,,1356325542,3505 MADISON ST STE 102,RIVERSIDE,CA,92504,RIVERSIDE,RIVERSIDE,92506,high,license_number,05-31-2027,Physical Therapist
PT,295616,ERIKA ROTHFELD,,951-417-8195,,1265907786,29992 HUNTER RD,MURRIETA,CA,92563,HEMET,RIVERSIDE,92543,high,license_number,08-31-2028,Physical Therapist
PT,34482,ERIN ANN WILLIAMS,RPT,310-606-5664,,1821260365,840 APOLLO ST,EL SEGUNDO,CA,90245,TEMECULA,RIVERSIDE,92591,high,license_number,03-31-2027,Physical Therapist
PT,291697,ERIN C SKRETTINGLAND,DPT,951-698-7720,,1457805293,25150 HANCOCK AVE,MURRIETA,CA,92562,MURRIETA,RIVERSIDE,92562,high,license_number,08-31-2027,Physical Therapist
PT,22183,ERIN WHITAKER,P.T.,858-521-2265,,1306036728,16950 VIA TAZON,SAN DIEGO,CA,92127,TEMECULA,RIVERSIDE,92592,high,license_number,04-30-2028,Physical Therapist
PT,306368,ERNESTO MONTOYA,PTLA,760-347-6195,,1811744899,81557 DR CARREON BLVD STE C4,INDIO,CA,92201,INDIO,RIVERSIDE,92201,medium,name_exact,09-30-2027,Physical Therapist
PT,304261,ERNESTO SOLIS,DPT,951-304-7673,,1417630682,31749 TEMECULA PKWY,TEMECULA,CA,92592,WILDOMAR,RIVERSIDE,92595,high,license_number,01-31-2027,Physical Therapist
PT,299598,FARHA SAMAAN,DPT,562-492-6870,farha@kwellness.com,1821686551,701 E 28TH ST STE 111,LONG BEACH,CA,90806,MURRIETA,RIVERSIDE,92562,high,license_number,10-31-2026,Physical Therapist
PT,39722,FARIS ALSHAMMARI,,909-233-3220,,1508287905,25065 MOUND ST,LOMA LINDA,CA,92354,BEAUMONT,RIVERSIDE,92223,high,license_number,10-31-2026,Physical Therapist
PT,35484,FASIA RAMIREZ,,714-396-0799,,1477100162,35510 SCHUBER LN,TEMECULA,CA,92592,TEMECULA,RIVERSIDE,92592,high,license_number,01-31-2027,Physical Therapist
PT,25809,FELIX PELARADA OLARITA,Physical Therapist,951-764-9654,,1881164408,41255 CREST DRIVE,HEMET,CA,92544,HEMET,RIVERSIDE,92544,high,license_number,05-31-2028,Physical Therapist
PT,294459,FRANK K VELTRI,"PT, DPT",619-501-9037,,1336648914,4635 MISSION GORGE PL STE B,SAN DIEGO,CA,92120,MURRIETA,RIVERSIDE,92563,high,license_number,10-31-2027,Physical Therapist
PT,14299,FRANK WARREN GUSTAFSON,RPT,760-200-3322,,1689746125,45240 CLUB DRIVE,INDIAN WELLS,CA,92210,PALM DESERT,RIVERSIDE,92211,high,license_number,06-30-2027,Physical Therapist
PT,297729,FUAD AL-DABBAK,PT,909-528-8288,,1366229585,11741 GILMORE ST,BEAUMONT,CA,92223,BEAUMONT,RIVERSIDE,92223,high,license_number,08-31-2027,Physical Therapist
PT,17520,GABRIELLA L CHARLES,PT,951-698-7720,,1518936640,25150 HANCOCK AVE,MURRIETA,CA,92562,RIVERSIDE,RIVERSIDE,92501,high,license_number,09-30-2026,Physical Therapist
PT,38835,GARDENEL CAPILI,,702-513-3694,,1427425925,31534 BOREGA RD,MURRIETA,CA,92563,MURRIETA,RIVERSIDE,92563,high,license_number,07-31-2027,Physical Therapist
PT,298198,GARRETT ARTHUR KULJIAN,DPT,951-696-7474,,1033743893,25495 MEDICAL CENTER DR STE 304,MURRIETA,CA,92562,TEMECULA,RIVERSIDE,92591,high,license_number,04-30-2027,Physical Therapist
PT,14720,GARY C COLEMAN,P.T.,310-543-4655,,1114013802,3878 WEST CARSON STREET,TORRANCE,CA,90503,MENIFEE,RIVERSIDE,92585,medium,name_exact,02-28-2027,Physical Therapist
PT,14232,GARY FRANCIS GRIFFIN,PT,951-696-2604,,1194931071,25500 MEDICAL CENTER DR,MURRIETA,CA,92562,MENIFEE,RIVERSIDE,92584,high,license_number,07-31-2028,Physical Therapist
PT,35701,GARY LEE ANGELES,,951-735-8792,,1871801050,793 PATRICK CT,CORONA,CA,92879,CORONA,RIVERSIDE,92879,high,license_number,11-30-2026,Physical Therapist
PT,308692,GAVIN R FERGUSON,PT,760-636-5207,,1710864053,69730 HIGHWAY 111 STE 100,RANCHO MIRAGE,CA,92270,INDIO,RIVERSIDE,92203,high,license_number,01-31-2027,Physical Therapist
PT,29898,GEL ARSUA,PT,760-340-5999,,1245446657,72201 COUNTRY CLUB DR,RANCHO MIRAGE,CA,92270,RANCHO MIRAGE,RIVERSIDE,92270,high,license_number,08-31-2028,Physical Therapist
PT,307963,GENE ALLEN MAKOVSKY,PT,760-778-7150,,1902696594,1090 N PALM CANYON DR STE D,PALM SPRINGS,CA,92262,BEAUMONT,RIVERSIDE,92223,high,license_number,07-31-2028,Physical Therapist
PT,27407,GEOFFREY MICHAEL KANDES,D.P.T.,619-229-3932,,1205833001,6719 ALVARADO RD,SAN DIEGO,CA,92120,PALM SPRINGS,RIVERSIDE,92262,high,license_number,10-31-2027,Physical Therapist
PT,306955,GEORGIA JAMES,"PT, DPT",951-340-0431,,1457178709,2795 CABOT DR STE 6-115,CORONA,CA,92883,RIVERSIDE,RIVERSIDE,92506,high,license_number,05-31-2028,Physical Therapist
PT,291812,GERARDO MACIAS,,323-655-9055,,1356895908,488 S SAN VICENTE BLVD,LOS ANGELES,CA,90048,MURRIETA,RIVERSIDE,92562,high,license_number,12-31-2027,Physical Therapist
PT,42515,GINA CABRERA,"OTR/L, DPT",858-450-7118,,1992198451,4445 EASTGATE MALL STE 103,SAN DIEGO,CA,92121,TEMECULA,RIVERSIDE,92591,high,license_number,09-30-2026,Physical Therapist
PT,305588,GIVAHNA PENSERGA,PT,760-325-5950,,1578320651,552 S PASEO DOROTEA STE 4,PALM SPRINGS,CA,92264,PALM DESERT,RIVERSIDE,92211,high,license_number,03-31-2027,Physical Therapist
PT,40553,GLENN T COLLERA,DPT,180-078-7678,,1932535689,9089 CLAIREMONT MESA BOULEVARD SUITE 200,SAN DIEGO,CA,92123,WINCHESTER,RIVERSIDE,92596,high,license_number,09-30-2027,Physical Therapist
PT,22650,GLYNISS CLAUDETTE GREEN,"PT, DPT, OCS",951-379-1500,,1164406377,23100 EUCALYPTUS AVE STE C,MORENO VALLEY,CA,92553,MORENO VALLEY,RIVERSIDE,92551,high,license_number,04-30-2027,Physical Therapist
PT,27812,GRACE GAN LEGASPI,PT,351-765-1474,,1558430454,2390 E FLORIDA AVE STE 201,HEMET,CA,92544,CORONA,RIVERSIDE,92883,high,license_number,01-31-2028,Physical Therapist
PT,10713,GREGG A OLSEN,PT,951-683-3309,,1881771236,5053 LA MART DR,RIVERSIDE,CA,92507,RIVERSIDE,RIVERSIDE,92507,high,license_number,07-31-2027,Physical Therapist
PT,16865,GREGORY KENT SMITH,"PT, MOMT, OCS",951-303-1414,,1508840489,31515 RANCHO PUEBLO RD,TEMECULA,CA,92592,MURRIETA,RIVERSIDE,92562,high,license_number,09-30-2027,Physical Therapist
PT,26846,GREGORY WILLIAM POLLARD,PT,951-353-4096,,1508989567,10800 MAGNOLIA AVE,RIVERSIDE,CA,92505,RIVERSIDE,RIVERSIDE,92505,high,license_number,03-31-2027,Physical Therapist
PT,308389,GURPREET SINGH KALER,DPT,951-249-5077,,1871831305,35869 WOLVERINE LN,MURRIETA,CA,92563,MURRIETA,RIVERSIDE,92563,high,license_number,03-31-2027,Physical Therapist
PT,11966,HALEE KNOEFLER,PT,951-347-1444,,1750817490,6620 SANDY LN,RIVERSIDE,CA,92505,RIVERSIDE,RIVERSIDE,92505,high,license_number,08-31-2027,Physical Therapist
PT,33297,HEATHER MICHELLE SNYDER,DPT,951-698-7720,,1730239351,25150 HANCOCK AVE,MURRIETA,CA,92562,MENIFEE,RIVERSIDE,92584,high,license_number,03-31-2028,Physical Therapist
PT,36168,HEBA FAKHOURY,PT,951-270-0757,,1669785499,1780 TOWN AND COUNTRY DR STE 103,NORCO,CA,92860,NORCO,RIVERSIDE,92860,high,license_number,04-30-2027,Physical Therapist
PT,38238,HECTOR OLGUIN,D.P.T.,951-658-3121,,1255616199,1515 W FLORIDA AVE,HEMET,CA,92543,CORONA,RIVERSIDE,92883,high,license_number,03-31-2027,Physical Therapist
PT,27922,HELEN YOUNGHI LHIM,DPT,415-750-5330,,1356546980,3600 GEARY BLVD,SAN FRANCISCO,CA,94118,RIVERSIDE,RIVERSIDE,92504,high,license_number,06-30-2028,Physical Therapist
PT,301434,HOA DINH NGUYEN,DPT,714-891-2739,,1508524620,14221 EUCLID ST STE F,GARDEN GROVE,CA,92843,RIVERSIDE,RIVERSIDE,92503,high,license_number,07-31-2027,Physical Therapist
PT,26950,HOOMAN MEHDI JAVANMARDI,,951-684-2865,,1679890339,3427 ARLINGTON AVE,RIVERSIDE,CA,92506,RIVERSIDE,RIVERSIDE,92506,high,license_number,08-31-2027,Physical Therapist
PT,299837,IAN CLARK HAYMOND,"PT, DPT",951-304-1100,,1134711054,38860 SKY CANYON DR,MURRIETA,CA,92563,MURRIETA,RIVERSIDE,92562,high,license_number,12-31-2026,Physical Therapist
PT,292409,IAN HALDERMAN,PT,760-347-6195,,1134661192,81557 DR CARREON BLVD STE C4,INDIO,CA,92201,INDIO,RIVERSIDE,92201,high,license_number,02-29-2028,Physical Therapist
PT,291589,IAN ROLTSCH,,951-303-1414,,1295289544,31515 RANCHO PUEBLO RD STE 101,TEMECULA,CA,92592,TEMECULA,RIVERSIDE,92591,high,license_number,04-30-2028,Physical Therapist
PT,21999,ILLUMINA RUFFY,,951-303-8255,,1861904138,41769 ENTERPRISE CIR N STE 104&105,TEMECULA,CA,92590,MENIFEE,RIVERSIDE,92584,high,license_number,08-31-2028,Physical Therapist
PT,32761,ISABELLA SMITH,PT,760-340-4036,,1023056223,72880 FRED WARING DR,PALM DESERT,CA,92260,INDIO,RIVERSIDE,92201,high,license_number,07-31-2027,Physical Therapist
PT,37021,ISMAEL SALGADO GALLO,Physical Therapist,909-262-5768,,1104132539,32869 AUTUMN WOOD CIR,LAKE ELSINORE,CA,92530,RIVERSIDE,RIVERSIDE,92508,high,license_number,01-31-2028,Physical Therapist
PT,301526,ISRAEL SANCHEZ,,760-775-5511,,1982355442,81880 DR CARREON BLVD STE C101,INDIO,CA,92201,INDIO,RIVERSIDE,92201,high,license_number,10-31-2027,Physical Therapist
PT,29221,JACER RIVERA,P.T.,714-234-6305,,1902052384,29960 BAY VIEW WAY,MENIFEE,CA,92584,MENIFEE,RIVERSIDE,92584,high,license_number,05-31-2027,Physical Therapist
PT,307740,JACK HARTWELL,DPT,951-244-8404,,1154121457,25381 RAILROAD CANYON RD STE 1101,LAKE ELSINORE,CA,92532,LAKE ELSINORE,RIVERSIDE,92532,high,license_number,08-31-2028,Physical Therapist
PT,43587,JACOB ROBINSON,"P.T., DPT",800-489-6905,,1801254230,36867 COOK ST STE 103,PALM DESERT,CA,92211,INDIO,RIVERSIDE,92203,high,license_number,12-31-2027,Physical Therapist
PT,41436,JACOB VANDENMEERENDONK,DPT,951-894-4800,,1639586423,40680 CALIFORNIA OAKS RD,MURRIETA,CA,92562,TEMECULA,RIVERSIDE,92592,high,license_number,06-30-2028,Physical Therapist
PT,296395,JACQUELINE ANN VINCENT,"PT, DPT",951-929-9890,,1689131708,949 S STATE ST,HEMET,CA,92543,MURRIETA,RIVERSIDE,92563,high,license_number,09-30-2026,Physical Therapist
PT,302876,JAILORD DE LA CRUZ,PT,760-202-0368,,1881341568,35325 DATE PALM DR STE 131,CATHEDRAL CITY,CA,92234,DESERT HOT SPRINGS,RIVERSIDE,92240,high,license_number,12-31-2027,Physical Therapist
PT,29841,JAIME ARDEN,M.P.T.,760-325-5950,,1982786646,4050 AIRPORT CENTER DR,PALM SPRINGS,CA,92264,HUNTINGTON BEACH,RIVERSIDE,92649,high,license_number,03-31-2028,Physical Therapist
PT,29672,JAIME M GILLIAM,MPT,951-736-5646,,1720041759,3179 HAMNER AVE,NORCO,CA,92860,NORCO,RIVERSIDE,92860,high,license_number,07-31-2028,Physical Therapist
PT,305079,JAIVIANA JAMES,,253-735-3606,,1427793397,720 12TH ST SE,AUBURN,WA,98002,SAN JACINTO,RIVERSIDE,92582,high,license_number,02-28-2027,Physical Therapist
PT,37301,JAKE RAYMUND RAMIREZ MERCADO,P.T.,818-614-4904,,1578853511,4076 ROBERTS AVE,CLOVIS,CA,93619,LAKE ELSINORE,RIVERSIDE,92532,high,license_number,10-31-2028,Physical Therapist
PT,28666,JAMES E BEDROSSIAN,P.T.,760-337-1144,,1508816943,1611 W MAIN ST,EL CENTRO,CA,92243,LA QUINTA,RIVERSIDE,92253,high,license_number,01-31-2027,Physical Therapist
PT,304676,JAMES EDOARDO RECINOS,DPT,951-297-3399,,1871378125,3400 CENTRAL AVE STE 145,RIVERSIDE,CA,92506,RIVERSIDE,RIVERSIDE,92503,high,license_number,08-31-2027,Physical Therapist
PT,34266,JAMES L MILLER,"DPT, OCS, SCS, CSCS",951-413-1200,,1053939835,6235 RIVER CREST DR STE L,RIVERSIDE,CA,92507,CORONA,RIVERSIDE,92882,high,license_number,12-31-2026,Physical Therapist
PT,14877,JAMES MICHAEL SYMS,P.T.,760-810-7767,,1417397035,16008 KAMANA RD STE 200,APPLE VALLEY,CA,92307,MORENO VALLEY,RIVERSIDE,92557,high,license_number,09-30-2027,Physical Therapist
PT,311001,JAMES NGUYEN,DPT,909-912-1750,,1831001106,8805 HAVEN AVE,RANCHO CUCAMONGA,CA,91730,RIVERSIDE,RIVERSIDE,92505,high,license_number,04-30-2028,Physical Therapist
PT,37283,JAMES R MAWHINEY,DPT,760-345-9934,,1851603138,78078 COUNTRY CLUB DR,BERMUDA DUNES,CA,92203,LA QUINTA,RIVERSIDE,92253,high,license_number,07-31-2028,Physical Therapist
PT,305629,JAMES RYAN BOGDANOVICH,DPT,951-684-2874,,1922864222,3191 MISSION INN AVE STE B,RIVERSIDE,CA,92507,RIVERSIDE,RIVERSIDE,92507,high,license_number,06-30-2027,Physical Therapist
PT,39631,JAMIE LEIGH LEONARD,PT,951-303-3429,,1588299747,41769 ENTERPRISE CIR N STE 104,TEMECULA,CA,92590,MURRIETA,RIVERSIDE,92562,high,license_number,08-31-2028,Physical Therapist
PT,39501,JAMIE O'FALLON,DPT,951-296-0400,,1548507718,40980 COUNTY CENTER DR STE 200,TEMECULA,CA,92591,TEMECULA,RIVERSIDE,92592,high,license_number,10-31-2026,Physical Therapist
PT,28449,JAN THERESE HOCUTT,SLP,760-831-5228,,1184182537,69472 SERENITY RD,CATHEDRAL CITY,CA,92234,CATHEDRAL CITY,RIVERSIDE,92234,high,license_number,09-30-2026,Physical Therapist
PT,14205,JANE ELIZABETH GRIFFIN,PT,951-672-1085,,1902012883,30242 CALLE POMPEII,MENIFEE,CA,92584,MENIFEE,RIVERSIDE,92584,high,license_number,06-30-2028,Physical Therapist
PT,41986,JANETTE F NELSON,P.T.,760-325-5950,,1326064320,552 S PASEO DOROTEA,PALM SPRINGS,CA,92264,PALM DESERT,RIVERSIDE,92260,medium,name_initial_zip,11-30-2026,Physical Therapist
PT,17748,JANICE LYNN CUNNINGHAM,PT,951-693-5871,,1194989152,28780 SINGLE OAK DR,TEMECULA,CA,92590,TEMECULA,RIVERSIDE,92592,high,license_number,06-30-2027,Physical Therapist
PT,34000,JANICE NG,,408-851-1400,,1417142415,710 LAWRENCE EXPY,SANTA CLARA,CA,95051,LA QUINTA,RIVERSIDE,92253,high,license_number,05-31-2027,Physical Therapist
PT,21466,JANIFER SNELL EDMISTEN,PT,951-343-4539,,1528728029,8432 MAGNOLIA AVE,RIVERSIDE,CA,92504,RIVERSIDE,RIVERSIDE,92508,high,license_number,07-31-2027,Physical Therapist
PT,28193,JAPHET A RADA,P.T.,909-653-4456,,1629195573,11062 BOREN AVE,LOMA LINDA,CA,92354,CALIMESA,RIVERSIDE,92320,high,license_number,11-30-2026,Physical Therapist
PT,34380,JASON ANTHONY GARCIA,PT DPT,951-679-8500,,1699035220,29798 HAUN RD STE 201,MENIFEE,CA,92586,RIVERSIDE,RIVERSIDE,92508,high,license_number,10-31-2027,Physical Therapist
PT,36582,JASON MARTINEZ,MPT,562-437-0831,,1548513443,1250 PACIFIC AVE.,LONG BEACH,CA,90813,MENIFEE,RIVERSIDE,92584,medium,name_exact,10-31-2027,Physical Therapist
PT,291249,JEANNIE EVA MOORE,"PT, DPT",951-672-1851,,1649107566,29775 HAUN RD,MENIFEE,CA,92586,MENIFEE,RIVERSIDE,92585,high,license_number,10-31-2027,Physical Therapist
PT,35946,JEFFREY G CALSO,DPT,310-393-9292,,1538391693,2212 PICO BLVD,SANTA MONICA,CA,90405,CATHEDRAL CITY,RIVERSIDE,92234,high,license_number,12-31-2026,Physical Therapist
PT,29287,JENEVE FERN KWAN,PT,714-988-5396,,1508511197,1780 W LINCOLN AVE APT 248,ANAHEIM,CA,92801,CORONA,RIVERSIDE,92883,high,license_number,09-30-2027,Physical Therapist
PT,301224,JENNA FRAZER,"PT, DPT",949-271-0012,,1588321988,24301 MUIRLANDS BLVD STE T,LAKE FOREST,CA,92630,RIVERSIDE,RIVERSIDE,92504,high,license_number,04-30-2027,Physical Therapist
PT,298978,JENNA KAY PORTER,,352-329-5243,,1144940578,3845 SE LAKE WEIR AVE,OCALA,FL,34480,WINCHESTER,RIVERSIDE,92596,medium,name_exact,06-30-2028,Physical Therapist
PT,33107,JENNIFER ANN ORR,PT DPT,951-574-6300,,1255423521,26755 JEFFERSON AVE STE D-1,MURRIETA,CA,92562,LAKE ELSINORE,RIVERSIDE,92530,high,license_number,09-30-2028,Physical Therapist
PT,33314,JENNIFER CEDANO,"PT, DPT",951-736-4700,,1447648902,2600 S MAIN ST,CORONA,CA,92882,WINCHESTER,RIVERSIDE,92596,high,license_number,09-30-2028,Physical Therapist
PT,38006,JENNIFER JAMIE YUE,PT,562-988-3570,,1568750792,3294 E SPRING ST,LONG BEACH,CA,90806,CORONA,RIVERSIDE,92879,high,license_number,05-31-2027,Physical Therapist
PT,33738,JENNIFER L. NAULT,P.T.,714-870-8478,jennifer@corept.net,1073710752,1027 N HARBOR BLVD STE B,FULLERTON,CA,92832,CORONA,RIVERSIDE,92882,high,license_number,01-31-2027,Physical Therapist
PT,37601,JENNIFER MICHELLE SCHILL,P.T.,909-476-4646,,1447596218,3602 INLAND EMPIRE BLVD,ONTARIO,CA,91764,RIVERSIDE,RIVERSIDE,92508,high,license_number,01-31-2027,Physical Therapist
PT,25194,JENNIFER NOEL BUTLER,"MPT, DPT",951-695-5144,,1497730055,27450 YNEZ RD,TEMECULA,CA,92591,MURRIETA,RIVERSIDE,92563,high,license_number,11-30-2027,Physical Therapist
PT,25376,JENNIFER OMMANNEY,,909-856-4003,,1720478134,11317 TRAILSTONE CT,RIVERSIDE,CA,92505,RIVERSIDE,RIVERSIDE,92505,high,license_number,05-31-2028,Physical Therapist
PT,23834,JENNIFER ROBIN HUDSON,M.P.T.,760-256-9243,,1245258623,705 E VIRGINIA WAY,BARSTOW,CA,92311,YUCAIPA,RIVERSIDE,92399,high,license_number,11-30-2026,Physical Therapist
PT,303624,JERICHO RAPHAEL GOMEZ CAPUL,DPT,833-574-2273,,1588380133,4201 W CHAPMAN AVE,ORANGE,CA,92868,EASTVALE,RIVERSIDE,92880,medium,name_exact,10-31-2026,Physical Therapist
PT,15002,JERRY FRANK JUHL,PT,760-289-3010,,1528264710,46900 MONROE ST,INDIO,CA,92201,LA QUINTA,RIVERSIDE,92253,high,license_number,06-30-2027,Physical Therapist
PT,306999,JESSE GANDT,,951-653-4480,,1043032360,6177 RIVER CREST DR.,RIVERSIDE,CA,92507,RIVERSIDE,RIVERSIDE,92507,medium,name_exact,07-31-2028,Physical Therapist
PT,42150,JESSICA DEER,DPT,951-595-1738,,1346639945,28975 OLD TOWN FRONT ST,TEMECULA,CA,92590,WINCHESTER,RIVERSIDE,92596,high,license_number,04-30-2028,Physical Therapist
PT,35434,JESSICA L SUPER,"PT, DPT, CSCS",760-501-6655,,1801036819,44651 VILLAGE CT STE 120,PALM DESERT,CA,92260,PALM DESERT,RIVERSIDE,92260,high,license_number,02-28-2027,Physical Therapist
PT,302872,JESSICA LEANN LIERMANN,DPT,951-304-7673,,1801517248,39815 ALTA MURRIETA DR STE C1,MURRIETA,CA,92563,MURRIETA,RIVERSIDE,92563,medium,name_exact,09-30-2026,Physical Therapist
PT,40585,JIGNESHKUMAR KAKADIYA,Physical therapist,248-499-4772,,1912329194,3000 MADISON AVE,FULLERTON,CA,92831,CORONA,RIVERSIDE,92882,high,license_number,06-30-2027,Physical Therapist
PT,20778,JILL ELIZABETH FRAZER,PT,951-672-0455,,1376527135,29650 BRADLEY RD,SUN CITY,CA,92586,INDIO,RIVERSIDE,92203,high,license_number,02-28-2027,Physical Therapist
PT,29126,JIM JIRO EDDOW,"PT, DPT, OCS",951-475-1307,,1578547683,2815 S MAIN ST STE 205,CORONA,CA,92882,CORONA,RIVERSIDE,92882,high,license_number,04-30-2027,Physical Therapist
PT,299971,JO ELAINE ROCHELLE MILO AISPORNA,DPT,951-436-8064,,1205582855,31019 ROSE ARBOR CT,MURRIETA,CA,92563,MURRIETA,RIVERSIDE,92563,high,license_number,03-31-2028,Physical Therapist
PT,11241,JOANNE RUSSO,,714-836-7886,,1518253004,960 W TOWN AND COUNTRY RD,ORANGE,CA,92868,CORONA,RIVERSIDE,92877,high,license_number,03-31-2028,Physical Therapist
PT,23529,JOHN G WILSON,"P.T., DPT, CSCS",951-600-2990,,1104876697,25285 MADISON AVE,MURRIETA,CA,92562,TEMECULA,RIVERSIDE,92592,high,license_number,01-31-2028,Physical Therapist
PT,296676,JOHN KISKIN,,951-695-5144,,1245716190,27450 YNEZ RD STE 120,TEMECULA,CA,92591,MURRIETA,RIVERSIDE,92562,high,license_number,12-31-2026,Physical Therapist
PT,14705,JOHN LEE WALKER,M.O.M.T.,951-672-0455,,1861462285,29650 BRADLEY RD,SUN CITY,CA,92586,MENIFEE,RIVERSIDE,92586,high,license_number,09-30-2027,Physical Therapist
PT,16820,JOHN ROBERT WAITE,PT DPT OCS,951-696-7474,,1063496289,25495 MEDICAL CENTER DR STE 304,MURRIETA,CA,92562,CANYON LAKE,RIVERSIDE,92587,high,license_number,06-30-2028,Physical Therapist
PT,301288,JOHN RODOLFO,DPT,714-553-2611,,1932934288,29887 E TRANCAS DR,CATHEDRAL CITY,CA,92234,CATHEDRAL CITY,RIVERSIDE,92234,high,license_number,05-31-2027,Physical Therapist
PT,32195,JOHN WILLIAM SCHLIEKELMAN,,714-823-4400,,1760670699,12572 VALLEY VIEW ST,GARDEN GROVE,CA,92845,CALIMESA,RIVERSIDE,92320,high,license_number,06-30-2027,Physical Therapist
PT,17266,JON CARSTEN BERGH,PT,760-446-3611,,1922067354,540 PERDEW,RIDGECREST,CA,93555,MURRIETA,RIVERSIDE,92563,high,license_number,12-31-2026,Physical Therapist
PT,34344,JONAH MAE CHEUNG,,661-487-2928,,1346438926,32138 ELK GROVE CT,TEMECULA,CA,92592,TEMECULA,RIVERSIDE,92592,high,license_number,03-31-2027,Physical Therapist
PT,300805,JONATHAN DAVID ROBBINS,"PT, DPT",951-683-3309,,1922750447,5053 LA MART DR STE 101,RIVERSIDE,CA,92507,RIVERSIDE,RIVERSIDE,92507,high,license_number,04-30-2027,Physical Therapist
PT,39517,JONATHAN MICHAEL ELBERT,D.P.T.,515-341-9738,,1043541170,80629 DECLARATION AVE,INDIO,CA,92201,PALM DESERT,RIVERSIDE,92211,high,license_number,04-30-2028,Physical Therapist
PT,38405,JONATHAN TODD,PT,951-273-7742,,1972871911,2275 S MAIN ST,CORONA,CA,92882,NORCO,RIVERSIDE,92860,high,license_number,07-31-2027,Physical Therapist
PT,40900,JONG MOON KIM,DPT,212-920-7653,,1225697741,136 E 57TH ST STE 801,NEW YORK,NY,10022,TEMECULA,RIVERSIDE,92592,high,license_number,06-30-2027,Physical Therapist
PT,292996,JORDAN A ADAMS,PT,951-637-2320,,1912347535,10020 INDIANA AVE STE 4,RIVERSIDE,CA,92503,RIVERSIDE,RIVERSIDE,92504,high,license_number,03-31-2027,Physical Therapist
PT,309098,JORDAN MARSHALL,,951-417-8195,,1467322743,29920 HUNTER RD STE 102,MURRIETA,CA,92563,TEMECULA,RIVERSIDE,92591,medium,name_exact,10-31-2027,Physical Therapist
PT,35690,JORGE BASTIDAS CACERES,"PT, MPT",951-273-7742,,1902142318,2275 S MAIN ST,CORONA,CA,92882,CORONA,RIVERSIDE,92882,high,license_number,12-31-2026,Physical Therapist
PT,30241,JOSE CASTRO CARREON,,858-689-2361,,1033389333,7933 WESTMORE RD,SAN DIEGO,CA,92126,WINCHESTER,RIVERSIDE,92596,high,license_number,04-30-2028,Physical Therapist
PT,29847,JOSE DE JESUS ALVAREZ,"PT, DPT,OCS",951-943-8105,,1831173129,126 AVOCADO AVE,PERRIS,CA,92571,CORONA,RIVERSIDE,92883,high,license_number,12-31-2027,Physical Therapist
PT,303695,JOSE OCHOA,,866-525-3175,,1972428423,16185 LOS GATOS BLVD STE 205,LOS GATOS,CA,95032,LAKEVIEW,RIVERSIDE,92567,high,license_number,01-31-2027,Physical Therapist
PT,297881,JOSEPH WONG,"PT,DPT",619-260-0750,,1144852724,5030 CAMINO DE LA SIESTA STE 220,SAN DIEGO,CA,92108,TEMECULA,RIVERSIDE,92592,high,license_number,01-31-2027,Physical Therapist
PT,304171,JOSH DARNBROUGH,DPT,949-502-3388,,1326732520,1600 DOVE ST STE 100,NEWPORT BEACH,CA,92660,PALM DESERT,RIVERSIDE,93463,high,license_number,09-30-2028,Physical Therapist
PT,303143,JOSHUA EHINGER,"PT, DPT",909-586-0509,,1245948785,8282 WHITE OAK AVE STE 107,RANCHO CUCAMONGA,CA,91730,CORONA,RIVERSIDE,92881,high,license_number,06-30-2028,Physical Therapist
PT,300634,JOSHUA MILLER,,951-600-0054,,1750134565,25285 MADISON AVE STE 103,MURRIETA,CA,92562,MURRIETA,RIVERSIDE,92563,high,license_number,09-30-2026,Physical Therapist
PT,309106,JOSHUA ROLAND HAMANN,,951-769-0300,,1396615365,1676 E 6TH ST,BEAUMONT,CA,92223,BEAUMONT,RIVERSIDE,92223,high,license_number,12-31-2026,Physical Therapist
PT,19943,JOVEL HERNANDEZ ANGELES,PT,909-860-5382,,1194997080,402 S PROSPECTORS RD,DIAMOND BAR,CA,91765,RIVERSIDE,RIVERSIDE,92501,high,license_number,04-30-2028,Physical Therapist
PT,29324,JOZAR ALTURA,,951-961-7421,,1366117574,8045 ARMAGOSA DR,RIVERSIDE,CA,92508,RIVERSIDE,RIVERSIDE,92508,high,license_number,10-31-2027,Physical Therapist
PT,41851,JUAN CARLO FRUTO,,951-575-9768,,1326586975,41024 SUNSPRITE ST,LAKE ELSINORE,CA,92532,LAKE ELSINORE,RIVERSIDE,92532,high,license_number,10-31-2026,Physical Therapist
PT,27061,JUAN MARCIANO MAURICIO,PT,951-264-4397,,1558693945,19648 BOTANY BAY RD,RIVERSIDE,CA,92508,RIVERSIDE,RIVERSIDE,92505,high,license_number,04-30-2027,Physical Therapist
PT,33240,JUDITH BARBARA HALL,MSPT,256-503-3864,,1073731907,1224 CORSON ST APT 1,PASADENA,CA,91106,LA QUINTA,RIVERSIDE,92253,high,license_number,03-31-2028,Physical Therapist
PT,25082,JULIA CHRISTINE SCIRA,M.P.T.,951-514-0728,,1205993219,31537 RANCHO PUEBLO RD STE 204,TEMECULA,CA,92592,TEMECULA,RIVERSIDE,92592,high,license_number,05-31-2027,Physical Therapist
PT,42652,JULIA ELLEN COLLIER,DPT,402-681-4474,,1205328796,1881 FERRINGTON DR,CORONA,CA,92878,CORONA,RIVERSIDE,92878,high,license_number,07-31-2027,Physical Therapist
PT,305162,JULIA KASHISHIAN,"DPT, PT",760-773-2033,,1679338065,39000 BOB HOPE DR,RANCHO MIRAGE,CA,92270,PALM DESERT,RIVERSIDE,92211,high,license_number,11-30-2027,Physical Therapist
PT,303912,JULIA MARIE MAGNO,DPT,760-290-3121,,1801670013,137 S LAS POSAS RD STE 254,SAN MARCOS,CA,92078,MURRIETA,RIVERSIDE,92563,medium,name_exact,03-31-2027,Physical Therapist
PT,29635,JULIA ZUNIGA,MPT,760-345-3087,,1134252752,77682 COUNTRY CLUB DR,PALM DESERT,CA,92211,BERMUDA DUNES,RIVERSIDE,92203,high,license_number,06-30-2028,Physical Therapist
PT,300555,JULIA-ANNE HERBERT,"PT, DPT",951-600-9070,,1508536301,25115 MADISON AVE,MURRIETA,CA,92562,MURRIETA,RIVERSIDE,92563,high,license_number,10-31-2026,Physical Therapist
PT,309795,JULIAN BALLESTEROS,"PT, DPT",951-698-7720,,1215880067,25150 HANCOCK AVE STE 100,MURRIETA,CA,92562,MURRIETA,RIVERSIDE,92562,high,license_number,06-30-2027,Physical Therapist
PT,296677,JULIANA CAROLINE YAVORSKY,DPT,760-568-2894,,1245690890,42080 STATE ST STE A,PALM DESERT,CA,92211,PALM DESERT,RIVERSIDE,92211,high,license_number,09-30-2028,Physical Therapist
PT,307000,JULIO CESAR SILVAS,DPT,951-652-1600,,1780402560,3889 W STETSON AVE STE 150,HEMET,CA,92545,HEMET,RIVERSIDE,92545,high,license_number,07-31-2028,Physical Therapist
PT,43252,JUN-CHRISTIAN CAPULONG,"P.T., D.P.T.",951-264-3791,,1366817702,2130 SAN DIEGO DR,CORONA,CA,92882,CORONA,RIVERSIDE,92879,high,license_number,06-30-2027,Physical Therapist
PT,307682,JUNE MAYUMI THOMPSON,DPT,833-574-2273,,1710797311,10800 MAGNOLIA AVE,RIVERSIDE,CA,92505,RIVERSIDE,RIVERSIDE,92503,medium,name_exact,05-31-2028,Physical Therapist
PT,299197,JUSTIN JAMES LEMOINE,DPT,209-549-6959,,1609475904,26341 THOROUGHBRED LN,MORENO VALLEY,CA,92555,MORENO VALLEY,RIVERSIDE,92555,high,license_number,06-30-2028,Physical Therapist
PT,294338,JUSTIN JOSEPH LUNA,PT,951-684-2865,,1215436944,3421 ARLINGTON AVE STE 105,RIVERSIDE,CA,92506,RIVERSIDE,RIVERSIDE,92508,high,license_number,09-30-2027,Physical Therapist
PT,42364,KALEIGH KRISTINE BURNWORTH,DPT,951-737-4343,,1568849149,800 S MAIN ST,CORONA,CA,92882,MIRA LOMA,RIVERSIDE,91752,high,license_number,06-30-2028,Physical Therapist
PT,39322,KAMESHA FELICE NABORS,PT,805-496-2189,,1831448661,415 ROLLLING OAKS DR #180,THOUSAND OAKS,CA,91361,LOS ANGELES,RIVERSIDE,90064,high,license_number,12-31-2027,Physical Therapist
PT,39545,KAREN ELIZABETH KELLY,"PT, DPT",760-501-6655,,1871730556,44651 VILLAGE CT STE 120,PALM DESERT,CA,92260,PALM DESERT,RIVERSIDE,92260,high,license_number,05-31-2028,Physical Therapist
PT,13849,KAREN HAWS,P.T.,530-713-1303,,1831498021,11890 DONNER PASS RD,TRUCKEE,CA,96161,PALM DESERT,RIVERSIDE,92260,high,license_number,03-31-2028,Physical Therapist
PT,32562,KAREN KENNEDY,P.T.,909-583-6057,,1134297690,11201 BENTON ST,LOMA LINDA,CA,92357,MORENO VALLEY,RIVERSIDE,92557,high,license_number,02-28-2027,Physical Therapist
PT,22974,KAREN VANIMAN,MPT,951-719-3234,,1356325658,39969 WILLIAMSBURG PL,TEMECULA,CA,92591,TEMECULA,RIVERSIDE,92592,high,license_number,09-30-2027,Physical Therapist
PT,15437,KAREN WESOLOWSKI,PT,951-571-7500,,1205750171,25634 ALESSANDRO BLVD,MORENO VALLEY,CA,92553,RIVERSIDE,RIVERSIDE,92506,high,license_number,05-31-2028,Physical Therapist
PT,42466,KARI GREGORY,DPT,702-325-7019,,1730572405,39262 VIA LAR,MURRIETA,CA,92563,MURRIETA,RIVERSIDE,92563,high,license_number,09-30-2026,Physical Therapist
PT,301552,KARINA ALEXANDER,,760-636-5207,,1710638952,69730 HIGHWAY 111 STE 100,RANCHO MIRAGE,CA,92270,RANCHO MIRAGE,RIVERSIDE,92270,high,license_number,10-31-2027,Physical Therapist
PT,35076,KARINA BIRUNG GABRIEL,DPT,951-316-3850,,1922288836,14335 WISMAN DR,EASTVALE,CA,92880,CORONA,RIVERSIDE,92880,high,license_number,02-29-2028,Physical Therapist
PT,28721,KARINA DOMINGUEZ,P.T.,909-620-9700,,1356387138,1902 ROYALTY DR STE 170,POMONA,CA,91767,JURUPA VALLEY,RIVERSIDE,91752,high,license_number,10-31-2026,Physical Therapist
PT,40737,KARLI ROSE BAKER,DPT,951-929-9890,,1598366809,949 S STATE ST,HEMET,CA,92543,HEMET,RIVERSIDE,92543,high,license_number,06-30-2027,Physical Therapist
PT,306194,KATELYN CHRISTIAN,,858-966-5879,,1407673031,3020 CHILDRENS WAY # MC5068,SAN DIEGO,CA,92123,MURRIETA,RIVERSIDE,92563,high,license_number,04-30-2028,Physical Therapist
PT,14280,KATHERINE JOSEPHINE SULLIVAN,PT,626-674-0361,,1285033878,194 LOCH LOMOND RD,RANCHO MIRAGE,CA,92270,DESERT HOT SPRINGS,RIVERSIDE,92241,high,license_number,08-31-2028,Physical Therapist
PT,307547,KATHY ALVARADO,PT,760-771-9054,,1740095207,79440 CORPORATE CENTER DR STE 112,LA QUINTA,CA,92253,LA QUINTA,RIVERSIDE,92253,high,license_number,01-31-2027,Physical Therapist
PT,39147,KAYLA ROGERS,,800-741-1164,,1407722721,1317 W FOOTHILL BLVD STE 130,UPLAND,CA,91786,MENIFEE,RIVERSIDE,92585,medium,name_exact,11-30-2027,Physical Therapist
PT,308801,KAYLA WHITLEY,,951-679-1943,,1235019449,27701 SCOTT RD STE D108,MENIFEE,CA,92584,MURRIETA,RIVERSIDE,92563,high,license_number,12-31-2026,Physical Therapist
PT,309112,KAYLIN M FLORES,DPT,760-529-4975,,1750253126,3355 MISSION AVE STE 123,OCEANSIDE,CA,92058,MURRIETA,RIVERSIDE,92563,medium,name_exact,10-31-2027,Physical Therapist
PT,13554,KEITH R. STROTHER,PT,714-536-9700,,1972525335,19891 BEACH BLVD,HUNTINGTON BEACH,CA,92648,TEMECULA,RIVERSIDE,92591,high,license_number,02-29-2028,Physical Therapist
PT,23197,KELLIE BOISTON,,951-653-4480,,1558458083,6177 RIVER CREST DR STE A,RIVERSIDE,CA,92507,RIVERSIDE,RIVERSIDE,92503,high,license_number,05-31-2027,Physical Therapist
PT,18488,KELLY JEAN WILLBANKS,PT,951-672-0455,,1942390596,29650 BRADLEY RD,SUN CITY,CA,92586,MURRIETA,RIVERSIDE,92563,high,license_number,07-31-2028,Physical Therapist
PT,30122,KELLY MULLER,DPT,760-409-6383,,1316101553,27442 PORTOLA PKWY STE 200,FOOTHILL RANCH,CA,92610,CATHEDRAL CITY,RIVERSIDE,92234,high,license_number,08-31-2028,Physical Therapist
PT,41664,KELSEY CAMPBELL ROSS,DPT,970-569-7770,VVMC.DIRECT@direct.vvmc.com,1942608955,181 W MEADOW DR,VAIL,CO,81657,LA QUINTA,RIVERSIDE,92253,high,license_number,01-31-2028,Physical Therapist
PT,308562,KENIA ANDREA MOCINOS VERGARA,PT,951-376-1120,,1154207421,9900 INDIANA AVE STE 8,RIVERSIDE,CA,92503,RIVERSIDE,RIVERSIDE,92503,high,license_number,01-31-2027,Physical Therapist
PT,24443,KENYON ELIZABETH GRANT,PT,951-600-0054,,1245390640,25285 MADISON AVE STE 102,MURRIETA,CA,92562,MURRIETA,RIVERSIDE,92562,high,license_number,01-31-2027,Physical Therapist
PT,40746,KERRIE BLADES,DPT,951-315-5307,,1174954648,14900 PETE DYE ST,MORENO VALLEY,CA,92555,RIVERSIDE,RIVERSIDE,92507,high,license_number,10-31-2027,Physical Therapist
PT,303763,KEVIN OCHOA,DPT,714-870-8478,,1699473140,1027 N HARBOR BLVD STE B,FULLERTON,CA,92832,LAKE ELSINORE,RIVERSIDE,92530,high,license_number,07-31-2028,Physical Therapist
PT,298215,KEVIN WU,DPT,951-684-2865,,1013528157,3421 ARLINGTON AVE STE 105,RIVERSIDE,CA,92506,RIVERSIDE,RIVERSIDE,92506,high,license_number,12-31-2027,Physical Therapist
PT,25526,KIM SAMOSKY,"MPT, OCS, ATC",951-274-3524,,1639394414,4444 MAGNOLIA AVE,RIVERSIDE,CA,92501,RIVERSIDE,RIVERSIDE,92506,high,license_number,07-31-2028,Physical Therapist
PT,14695,KIMBERLY JEAN BURTON,DPT,888-439-1295,,1063175032,43875 WASHINGTON ST STE G,PALM DESERT,CA,92211,PALM SPRINGS,RIVERSIDE,92262,high,license_number,06-30-2027,Physical Therapist
PT,305119,KIRRA BEUTNAGEL,DPT,858-966-5829,,1730956087,3020 CHILDRENS WAY,SAN DIEGO,CA,92123,TEMECULA,RIVERSIDE,92591,high,license_number,12-31-2026,Physical Therapist
PT,33787,KIRSTEN PERRY,P.T.,714-714-0479,,1972702405,5475 E LA PALMA AVE,ANAHEIM,CA,92807,WINCHESTER,RIVERSIDE,92596,high,license_number,05-31-2027,Physical Therapist
PT,32449,KRISTA PANARO,MSPT,760-432-2296,,1649309618,420 FALCONER RD,ESCONDIDO,CA,92027,RIVERSIDE,RIVERSIDE,92505,high,license_number,05-31-2027,Physical Therapist
PT,292467,KRISTEN RACHELLE GORDON,"PT, DPT",818-986-1977,,1487442372,16030 VENTURA BLVD STE 450,ENCINO,CA,91436,BEAUMONT,RIVERSIDE,92223,high,license_number,04-30-2028,Physical Therapist
PT,35249,KRISTI MARIE BENEDICT,DPT,714-633-5062,,1588802441,3919 E PALM AVE,ORANGE,CA,92869,CORONA,RIVERSIDE,92880,high,license_number,06-30-2028,Physical Therapist
PT,33079,KRISTINA ANNA GLAD PETERSON,DPT,951-653-4480,,1942396668,6177 RIVER CREST DR STE A,RIVERSIDE,CA,92507,RIVERSIDE,RIVERSIDE,92508,high,license_number,08-31-2028,Physical Therapist
PT,36458,KRISTINE DONNA MASALTA CUEZON,D.P.T.,949-954-2016,,1629344296,2774 W MADISON CIR,ANAHEIM,CA,92801,MENIFEE,RIVERSIDE,92584,high,license_number,10-31-2027,Physical Therapist
PT,32516,KRISTY EVE TALAVERA,DPT,951-693-5871,,1306814884,28780 SINGLE OAK DR,TEMECULA,CA,92590,WILDOMAR,RIVERSIDE,92595,high,license_number,12-31-2027,Physical Therapist
PT,27641,KRISZTINA JUHASZ OSSO,PT,714-777-9666,,1841566692,17803 IMPERIAL HWY,YORBA LINDA,CA,92886,CORONA,RIVERSIDE,92878,high,license_number,12-31-2027,Physical Therapist
PT,28980,KRUTI WADHWANI,RPT,562-484-3860,,1518023548,13330 BLOOMFIELD AVE,NORWALK,CA,90650,CORONA,RIVERSIDE,92882,high,license_number,09-30-2027,Physical Therapist
PT,297120,KUNAL PALTA,DPT,951-208-3636,,1003461708,27431 SAN BERNARDINO AVE APT 275,REDLANDS,CA,92374,JURUPA VALLEY,RIVERSIDE,92509,high,license_number,10-31-2026,Physical Therapist
PT,302541,KYLE CHESTER,"PT, DPT",714-906-4769,,1346005246,1734 DISCOVERY FALLS DR UNIT 141,CHULA VISTA,CA,91915,TEMECULA,RIVERSIDE,92591,high,license_number,06-30-2028,Physical Therapist
PT,305291,KYLER NALANIEHA WILSON,DPT,951-296-0400,,1609628023,29377 RANCHO CALIFORNIA RD STE 100,TEMECULA,CA,92591,TEMECULA,RIVERSIDE,92592,high,license_number,08-31-2027,Physical Therapist
PT,301180,KYRA DENISE PINEDA SABANDO,PT,951-382-4238,,1114515137,4300 GREEN RIVER RD STE 114,CORONA,CA,92878,CORONA,RIVERSIDE,92880,medium,name_exact,11-30-2026,Physical Therapist
PT,293053,LACEY NICOLE AGARD,,760-940-0500,,1033648407,906 SYCAMORE AVE STE 210,VISTA,CA,92081,PERRIS,RIVERSIDE,92570,high,license_number,08-31-2028,Physical Therapist
PT,26121,LAURA C MILLER,PT,424-551-2833,,1265454557,15401 S MAIN ST,GARDENA,CA,90248,INDIO,RIVERSIDE,92201,high,license_number,10-31-2026,Physical Therapist
PT,41743,LAUREN ZIELINSKI,DPT,951-340-0431,,1811390974,2200 HAMNER AVE STE 107,NORCO,CA,92860,EASTVALE,RIVERSIDE,92880,high,license_number,10-31-2026,Physical Therapist
PT,302765,LAWRENCE DUPLECHAN III,DPT,951-407-9223,,1114651411,1561 E ONTARIO AVE STE 101,CORONA,CA,92881,CORONA,RIVERSIDE,92883,medium,name_exact,01-31-2028,Physical Therapist
PT,17230,LAWRENCE HOSMER HURST,P.T.,760-922-8400,,1285681403,1111 W HOBSONWAY,BLYTHE,CA,92225,BLYTHE,RIVERSIDE,92226,high,license_number,08-31-2028,Physical Therapist
PT,27841,LAZMA FAWZI ALARAJ,MPT,951-656-7534,,1619098902,19987 SILVERCREST LN,RIVERSIDE,CA,92508,RIVERSIDE,RIVERSIDE,92508,high,license_number,11-30-2026,Physical Therapist
PT,32846,LEAH CATHERINE LOYD,MPT,714-646-8318,,1164450870,774 S PLACENTIA AVE STE 100,PLACENTIA,CA,92870,EASTVALE,RIVERSIDE,92880,high,license_number,03-31-2028,Physical Therapist
PT,26092,LEONOR MOJICA TENORIO,PT,760-340-5999,,1477801132,72201 COUNTRY CLUB DR,RANCHO MIRAGE,CA,92270,PALM DESERT,RIVERSIDE,92211,high,license_number,08-31-2028,Physical Therapist
PT,306653,LESLIE YARELI HUMPHREY,DPT,760-345-9934,,1003647108,78078 COUNTRY CLUB DR STE 205,BERMUDA DUNES,CA,92203,CATHEDRAL CITY,RIVERSIDE,92234,high,license_number,07-31-2028,Physical Therapist
PT,38303,LETICIA GUILLEN CHUJO,P.T.,866-554-2447,,1942585500,3452 E FOOTHILL BLVD STE 700,PASADENA,CA,91107,LA QUINTA,RIVERSIDE,92253,high,license_number,06-30-2027,Physical Therapist
PT,20101,LINA JIN CHANG,"DPT, OCS, CSCS",951-781-6653,,1144258575,6180 BROCKTON AVE,RIVERSIDE,CA,92506,JURUPA VALLEY,RIVERSIDE,91752,high,license_number,05-31-2028,Physical Therapist
PT,302607,LINA KHANUKAYEV,"PT, DPT",949-454-8811,,1578283735,24002 VIA FABRICANTE STE 501,MISSION VIEJO,CA,92691,CORONA,RIVERSIDE,92882,high,license_number,05-31-2028,Physical Therapist
PT,17180,LINDA J FELIX,P.T.,951-353-4670,,1255454211,10800 MAGNOLIA AVE,RIVERSIDE,CA,92505,CORONA,RIVERSIDE,92881,high,license_number,01-31-2027,Physical Therapist
PT,34763,LINDA MARIE EVANS,"PT, DPT",951-658-0005,,1679737795,2091 W FLORIDA AVE STE 210,HEMET,CA,92545,MURRIETA,RIVERSIDE,92563,high,license_number,12-31-2027,Physical Therapist
PT,39573,LINDSEY ANNE TEJEDA,DPT,714-693-0460,,1063752038,19768 YORBA LINDA BLVD,YORBA LINDA,CA,92886,RIVERSIDE,RIVERSIDE,92506,high,license_number,03-31-2028,Physical Therapist
PT,304143,LINDSEY GLASHEEN,,858-755-5200,,1669154365,5360 JACKSON DR STE 110,LA MESA,CA,91942,PALM DESERT,RIVERSIDE,92260,high,license_number,09-30-2026,Physical Therapist
PT,32791,LINO MENDOZA CABUGUAS,,951-926-8014,,1093075921,35534 CLOCHE DR,WINCHESTER,CA,92596,WINCHESTER,RIVERSIDE,92596,high,license_number,10-31-2027,Physical Therapist
PT,26818,LISA BARNETT,"PT, MPT",760-883-2700,,1073461760,150 DISTRICT CENTER DR,PALM SPRINGS,CA,92264,PALM SPRINGS,RIVERSIDE,92264,high,license_number,08-31-2027,Physical Therapist
PT,26998,LISA D'ANN MC CABE,DPT,951-672-0455,,1114017753,29650 BRADLEY RD,SUN CITY,CA,92586,RIVERSIDE,RIVERSIDE,92509,high,license_number,10-31-2027,Physical Therapist
PT,22640,LISA KATHLEEN MARTIN,Physical Therapist,951-486-4240,,1487849030,26520 CACTUS AVE,MORENO VALLEY,CA,92555,RIVERSIDE,RIVERSIDE,92516,high,license_number,05-31-2027,Physical Therapist
PT,22506,LISA KIMBERLY ENNIS,PT MPT,951-574-6300,,1871577759,26755 JEFFERSON AVE STE D-1,MURRIETA,CA,92562,MURRIETA,RIVERSIDE,92562,high,license_number,12-31-2026,Physical Therapist
PT,37939,LISA NICOLE DEMATTIA,PT/DPT/OCS,951-696-7474,,1841466182,25495 MEDICAL CENTER DR STE 304,MURRIETA,CA,92562,MURRIETA,RIVERSIDE,92563,high,license_number,03-31-2027,Physical Therapist
PT,30335,LISA WOMACK,,951-929-3974,,1336538990,3452 MARVEL ST,HEMET,CA,92543,SAN JACINTO,RIVERSIDE,92582,high,license_number,03-31-2027,Physical Therapist
PT,39720,LIZHONG JIN,,951-353-2000,,1326392812,10800 MAGNOLIA AVE,RIVERSIDE,CA,92505,MORENO VALLEY,RIVERSIDE,92555,medium,name_exact,01-31-2028,Physical Therapist
PT,309517,LOREN ABIOG,"PT, DPT",951-485-3800,,1336005511,24318 HEMLOCK AVE,MORENO VALLEY,CA,92557,RIVERSIDE,RIVERSIDE,92507,high,license_number,10-31-2027,Physical Therapist
PT,14967,LORRY L FRANCO,PT,310-383-2629,,1760639314,13428 MAXELLA AVE,MARINA DEL REY,CA,90292,TEMECULA,RIVERSIDE,92591,high,license_number,04-30-2028,Physical Therapist
PT,33957,LORYN PREECE,"PT, DPT",858-414-2841,,1669322160,42642 DRENNON CT,TEMECULA,CA,92592,TEMECULA,RIVERSIDE,92592,high,license_number,05-31-2027,Physical Therapist
PT,29819,LOVIE JAY ENRIQUEZ ARGUELLES,PT,909-427-5707,,1457472920,9985 SIERRA AVE,FONTANA,CA,92335,RIVERSIDE,RIVERSIDE,92505,high,license_number,06-30-2028,Physical Therapist
PT,292741,LUCAS ESQUERRA,,562-448-8039,,1326582404,7115 LUXOR ST,DOWNEY,CA,90241,RIVERSIDE,RIVERSIDE,92505,medium,name_exact,12-31-2026,Physical Therapist
PT,34411,LUKE D GENTRY,DPT,760-202-0368,,1174709737,35325 DATE PALM DR,CATHEDRAL CITY,CA,92234,PALM DESERT,RIVERSIDE,92211,high,license_number,11-30-2027,Physical Therapist
PT,33066,LYSA CIMICATO,DPT,951-902-5736,,1801132899,25967 REDBAY LN,MORENO VALLEY,CA,92553,MORENO VALLEY,RIVERSIDE,92553,high,license_number,08-31-2028,Physical Therapist
PT,34492,MA CHERRYL ANCHETA,PT,760-610-2533,,1073630364,45360 DESERT FOX DR,LA QUINTA,CA,92253,LA QUINTA,RIVERSIDE,92253,high,license_number,04-30-2027,Physical Therapist
PT,306045,MADELON VANG,,951-692-8097,,1720545288,26105 LAKE ST,HEMET,CA,92544,TEMECULA,RIVERSIDE,92592,high,license_number,10-31-2027,Physical Therapist
PT,42146,MALERIE LYNN FRANCO,PT DPT,951-970-8739,,1245628502,26881 JEFFERSON AVE STE C,MURRIETA,CA,92562,MURRIETA,RIVERSIDE,92562,high,license_number,04-30-2028,Physical Therapist
PT,25195,MARC ANDREW HARA,MPT,310-481-9965,,1326104548,11687 NATIONAL BLVD,LOS ANGELES,CA,90064,LA QUINTA,RIVERSIDE,92253,high,license_number,03-31-2028,Physical Therapist
PT,26622,MARCHAND MARIE MONTIEL,MPT,509-545-1010,,1386703254,4215 CONVENTION PL,PASCO,WA,99301,CALIMESA,RIVERSIDE,92320,medium,name_exact,09-30-2027,Physical Therapist
PT,26415,MARCY LYNN TRUTALLI,"M.P.T., C.S.C.S.",951-894-4800,,1215046982,40680 CALIFORNIA OAKS RD,MURRIETA,CA,92562,WINCHESTER,RIVERSIDE,92596,high,license_number,12-31-2026,Physical Therapist
PT,40044,MARGARET HANNA,DPT,818-244-5656,,1306347331,333 E GLENOAKS BLVD STE 204,GLENDALE,CA,91207,EASTVALE,RIVERSIDE,92880,high,license_number,10-31-2026,Physical Therapist
PT,20233,MARIA ELENA MALLARI HEIM,PT,951-764-5176,,1538634852,38348 TRANQUILA AVE,MURRIETA,CA,92563,MURRIETA,RIVERSIDE,92563,high,license_number,12-31-2027,Physical Therapist
PT,300673,MARIA ELENA Q MONTERO,DPT,951-658-3121,,1427767615,1515 W FLORIDA AVE STE E,HEMET,CA,92543,HEMET,RIVERSIDE,92546,high,license_number,07-31-2027,Physical Therapist
PT,18367,MARIA LINA GILDORE,PT,951-206-5136,,1770331118,17050 ARNOLD DR,RIVERSIDE,CA,92518,MORENO VALLEY,RIVERSIDE,92557,high,license_number,07-31-2028,Physical Therapist
PT,18647,MARIA ROSARIO FRANJE,R.P.T.,714-241-9800,,1114162658,11680 WARNER AVE,FOUNTAIN VALLEY,CA,92708,TEMECULA,RIVERSIDE,92591,high,license_number,10-31-2026,Physical Therapist
PT,24869,MARIA SUSANA LLAMBIAS,MPT,909-724-2204,,1316160880,2295 S VINEYARD AVE,ONTARIO,CA,91761,TEMECULA,RIVERSIDE,92592,high,license_number,08-31-2027,Physical Therapist
PT,33283,MARIA YSABELLE EVIOTA AIZON,PT,773-820-3881,,1417157306,12682 MAR VISTA DR,APPLE VALLEY,CA,92308,LAKE MATHEWS,RIVERSIDE,92570,high,license_number,02-29-2028,Physical Therapist
PT,37070,MARIANNA LEIGH MAXWELL,DPT,951-304-0879,,1043527468,38605 CALISTOGA DR,MURRIETA,CA,92563,MURRIETA,RIVERSIDE,92563,high,license_number,02-29-2028,Physical Therapist
PT,34062,MARIE TONI RACHELLE PIMENTEL,PT,310-278-5337,,1871774711,9675 BRIGHTON WAY,BEVERLY HILLS,CA,90210,RANCHO MIRAGE,RIVERSIDE,92270,high,license_number,07-31-2027,Physical Therapist
PT,27866,MARIFE SABIO,P.T.,951-847-2349,,1306872692,3316 KENTUCKY LN,CORONA,CA,92882,CORONA,RIVERSIDE,92882,high,license_number,12-31-2027,Physical Therapist
PT,29572,MARION GREGORIO,,951-665-1510,,1063057917,1695 S SAN JACINTO AVE,SAN JACINTO,CA,92583,MENIFEE,RIVERSIDE,92584,high,license_number,05-31-2028,Physical Therapist
PT,20695,MARK ANDREW OLIVES,PT,951-304-7673,,1932154531,39815 ALTA MURRIETA DR STE C1,MURRIETA,CA,92563,MURRIETA,RIVERSIDE,92562,high,license_number,08-31-2028,Physical Therapist
PT,35671,MARK ANTHONY M INOCENCIO,P.T.,808-557-1894,,1700102589,13038 MELON AVE,CHINO,CA,91710,EASTVALE,RIVERSIDE,92880,high,license_number,05-31-2027,Physical Therapist
PT,29218,MARK ANTHONY PALACIOS,P.T.,909-802-5824,,1336473388,2934 E GARVEY AVE S STE 250,WEST COVINA,CA,91791,EASTVALE,RIVERSIDE,92880,high,license_number,03-31-2027,Physical Therapist
PT,298331,MARK CHRISTOPHER DE CASTRO,DPT,760-737-8460,,1780212092,215 S HICKORY ST STE 112,ESCONDIDO,CA,92025,TEMECULA,RIVERSIDE,92592,high,license_number,04-30-2027,Physical Therapist
PT,291358,MARK IBRAHIM,,347-817-0674,,1033685755,1120 VIEWCREST CT,CORONA,CA,92882,CORONA,RIVERSIDE,92882,medium,name_exact,04-30-2028,Physical Therapist
PT,292325,MARQUITA SCOTT,PT,951-218-3661,,1538640909,18300 ROSCOE BLVD,NORTHRIDGE,CA,91325,RIVERSIDE,RIVERSIDE,92509,high,license_number,09-30-2026,Physical Therapist
PT,37687,MARSHA IBANEZ,,562-385-7111,,1598288797,7601 IMPERIAL HWY,DOWNEY,CA,90242,TEMECULA,RIVERSIDE,92591,high,license_number,10-31-2026,Physical Therapist
PT,22781,MARTINA GOTTER,"P.T. , D.Sc.",760-773-2179,,1104837301,73221 HIGHWAY 111,PALM DESERT,CA,92260,PALM DESERT,RIVERSIDE,92211,high,license_number,06-30-2027,Physical Therapist
PT,27001,MARVIN BARRIENTOS MONTILLANO,MPT,951-302-5213,,1447234208,31309 TEMECULA PKWY STE 101,TEMECULA,CA,92592,WILDOMAR,RIVERSIDE,92595,high,license_number,08-31-2027,Physical Therapist
PT,25153,MARVIN LIM MISA,DPT,951-538-2490,,1295453801,12496 ORANGEBLOSSOM LN,RIVERSIDE,CA,92503,RIVERSIDE,RIVERSIDE,92503,high,license_number,11-30-2027,Physical Therapist
PT,28529,MARY ANN BUTSCHER,,909-481-0437,,1255894838,11276 5TH ST STE 400,RANCHO CUCAMONGA,CA,91730,EASTVALE,RIVERSIDE,92880,medium,name_exact,12-31-2026,Physical Therapist
PT,19905,MARY ATALLA SHAHID,P.T.,626-857-4711,,1255408720,1347 S GRAND AVE,GLENDORA,CA,91740,MIRA LOMA,RIVERSIDE,91752,high,license_number,10-31-2027,Physical Therapist
PT,28002,MARY HEATHER PEPPER,DPT,760-690-2522,,1649624446,805 CHAMBERLAIN PL,ESCONDIDO,CA,92025,RIVERSIDE,RIVERSIDE,92508,high,license_number,03-31-2028,Physical Therapist
PT,28751,MARY KAREN MERTZ,MPT,951-314-4806,,1841419769,39570 SPANISH OAKS DR,TEMECULA,CA,92592,TEMECULA,RIVERSIDE,92592,medium,name_exact,04-30-2027,Physical Therapist
PT,25657,MATHU NATAKI HANSON,"PT, DPT, MBA",951-382-4238,,1780866327,4300 GREEN RIVER RD STE 114,CORONA,CA,92880,CORONA,RIVERSIDE,92883,high,license_number,10-31-2026,Physical Therapist
PT,301800,MATT LITCHFIELD,"PT, DPT",619-312-6109,,1306178991,10538 MISSION GORGE RD,SANTEE,CA,92071,TEMECULA,RIVERSIDE,92592,high,license_number,09-30-2027,Physical Therapist
PT,37899,MATTHEW ALEXANDER ALLEN,D.P.T.,760-723-8337,,1821384462,521 E ELDER ST,FALLBROOK,CA,92028,TEMECULA,RIVERSIDE,92592,high,license_number,02-28-2027,Physical Therapist
PT,302512,MATTHEW GREGORY ZEMBAL,DPT,562-597-3035,,1447978069,5214 E LOS ALTOS PLZ,LONG BEACH,CA,90815,JURUPA VALLEY,RIVERSIDE,91752,high,license_number,05-31-2028,Physical Therapist
PT,36534,MATTHEW HARU FUJITA,DPT,951-534-0600,,1700102274,6860 BROCKTON AVE,RIVERSIDE,CA,92506,CORONA,RIVERSIDE,92882,high,license_number,03-31-2027,Physical Therapist
PT,39366,MATTHEW JARVIS,DPT,951-652-1600,,1992109847,3889 W STETSON AVE,HEMET,CA,92545,MENIFEE,RIVERSIDE,92585,high,license_number,03-31-2028,Physical Therapist
PT,298987,MATTHEW RUSSELL REYES,DPT,951-376-2692,,1740898139,3191 MISSION INN AVE STE B,RIVERSIDE,CA,92507,RIVERSIDE,RIVERSIDE,92507,high,license_number,05-31-2028,Physical Therapist
PT,297270,MATTHEW RYAN KIMINKI,DPT,760-345-5453,,1376185637,44025 JEFFERSON ST STE 104,LA QUINTA,CA,92253,MORENO VALLEY,RIVERSIDE,92555,high,license_number,02-28-2027,Physical Therapist
PT,296781,MATTHEW THOMAS BERRY,DPT,951-587-8105,,1083134225,41278 MARGARITA RD STE 102,TEMECULA,CA,92591,MURRIETA,RIVERSIDE,92563,high,license_number,08-31-2028,Physical Therapist
PT,291158,MATTHEW WILSON,PT,760-347-6195,,1790145217,82013 DR CARREON BLVD,INDIO,CA,92201,PALM DESERT,RIVERSIDE,92260,high,license_number,04-30-2027,Physical Therapist
PT,9499,MAURICE WHITE,,866-839-6979,,1003553058,16185 LOS GATOS BLVD STE 205,LOS GATOS,CA,95032,CORONA,RIVERSIDE,92883,high,license_number,09-30-2027,Physical Therapist
PT,307590,MAXIMILIANO BOJORQUEZ,PT DPT,951-658-0005,,1326844168,2091 W FLORIDA AVE STE 210,HEMET,CA,92545,MENIFEE,RIVERSIDE,92585,high,license_number,01-31-2027,Physical Therapist
PT,296979,MEGAN BURNETTE,"PT, DPT",951-442-4186,,1073168696,29650 BRADLEY RD,MENIFEE,CA,92586,MENIFEE,RIVERSIDE,92586,medium,name_exact,11-30-2026,Physical Therapist
PT,294915,MEGAN LEMONCELLI,PT DPT,951-723-1866,,1962988816,30428 HAUN RD STE 810,MENIFEE,CA,92584,MENIFEE,RIVERSIDE,92586,high,license_number,09-30-2027,Physical Therapist
PT,20207,MELISSA CARMEAN,,714-642-5561,,1881055408,3105 MCHARG RD,RIVERSIDE,CA,92503,CORONA,RIVERSIDE,92883,high,license_number,03-31-2028,Physical Therapist
PT,28443,MELISSA D LITTLEFIELD,P.T.,855-454-3784,,1871763813,41421 DATE ST STE 101,MURRIETA,CA,92562,MURRIETA,RIVERSIDE,92562,high,license_number,07-31-2027,Physical Therapist
PT,294085,MELISSA DIANNA FLORES,DPT,760-501-6655,,1942713615,44651 VILLAGE CT STE 120,PALM DESERT,CA,92260,PALM DESERT,RIVERSIDE,92260,high,license_number,04-30-2027,Physical Therapist
PT,303744,MELISSA JUDNICH,DPT,760-574-2456,,1538875810,45250 CLUB DR,INDIAN WELLS,CA,92210,LA QUINTA,RIVERSIDE,92253,high,license_number,10-31-2026,Physical Therapist
PT,294696,MELODY TORNO,"PT, DPT",951-290-4550,,1780210849,28078 BAXTER RD,MURRIETA,CA,92563,MENIFEE,RIVERSIDE,92584,high,license_number,12-31-2027,Physical Therapist
PT,13851,MICHAEL A LINGOS,,951-743-7446,,1821909128,45069 CORTE VALLE,TEMECULA,CA,92592,TEMECULA,RIVERSIDE,92592,high,license_number,03-31-2028,Physical Therapist
PT,303129,MICHAEL CHARLES BRACAMONTES,DPT,951-529-9005,,1740991470,29422 BATTERS BOX,LAKE ELSINORE,CA,92530,LAKE ELSINORE,RIVERSIDE,92530,high,license_number,04-30-2028,Physical Therapist
PT,37757,MICHAEL JAMES PETERS,DPT,559-781-3014,,1497191431,876 W GRAND AVE,PORTERVILLE,CA,93257,RIVERSIDE,RIVERSIDE,92508,high,license_number,09-30-2026,Physical Therapist
PT,29852,MICHAEL JANJIGIAN,,310-539-8800,,1043801897,1060 GLENDON AVE,LOS ANGELES,CA,90024,RIVERSIDE,RIVERSIDE,92508,high,license_number,03-31-2028,Physical Therapist
PT,297191,MICHAEL KEVIN RUIZ,PT DPT,760-698-8183,,1538716170,50225 CESAR CHAVEZ ST STE 103,COACHELLA,CA,92236,INDIO,RIVERSIDE,92203,high,license_number,04-30-2027,Physical Therapist
PT,298910,MICHAEL LEE,,510-512-8240,,1346848793,1801 E KATELLA AVE APT 2100,ANAHEIM,CA,92805,RIVERSIDE,RIVERSIDE,92505,high,license_number,03-31-2028,Physical Therapist
PT,292286,MICHAEL MCLAUGHLIN,,951-894-4804,,1568904290,40680 CALIFORNIA OAKS RD,MURRIETA,CA,92562,TEMECULA,RIVERSIDE,92592,high,license_number,01-31-2028,Physical Therapist
PT,305880,MICHAEL NOBLES,"PT , DPT",858-488-3597,,1073366233,12395 EL CAMINO REAL STE 111,SAN DIEGO,CA,92130,SAN JACINTO,RIVERSIDE,92583,high,license_number,04-30-2028,Physical Therapist
PT,28883,MICHAEL THOMAS MENDOZA,PT,909-793-9737,,1407831688,245 TERRACINA BLVD,REDLANDS,CA,92373,BANNING,RIVERSIDE,92220,high,license_number,08-31-2027,Physical Therapist
PT,42645,MICHAELA LLOYD,"PT, DPT",951-566-9001,,1134501828,28078 BAXTER RD STE 330,MURRIETA,CA,92563,MURRIETA,RIVERSIDE,92563,high,license_number,03-31-2027,Physical Therapist
PT,32024,MICHELE ELAINE MICHAEL,MSPT,310-377-9977,,1699161737,5701 CRESTRIDGE RD,RANCHO PALOS VERDES,CA,90275,DESERT HOT SPRINGS,RIVERSIDE,92240,high,license_number,06-30-2027,Physical Therapist
PT,13087,MICHELE KATHERINE CAZALAS,P.T.,619-838-6158,,1841244928,2082 POINTE PKWY,SPRING VALLEY,CA,91978,HEMET,RIVERSIDE,92545,high,license_number,10-31-2027,Physical Therapist
PT,32002,MICHELLE E ARGUELLES,MPT,909-427-3945,,1366598450,9985 SIERRA AVE,FONTANA,CA,92335,RIVERSIDE,RIVERSIDE,92505,high,license_number,03-31-2027,Physical Therapist
PT,36002,MICHELLE LEANNE MCCLURE-SMITH,"PT, DPT",951-695-5144,,1245563295,27450 YNEZ RD,TEMECULA,CA,92591,MURRIETA,RIVERSIDE,92563,high,license_number,03-31-2027,Physical Therapist
PT,24387,MICHELLE M BROWN,PT,951-658-3121,,1609997345,1515 W FLORIDA AVE STE E,HEMET,CA,92543,TEMECULA,RIVERSIDE,92589,high,license_number,03-31-2027,Physical Therapist
PT,24706,MICHELLE MEANOR,MPT,760-777-3573,,1194967471,880 FOOTHILL DR,BANNING,CA,92220,INDIO,RIVERSIDE,92203,high,license_number,05-31-2027,Physical Therapist
PT,14472,MICHELLE RENEE CLARK,PT,951-600-2990,,1699750778,25285 MADISON AVE,MURRIETA,CA,92562,TEMECULA,RIVERSIDE,92591,high,license_number,09-30-2026,Physical Therapist
PT,39972,MIHO HANAOKA,,951-672-0455,,1235540634,29650 BRADLEY RD,MENIFEE,CA,92586,MURRIETA,RIVERSIDE,92562,high,license_number,02-28-2027,Physical Therapist
PT,26649,MIKE P TRAN,PT,888-988-2800,,1568660942,411 N LAKEVIEW AVE,ANAHEIM,CA,92807,EASTVALE,RIVERSIDE,92880,high,license_number,12-31-2027,Physical Therapist
PT,29880,MILDRED JEAN REUL,"RPT,MS",760-219-3312,,1164002671,57616 INTERLACHEN,LA QUINTA,CA,92253,LA QUINTA,RIVERSIDE,92253,high,license_number,01-31-2028,Physical Therapist
PT,27729,MILOMIR MILOSEVICH,PT,714-281-0169,,1669509261,27881 LA PAZ RD,LAGUNA NIGUEL,CA,92677,RIVERSIDE,RIVERSIDE,92508,high,license_number,04-30-2028,Physical Therapist
PT,38694,MINA YOUSSRY YOUSSEF,P.T.,760-459-0003,,1518237072,3700 E TACHEVAH DR STE 107,PALM SPRINGS,CA,92262,LA QUINTA,RIVERSIDE,92253,high,license_number,01-31-2028,Physical Therapist
PT,29699,MINDY BREE AVERY,DPT,951-452-2200,,1336451533,5551 LAKEVIEW AVE,YORBA LINDA,CA,92886,CORONA,RIVERSIDE,92881,high,license_number,08-31-2028,Physical Therapist
PT,298187,MIRA MOURAD WILLIAM,PT,951-723-8100,,1578183471,30141 ANTELOPE RD STE A,MENIFEE,CA,92584,LAKE ELSINORE,RIVERSIDE,92532,high,license_number,02-29-2028,Physical Therapist
PT,306456,MIRA SEDRAK,DPT,818-996-8386,,1942030838,18376 CLARK ST,TARZANA,CA,91356,CORONA,RIVERSIDE,92882,high,license_number,08-31-2028,Physical Therapist
PT,296809,MOHAMMAD KHALEGHIFAR,"PT, DPT",909-756-7001,,1588213029,851 E 6TH ST STE A4,BEAUMONT,CA,92223,RIVERSIDE,RIVERSIDE,92507,high,license_number,03-31-2027,Physical Therapist
PT,28513,MOHAMMED FAROUK MAHDI,PT,951-657-6559,,1891967709,2226 MEDICAL CENTER DR STE 101,PERRIS,CA,92571,MURRIETA,RIVERSIDE,92562,high,license_number,07-31-2027,Physical Therapist
PT,33139,MONICA DEJEU,,909-489-9287,,1700280716,36339 DUNES DR,BEAUMONT,CA,92223,BEAUMONT,RIVERSIDE,92223,high,license_number,12-31-2027,Physical Therapist
PT,309584,MONIQUE M HOWARD,MPT,760-568-2894,,1043423932,42080 STATE ST STE A,PALM DESERT,CA,92211,RANCHO MIRAGE,RIVERSIDE,92270,high,license_number,09-30-2027,Physical Therapist
PT,35229,NAKISA DANYAL VERDUGO-GARCIA,"P.T., D.P.T.",714-870-6116,,1578856860,233 ORANGEFAIR MALL,FULLERTON,CA,92832,CANYON LAKE,RIVERSIDE,92587,high,license_number,10-31-2026,Physical Therapist
PT,298923,NANCY DEMILT,,631-463-8321,,1356883730,2299 RIM RD,PALM SPRINGS,CA,92264,PALM SPRINGS,RIVERSIDE,92264,high,license_number,03-31-2028,Physical Therapist
PT,40167,NANCY NOELLE GRIEGER,P.T.,702-904-0178,,1003956798,20701 CEREAL ST,LAKE ELSINORE,CA,92530,LAKE ELSINORE,RIVERSIDE,92530,high,license_number,12-31-2026,Physical Therapist
PT,23238,NANETTE S. FORREY,PT,951-303-3566,,1609054840,31720 HWY 79 SOUTH,TEMECULA,CA,92592,WILDOMAR,RIVERSIDE,92595,high,license_number,03-31-2028,Physical Therapist
PT,13391,NAOMI DAWNE HARRIS,,909-647-6585,,1588187173,41555 COOK ST STE 100,PALM DESERT,CA,92211,IDYLLWILD,RIVERSIDE,92549,medium,name_exact,11-30-2027,Physical Therapist
PT,301903,NARSINHBHAI CHHAGANBHAI AHIR,RPT,951-292-4012,,1851605026,308 W 6TH ST STE 202,CORONA,CA,92882,EASTVALE,RIVERSIDE,92880,high,license_number,07-31-2027,Physical Therapist
PT,33514,NASKO LUBENOV ATANASSOV,PT,951-696-2604,,1760604383,36485 INLAND VALEY DRIVE,WILDOMAR,CA,92595,TEMECULA,RIVERSIDE,92591,high,license_number,06-30-2028,Physical Therapist
PT,293052,NATALIE WALKER,,951-672-0455,,1215466255,29650 BRADLEY RD,MENIFEE,CA,92586,PERRIS,RIVERSIDE,92570,high,license_number,08-31-2028,Physical Therapist
PT,293564,NATASHA ALLICIA MANDOLANG,"PT, DPT",909-427-5000,,1528579992,9961 SIERRA AVE,FONTANA,CA,92335,RIVERSIDE,RIVERSIDE,92507,high,license_number,02-28-2027,Physical Therapist
PT,294412,NATASHA CARRIEDO-JAIME,"PT, DPT",951-529-5944,,1821659137,30 N MADISON AVE UNIT 421,PASADENA,CA,91101,RIVERSIDE,RIVERSIDE,92505,high,license_number,07-31-2027,Physical Therapist
PT,292407,NATASHA GUNARATNE,D.P.T.,949-340-6927,,1568905222,24422 AVENIDA DE LA CARLOTA,LAGUNA HILLS,CA,92653,PALM DESERT,RIVERSIDE,92260,high,license_number,06-30-2028,Physical Therapist
PT,294580,NATHAN ARELLANO-PAJA,,909-685-5621,,1437758315,868 E ALVARADO ST APT 30,FALLBROOK,CA,92028,TEMECULA,RIVERSIDE,92591,high,license_number,04-30-2027,Physical Therapist
PT,305951,NATHAN J LESSARD,DPT,951-677-7221,,1700433877,32246 CLINTON KEITH RD,WILDOMAR,CA,92595,WILDOMAR,RIVERSIDE,92595,high,license_number,06-30-2027,Physical Therapist
PT,27539,NAYER NAZEER RAGHEB,Physical Therapist,951-657-1400,,1093739526,2226 MEDICAL CENTER DR STE 102,PERRIS,CA,92571,CORONA,RIVERSIDE,92883,high,license_number,02-29-2028,Physical Therapist
PT,308451,NEHA CHANDRAN,PT,760-345-3087,,1376428334,77622 COUNTRY CLUB DR STE G,PALM DESERT,CA,92211,LA QUINTA,RIVERSIDE,92253,high,license_number,04-30-2027,Physical Therapist
PT,21925,NELSON DAVID GALANG,PT,415-297-7158,,1457796443,483 BUENA VISTA AVE E STE A,SAN FRANCISCO,CA,94117,PALM SPRINGS,RIVERSIDE,92264,high,license_number,11-30-2027,Physical Therapist
PT,304937,NICHOLAS CAMERON KELLEY,PT DPT,951-564-3080,,1902685449,126 AVOCADO AVE STE 107,PERRIS,CA,92571,MORENO VALLEY,RIVERSIDE,92557,high,license_number,10-31-2026,Physical Therapist
PT,24383,NICHOLAS RAY MILES,MPT,949-388-4988,,1063612000,9 BAINBRIDGE AVE,LADERA RANCH,CA,92694,INDIO,RIVERSIDE,92201,high,license_number,10-31-2026,Physical Therapist
PT,305715,NICHOLAS SMITH,DPT,951-677-7221,,1477310787,32246 CLINTON KEITH RD STE 103,WILDOMAR,CA,92595,CANYON LAKE,RIVERSIDE,92587,high,license_number,04-30-2027,Physical Therapist
PT,29379,NICOLE ANN SANGUINO,"PT, DPT",951-684-6500,,1033418744,6180 BROCKTON AVE STE 102,RIVERSIDE,CA,92506,RIVERSIDE,RIVERSIDE,92507,high,license_number,08-31-2027,Physical Therapist
PT,35187,NICOLE BERGER,PT,951-870-8937,,1952623670,758 BONANZA CIR,CORONA,CA,92879,MURRIETA,RIVERSIDE,92563,high,license_number,01-31-2028,Physical Therapist
PT,36594,NICOLE GARRETT,DPT,562-587-3808,,1083992135,14431 LIGHT ST,WHITTIER,CA,90604,MURRIETA,RIVERSIDE,92563,medium,name_exact,08-31-2027,Physical Therapist
PT,35936,NICOLE HELENA BOWER,"D.P.T., CSCS",603-491-2331,,1588897615,69472 SERENITY RD,CATHEDRAL CITY,CA,92234,CATHEDRAL CITY,RIVERSIDE,92234,high,license_number,09-30-2028,Physical Therapist
PT,302481,NICOLE PACKWOOD,"PT, DPT",909-255-1694,,1497473524,1329 BARTON RD STE B,REDLANDS,CA,92373,LOMA LINDA,RIVERSIDE,92354,high,license_number,05-31-2028,Physical Therapist
PT,292631,NICOLLETTE PENNER,DPT,858-605-7189,,1174155568,15004 INNOVATION DRIVE,SAN DIEGO,CA,92128,MENIFEE,RIVERSIDE,92584,high,license_number,03-31-2028,Physical Therapist
PT,21088,NILDA T TORREFLORES,PT.,615-778-4066,,1790800803,1101 S MILLIKEN AVE,ONTARIO,CA,91761,CORONA,RIVERSIDE,92879,high,license_number,01-31-2027,Physical Therapist
PT,30291,NUBERT EARL PARICA,R.P.T.,714-484-9000,,1427122563,137 S KNOTT AVE,ANAHEIM,CA,92804,PALM SPRINGS,RIVERSIDE,92263,high,license_number,04-30-2027,Physical Therapist
PT,310646,OLIVIA JACQUELINE ORTIZ,DPT,909-796-7700,,1023928355,25864 BUSINESS CENTER DR STE C,REDLANDS,CA,92374,MORENO VALLEY,RIVERSIDE,92555,high,license_number,11-30-2027,Physical Therapist
PT,295320,PABLO ABRAHAN RUANO,"PT, DPT",951-652-1600,,1710467113,3889 W STETSON AVE STE 100,HEMET,CA,92545,CALIMESA,RIVERSIDE,92320,high,license_number,05-31-2028,Physical Therapist
PT,24184,PAIGE H LARSON,M.P.T.,760-766-2572,,1144283573,39000 BOB HOPE DR,RANCHO MIRAGE,CA,92270,RANCHO MIRAGE,RIVERSIDE,92270,high,license_number,09-30-2028,Physical Therapist
PT,42486,PAMELA HANNAH TENA DIEZMO,PT,949-632-4674,,1881159671,16611 WAR CLOUD DR,MORENO VALLEY,CA,92551,PERRIS,RIVERSIDE,92571,high,license_number,02-28-2027,Physical Therapist
PT,30126,PATRICIA CLAIBORNE SLOUGH,P.T.,760-341-0261,,1508171026,74350 COUNTRY CLUB DR,PALM DESERT,CA,92260,PALM SPRINGS,RIVERSIDE,92262,high,license_number,02-29-2028,Physical Therapist
PT,38188,PATRICIA DALE MC INTYRE-HELLER,PT,951-769-0300,,1801170006,1676 EAST 6TH ST,BEAUMONT,CA,92223,BEAUMONT,RIVERSIDE,92223,high,license_number,03-31-2027,Physical Therapist
PT,5916,PATRICIA MARIE HARDER,PT,760-409-6383,,1578289534,69472 SERENITY RD,CATHEDRAL CITY,CA,92234,RANCHO MIRAGE,RIVERSIDE,92270,high,license_number,07-31-2027,Physical Therapist
PT,293139,PATRICK ARNOLD LEWIS,"PT, DPT",714-538-0025,,1962924068,239 E KATELLA AVE,ORANGE,CA,92867,LA QUINTA,RIVERSIDE,92253,high,license_number,08-31-2028,Physical Therapist
PT,36243,PATRICK JOSEPH BAGAN,P.T.,951-736-5646,,1144558487,3178 HAMNER AVE # 4,NORCO,CA,92860,NORCO,RIVERSIDE,92860,high,license_number,01-31-2027,Physical Therapist
PT,42237,PATRICK T BLACK,DPT,951-769-0300,,1326439159,1676 E 6TH ST,BEAUMONT,CA,92223,CALIMESA,RIVERSIDE,92320,high,license_number,03-31-2028,Physical Therapist
PT,296418,PAUL CAMARENA,DPT,909-433-4752,,1376131748,485 AGUA MANSA RD,COLTON,CA,92324,RIVERSIDE,RIVERSIDE,92501,high,license_number,09-30-2028,Physical Therapist
PT,291117,PAUL CHRISTOPHER EGBERT,D.P.T.,951-303-8255,,1386002012,41769 ENTERPRISE CIR N,TEMECULA,CA,92590,MURRIETA,RIVERSIDE,92563,high,license_number,12-31-2027,Physical Therapist
PT,294452,PAUL SOK,DPT,619-587-9235,,1518467372,35659 PASINI TER,PALM DESERT,CA,92211,PALM DESERT,RIVERSIDE,92211,high,license_number,05-31-2027,Physical Therapist
PT,296776,PAULINA JESSICA DE LA ROSA,,562-322-3604,,1669010500,32016 MERANO ST,LAKE ELSINORE,CA,92530,LAKE ELSINORE,RIVERSIDE,92530,high,license_number,08-31-2028,Physical Therapist
PT,33474,PEECHIT BUTRANON,"RPT, RN",323-420-8233,,1932710654,6173 LA COSTA,FONTANA,CA,92336,EASTVALE,RIVERSIDE,92880,medium,name_exact,12-31-2026,Physical Therapist
PT,26426,PETER CARRILLO,PT,951-487-9317,,1932124377,2595 W FLORIDA AVE,HEMET,CA,92545,BEAUMONT,RIVERSIDE,92223,high,license_number,05-31-2027,Physical Therapist
PT,43386,PHAT MINH VU,"PT, DPT",951-297-3399,,1538525712,3400 CENTRAL AVE STE 145,RIVERSIDE,CA,92506,RIVERSIDE,RIVERSIDE,92506,high,license_number,06-30-2027,Physical Therapist
PT,42569,PHILLIP DANIEL HEREL,DPT,442-234-5364,,1093198145,73010 EL PASEO STE B,PALM DESERT,CA,92260,LA QUINTA,RIVERSIDE,92253,high,license_number,11-30-2026,Physical Therapist
PT,21505,PHUC NGUYEN,,909-427-7900,,1669696977,9961 SIERRA AVE,FONTANA,CA,92335,CORONA,RIVERSIDE,92881,high,license_number,12-31-2027,Physical Therapist
PT,306638,QUINCEY CAROLINE MAC MILLAN,,951-816-4228,,1396577888,255 E RINCON ST STE 112,CORONA,CA,92879,CORONA,RIVERSIDE,92879,high,license_number,09-30-2027,Physical Therapist
PT,28115,RACHEL ANN CARPENTER,,760-591-0179,,1124177993,3020 CHILDRENS WAY,SAN DIEGO,CA,92123,MURRIETA,RIVERSIDE,92563,high,license_number,10-31-2026,Physical Therapist
PT,39965,RACHEL NOELLE YORK,"PT, DPT",562-923-4911,,1932440674,8311 FLORENCE AVE,DOWNEY,CA,90240,RIVERSIDE,RIVERSIDE,92506,high,license_number,12-31-2026,Physical Therapist
PT,19373,RADU GHEORGHIU,RPT,760-328-3260,,1922033810,36960 PALM CT,RANCHO MIRAGE,CA,92270,PALM DESERT,RIVERSIDE,92211,high,license_number,04-30-2027,Physical Therapist
PT,302998,RAEMAR V COLOMA,,760-671-4760,CRaemar@allstarphysicaltherapy.org,1003530262,13313 PALM DR STE B,DESERT HOT SPRINGS,CA,92240,CATHEDRAL CITY,RIVERSIDE,92234,high,license_number,12-31-2027,Physical Therapist
PT,20785,RAMIL ALVAREZ,,951-735-7815,,1548277163,3506 BELVEDERE WAY,CORONA,CA,92882,CORONA,RIVERSIDE,92882,high,license_number,04-30-2027,Physical Therapist
PT,28254,RAMINDER SINGH DOSANJH,MPT,510-301-4038,,1548473358,1375 GRAND AVE STE 201,PIEDMONT,CA,94610,MORENO VALLEY,RIVERSIDE,92555,high,license_number,08-31-2028,Physical Therapist
PT,310259,RAMY AKROUSH,DPT,951-417-8195,,1326970682,29920 HUNTER RD STE 102,MURRIETA,CA,92563,MURRIETA,RIVERSIDE,92563,high,license_number,07-31-2027,Physical Therapist
PT,41349,RAVI PATEL,DPT,760-955-6061,,1205240454,12402 INDUSTRIAL BLVD,VICTORVILLE,CA,92395,RIVERSIDE,RIVERSIDE,92505,high,license_number,03-31-2028,Physical Therapist
PT,301786,RAYMOND PHILLIP RUIZ,"PT, DPT",951-273-7742,,1851047914,2275 S MAIN ST,CORONA,CA,92882,PERRIS,RIVERSIDE,92571,high,license_number,10-31-2027,Physical Therapist
PT,40807,REBECCA KUNZ,"PT, DPT",702-227-4477,,1437548468,366 E MESA VERDE LN,LAS VEGAS,NV,89123,RIVERSIDE,RIVERSIDE,92508,medium,name_exact,08-31-2027,Physical Therapist
PT,310132,REBECCA PHILLIPS,PT,760-347-6195,,1568320117,81557 DR CARREON BLVD STE C4,INDIO,CA,92201,PALM DESERT,RIVERSIDE,92211,medium,name_zip,03-31-2028,Physical Therapist
PT,37731,REECHIE MALEON,,626-271-5069,,1609720705,9527 PONTE BELLA DR,RIVERSIDE,CA,92508,RIVERSIDE,RIVERSIDE,92508,high,license_number,03-31-2027,Physical Therapist
PT,28262,REGIELOUR HOLGADO,PT,714-772-7480,,1184081689,1130 W LA PALMA AVE,ANAHEIM,CA,92801,EASTVALE,RIVERSIDE,92880,high,license_number,04-30-2027,Physical Therapist
PT,295308,RENEE GHALY,,909-912-1750,,1629558994,8805 HAVEN AVE STE 200,RANCHO CUCAMONGA,CA,91730,RIVERSIDE,RIVERSIDE,92508,high,license_number,11-30-2027,Physical Therapist
PT,22025,REY TEOFILO CRUZ AQUINO,PT MPT,951-658-0005,,1467436204,2091 W FLORIDA AVE STE 210,HEMET,CA,92545,HEMET,RIVERSIDE,92545,high,license_number,10-31-2026,Physical Therapist
PT,30178,REYNALDO MENDOZA MOJARES,PT,951-595-1738,,1184897746,28975 OLD TOWN FRONT ST,TEMECULA,CA,92590,TEMECULA,RIVERSIDE,92591,high,license_number,01-31-2028,Physical Therapist
PT,20806,RHEA ALVAREZ,,951-735-7815,,1356453492,3506 BELVEDERE WAY,CORONA,CA,92882,CORONA,RIVERSIDE,92882,high,license_number,09-30-2028,Physical Therapist
PT,27572,RHEA LAMPA,"M.P.T., A.T.C.",951-353-4670,,1063535037,10800 MAGNOLIA AVE,RIVERSIDE,CA,92505,RIVERSIDE,RIVERSIDE,92506,high,license_number,01-31-2028,Physical Therapist
PT,36393,RICARDO JOSEPH HERRERA,"PT, DPT, FAAOMPT",951-378-1599,,1083847107,25821 VERMONT AVE,HARBOR CITY,CA,90710,MENIFEE,RIVERSIDE,92584,high,license_number,08-31-2027,Physical Therapist
PT,301939,RICHARD J KROTTMAYER,,951-674-9515,,1386386266,425 DIAMOND DR STE 101,LAKE ELSINORE,CA,92530,MENIFEE,RIVERSIDE,92584,high,license_number,05-31-2027,Physical Therapist
PT,23851,RICHARD NORMAND TETREAULT,M.P.T.,909-370-0572,,1346257250,850 E WASHINGTON ST,COLTON,CA,92324,MORENO VALLEY,RIVERSIDE,92555,high,license_number,09-30-2028,Physical Therapist
PT,21737,ROBERT CURBELO,M.P.T.,626-429-8745,,1962584169,2020 VILLA HEIGHTS RD,PASADENA,CA,91107,PALM DESERT,RIVERSIDE,92260,high,license_number,09-30-2027,Physical Therapist
PT,41299,ROBERT MICHAEL NOSEK,DPT,760-723-2687,,1629143508,577 E ELDER ST,FALLBROOK,CA,92028,OCEANSIDE,RIVERSIDE,92058,high,license_number,03-31-2028,Physical Therapist
PT,293896,ROBRICH SARTHOU SIM,Doctorate,718-651-7800,,1568994374,6903 WOODSIDE AVE,WOODSIDE,NY,11377,MORENO VALLEY,RIVERSIDE,92551,medium,name_exact,07-31-2027,Physical Therapist
PT,295086,ROCHELLE MENDOZA,PT,951-397-9938,,1902413149,29218 BROKEN ARROW WAY,MURRIETA,CA,92563,MURRIETA,RIVERSIDE,92563,high,license_number,11-30-2027,Physical Therapist
PT,26046,ROLDAN VILLEGAS,Physical Therapist,951-808-9957,,1922113596,4007 ROYAL VISTA CIR,CORONA,CA,92881,CORONA,RIVERSIDE,92881,high,license_number,08-31-2028,Physical Therapist
PT,12822,RONALD ANDREW TOTH,"RPT, OCS",951-695-5144,,1851375059,29645 RANCHO CALIFORNIA RD STE 121,TEMECULA,CA,92591,TEMECULA,RIVERSIDE,92592,high,license_number,06-30-2028,Physical Therapist
PT,32199,RONIE PALOMARES,PT,562-698-0451,,1093105017,7931 SORENSEN AVE,WHITTIER,CA,90606,MURRIETA,RIVERSIDE,92563,high,license_number,04-30-2027,Physical Therapist
PT,301365,ROSS YUKIO TAKESUE,"PT, DPT",714-538-0025,,1679232821,239 E KATELLA AVE,ORANGE,CA,92867,RIVERSIDE,RIVERSIDE,92508,high,license_number,10-31-2027,Physical Therapist
PT,35515,ROY ALLAN QUINTOS ASUNCION,PT,951-672-0455,,1952472128,29650 BRADLEY RD,MENIFEE,CA,92586,MENIFEE,RIVERSIDE,92584,high,license_number,03-31-2027,Physical Therapist
PT,19234,ROY DEAN BURTON,"MPT, DPT,CSCS",760-322-2436,,1033130984,2208 N BLANDO RD,PALM SPRINGS,CA,92262,PALM SPRINGS,RIVERSIDE,92262,high,license_number,01-31-2027,Physical Therapist
PT,306007,ROY DIMAPILIS,PT,951-303-1414,,1629826730,31515 RANCHO PUEBLO RD STE 101,TEMECULA,CA,92592,MURRIETA,RIVERSIDE,92563,high,license_number,11-30-2027,Physical Therapist
PT,42209,RUJUTA P SHAH,,951-407-2933,,1679922785,1561 E ONTARIO AVE STE 101,CORONA,CA,92881,CORONA,RIVERSIDE,92881,high,license_number,11-30-2026,Physical Therapist
PT,32388,RUSSELL DIAL,P.T.,760-337-1144,,1295798676,1611 W MAIN ST,EL CENTRO,CA,92243,CATHEDRAL CITY,RIVERSIDE,92234,high,license_number,05-31-2027,Physical Therapist
PT,35567,RYAN KARROW,DPT,951-536-7600,,1184130031,920 CENTRAL AVE UNIT 101,RIVERSIDE,CA,92507,MENIFEE,RIVERSIDE,92585,high,license_number,12-31-2026,Physical Therapist
PT,309616,RYLEE G SILVA,,513-389-3666,,1538812284,500 E BUSINESS WAY STE C,CINCINNATI,OH,45241,TEMECULA,RIVERSIDE,92592,high,license_number,10-31-2027,Physical Therapist
PT,32382,SABRINA MARIE TOVAR-MARTINEZ,"MPT, DPT",951-296-0400,,1285602763,29377 RANCHO CALIFORNIA RD STE 100,TEMECULA,CA,92591,MURRIETA,RIVERSIDE,92564,high,license_number,08-31-2027,Physical Therapist
PT,298131,SAMANTHA BAIRD,"PT, DPT",951-460-0200,,1861026486,14252 SCHLEISMAN RD STE 203,EASTVALE,CA,92880,JURUPA VALLEY,RIVERSIDE,92509,high,license_number,01-31-2028,Physical Therapist
PT,292690,SAMANTHA RENEE PETERS,"PT, DPT, ATC",760-345-9934,,1538600184,78078 COUNTRY CLUB DR,BERMUDA DUNES,CA,92203,LA QUINTA,RIVERSIDE,92253,high,license_number,06-30-2028,Physical Therapist
PT,20724,SANDRA KRAEMER,PT,909-865-9810,,1457989691,1798 N GAREY AVE,POMONA,CA,91767,RIVERSIDE,RIVERSIDE,92508,high,license_number,05-31-2027,Physical Therapist
PT,292844,SANJAY REDDY,PT,760-459-0003,,1801864384,3700 E TACHEVAH DR STE 107,PALM SPRINGS,CA,92262,PALM DESERT,RIVERSIDE,92260,high,license_number,06-30-2028,Physical Therapist
PT,20395,SANJAY VASANTRAO PATIL,P.T.,951-688-8200,,1174785018,9020 GARFIELD ST,RIVERSIDE,CA,92503,CORONA,RIVERSIDE,92882,high,license_number,07-31-2028,Physical Therapist
PT,309167,SANWAL DILSHAD,,951-221-3250,,1023978012,23623 SUNNYMEAD BLVD STE E,MORENO VALLEY,CA,92553,CORONA,RIVERSIDE,92878,high,license_number,11-30-2027,Physical Therapist
PT,37335,SARAH JANE ARNOLD,"PT, DPT",951-574-6300,,1881996205,26755 JEFFERSON AVE STE D-1,MURRIETA,CA,92562,MURRIETA,RIVERSIDE,92562,high,license_number,07-31-2028,Physical Therapist
PT,296451,SARAH LORRAINE THOMAS,DPT,763-760-6303,,1780967422,NAVAL HOSPITAL CAMP PENDLETON,CAMP PENDLETON,CA,92055,TEMECULA,RIVERSIDE,92592,high,license_number,11-30-2026,Physical Therapist
PT,40359,SARAH MARIE HARE,,760-325-5950,,1164864088,552 S PASEO DOROTEA STE 4,PALM SPRINGS,CA,92264,PALM DESERT,RIVERSIDE,92260,high,license_number,06-30-2027,Physical Therapist
PT,299902,SARAH MCKINNON,PT,951-360-4100,,1447836721,4850 PEDLEY RD,JURUPA VALLEY,CA,92509,MENIFEE,RIVERSIDE,92584,high,license_number,09-30-2028,Physical Therapist
PT,29627,SARAH MICHELLE PURDY,MPT,951-471-3300,,1568559847,31764 CASINO DR,LAKE ELSINORE,CA,92530,CORONA,RIVERSIDE,92882,high,license_number,02-29-2028,Physical Therapist
PT,302122,SAVANA RAE FABIANA,"PT, DPT",760-953-5447,,1801534367,13223 BLACK MOUNTAIN RD # 1358,SAN DIEGO,CA,92129,MENIFEE,RIVERSIDE,92584,high,license_number,08-31-2027,Physical Therapist
PT,29758,SAVERIO SIMARI,MPT,909-580-1100,,1922301191,400 N PEPPER AVE,COLTON,CA,92324,BEAUMONT,RIVERSIDE,92223,high,license_number,03-31-2028,Physical Therapist
PT,296710,SAYALI ARUNKUMAR DHURI,PT DPT,951-379-1500,,1013565258,23100 EUCALYPTUS AVE STE C,MORENO VALLEY,CA,92553,RIVERSIDE,RIVERSIDE,92507,high,license_number,02-28-2027,Physical Therapist
PT,20982,SCOTT HUNSAKER,PT,951-736-5646,,1497752000,2275 S MAIN ST STE 102,CORONA,CA,92882,CORONA,RIVERSIDE,92882,high,license_number,01-31-2027,Physical Therapist
PT,292557,SEAN AUSTIN JOHNSTON,DPT,951-302-0278,,1023553336,41743 ENTERPRISE CIR N,TEMECULA,CA,92590,MORENO VALLEY,RIVERSIDE,92557,high,license_number,08-31-2028,Physical Therapist
PT,307745,SEAN YOOSIN KIM,"PT, DPT",951-407-9233,,1043006075,1561 E ONTARIO AVE STE 101,CORONA,CA,92881,CORONA,RIVERSIDE,92881,high,license_number,04-30-2028,Physical Therapist
PT,303933,SEHYUK PARK,,909-365-3557,,1285320176,8545 SIERRA AVE,FONTANA,CA,92335,EASTVALE,RIVERSIDE,92880,high,license_number,04-30-2028,Physical Therapist
PT,35666,SERWYNA DELOS SANTOS AQUINO,PT,951-693-5871,,1104051846,28780 SINGLE OAK DR,TEMECULA,CA,92590,TEMECULA,RIVERSIDE,92591,high,license_number,10-31-2028,Physical Therapist
PT,303592,SEUNGJAE KWON,,805-327-1100,,1780380170,3921 COCHRAN ST,SIMI VALLEY,CA,93063,EASTVALE,RIVERSIDE,91752,high,license_number,12-31-2026,Physical Therapist
PT,15651,SHARON B DABAREINER,P.T.,760-775-5511,,1205849510,81577 DR. CARREON BLVD.,INDIO,CA,92201,PALM DESERT,RIVERSIDE,92211,high,license_number,02-28-2027,Physical Therapist
PT,39679,SHAUN A BEAUDOIN,PT,323-588-7600,,1396080461,6399 WILSHIRE BLVD STE 500,LOS ANGELES,CA,90048,CORONA,RIVERSIDE,92882,high,license_number,10-31-2026,Physical Therapist
PT,17068,SHAWN REY CASTELLON,P.T.,951-674-9515,,1659511368,425 DIAMOND DR STE 101,LAKE ELSINORE,CA,92530,NORCO,RIVERSIDE,92860,high,license_number,11-30-2026,Physical Therapist
PT,299567,SHEARN CHUA,,951-769-0300,,1669060752,1676 E 6TH ST STE C,BEAUMONT,CA,92223,CHERRY VALLEY,RIVERSIDE,92223,high,license_number,10-31-2026,Physical Therapist
PT,292240,SHEERENE ANN CONSOLACION,,909-418-8503,,1538520358,3159 CABERNET DR,MIRA LOMA,CA,91752,JURUPA VALLEY,RIVERSIDE,91752,medium,name_exact,12-31-2027,Physical Therapist
PT,25395,SHEILA DORMITORIO MARTINEZ,P.T.,951-343-9568,,1053580019,16962 CARROTWOOD DR,RIVERSIDE,CA,92503,MORENO VALLEY,RIVERSIDE,92555,high,license_number,09-30-2027,Physical Therapist
PT,301821,SHEILA FERRER,DPT,951-303-1414,,1003558560,31515 RANCHO PUEBLO RD STE 101,TEMECULA,CA,92592,WINCHESTER,RIVERSIDE,92596,high,license_number,05-31-2027,Physical Therapist
PT,34362,SHELLEY LYNN MEJIA,DPT,951-672-0455,,1083882526,29650 BRADLEY RD,SUN CITY,CA,92586,MURRIETA,RIVERSIDE,92563,high,license_number,03-31-2027,Physical Therapist
PT,34269,SHENG YIN CHEN,DPT,951-672-0455,,1154405306,29650 BRADLEY RD,SUN CITY,CA,92586,MURRIETA,RIVERSIDE,92563,high,license_number,04-30-2027,Physical Therapist
PT,33704,SHERYL MAUREEN FLYNN,"P.T., Ph.D.",626-296-6400,,1396941514,2400 LINCOLN AVE STE 118,ALTADENA,CA,91001,LA QUINTA,RIVERSIDE,92253,high,license_number,01-31-2027,Physical Therapist
PT,25231,SHIRLEY ORTIZ-LUIS,,323-445-7204,,1932567278,880 BAGHDADY ST,CORONA,CA,92879,CORONA,RIVERSIDE,92879,high,license_number,10-31-2027,Physical Therapist
PT,41183,SHIVANI PATEL,PT,661-588-4286,,1932519360,1002 CALLOWAY DR,BAKERSFIELD,CA,93312,TEMECULA,RIVERSIDE,92592,high,license_number,09-30-2027,Physical Therapist
PT,295351,SHIVANI SARASWAT,,248-345-0561,,1568033033,2409 VIA ALICANTE,CORONA,CA,92881,CORONA,RIVERSIDE,92882,medium,name_exact,07-31-2028,Physical Therapist
PT,294909,SIDDESH NELAMAKANAHALLY SIDDEGOWDA,,855-454-3784,,1396293312,41421 DATE ST STE 101,MURRIETA,CA,92562,MENIFEE,RIVERSIDE,92585,high,license_number,06-30-2028,Physical Therapist
PT,299817,SIMRATJEET KAUR,,951-379-0100,,1861078933,27900 BRODIAEA AVE,MORENO VALLEY,CA,92555,MORENO VALLEY,RIVERSIDE,92555,high,license_number,01-31-2027,Physical Therapist
PT,32308,SMITA ZUBAK,PT,951-353-5578,,1689883217,10800 MAGNOLIA AVE,RIVERSIDE,CA,92505,CORONA,RIVERSIDE,92882,high,license_number,10-31-2027,Physical Therapist
PT,27827,SNEHAL SONI,P.T.,714-423-6199,,1669610689,6275 MULAN ST,CORONA,CA,92880,EASTVALE,RIVERSIDE,92880,high,license_number,06-30-2028,Physical Therapist
PT,302230,SOFIA NATALIA VIZCARRA,DPT,951-370-1325,,1477287258,1620 E SECOND ST STE IANDJ,BEAUMONT,CA,92223,RIVERSIDE,RIVERSIDE,92507,high,license_number,11-30-2027,Physical Therapist
PT,42649,SONIA KURUNATHAN,"PT, DPT",760-773-2033,,1447749114,39000 BOB HOPE DR,RANCHO MIRAGE,CA,92270,PALM DESERT,RIVERSIDE,92260,high,license_number,12-31-2026,Physical Therapist
PT,33236,SOWORWON NYIRADY,,909-528-0776,,1285877118,16689 FOOTHILL BLVD STE 106,FONTANA,CA,92335,RIVERSIDE,RIVERSIDE,92506,high,license_number,01-31-2028,Physical Therapist
PT,27657,STELLA DEJESA MENDOZA,PT,760-949-3388,,1871675058,15235 MAIN ST,HESPERIA,CA,92345,EASTVALE,RIVERSIDE,92880,high,license_number,06-30-2028,Physical Therapist
PT,15791,STEPHEN KERR,PT,805-772-7358,,1194126060,500 QUINTANA RD,MORRO BAY,CA,93442,CATHEDRAL CITY,RIVERSIDE,92234,high,license_number,01-31-2027,Physical Therapist
PT,29650,STEVEN ALYASSI,PT,909-268-1238,,1205336435,1030 LOWRY RANCH RD,CORONA,CA,92881,CORONA,RIVERSIDE,92881,high,license_number,10-31-2027,Physical Therapist
PT,8483,STEVEN PAUL LOCKARD,PT,310-320-6659,,1033204367,1407 CRENSHAW BLVD,TORRANCE,CA,90501,DESERT HOT SPRINGS,RIVERSIDE,92241,high,license_number,03-31-2028,Physical Therapist
PT,19644,STEVEN PHILLIPS,PT,760-340-7742,,1245354539,41505 CARLOTTA DR,PALM DESERT,CA,92211,PALM DESERT,RIVERSIDE,92211,high,license_number,05-31-2027,Physical Therapist
PT,299216,STEVEN SHATZER,DPT,858-966-5829,,1851899132,3020 CHILDRENS WAY # MC5068,SAN DIEGO,CA,92123,MURRIETA,RIVERSIDE,92562,medium,name_exact,12-31-2027,Physical Therapist
PT,32881,SUE NM NEWMAN,DPT,909-583-6009,,1407991474,11201 BENTON ST,LOMA LINDA,CA,92357,TEMECULA,RIVERSIDE,92592,high,license_number,05-31-2028,Physical Therapist
PT,7798,SUE OBADIAH KLEIN,PT,310-315-9711,,1356394506,2901 WILSHIRE BLVD 440,SANTA MONICA,CA,90403,WESTLAKE VILLAGE,RIVERSIDE,91361,high,license_number,04-30-2027,Physical Therapist
PT,302277,SUMIN SEO,PT,760-347-6195,,1871232561,81557 DR CARREON BLVD STE C4,INDIO,CA,92201,INDIO,RIVERSIDE,92201,high,license_number,11-30-2027,Physical Therapist
PT,42878,SUNG JIN ELMS,"PT, DPT",562-305-0332,,1508617648,350 RIDGE RD,PALM SPRINGS,CA,92264,PALM SPRINGS,RIVERSIDE,92264,high,license_number,07-31-2027,Physical Therapist
PT,28941,SUNNY JAMES BAUTISTA BUSTOS,,951-452-6691,,1730807355,13049 MISTY MEADOW CT,MORENO VALLEY,CA,92555,MORENO VALLEY,RIVERSIDE,92555,high,license_number,04-30-2027,Physical Therapist
PT,9459,SUSAN MATTOON HUFFAKER,PT,951-358-2669,,1821215500,10800 MAGNOLIA AVE,RIVERSIDE,CA,92505,MORENO VALLEY,RIVERSIDE,92557,high,license_number,10-31-2027,Physical Therapist
PT,293975,SUSAN SHARKO,DPT,951-719-8155,,1922506369,31741 TEMECULA PKWY STE C,TEMECULA,CA,92592,TEMECULA,RIVERSIDE,92592,medium,name_exact,08-31-2027,Physical Therapist
PT,300129,SWATI MISTRY,DPT,951-735-6060,,1386253722,341 MAGNOLIA AVE STE 101,CORONA,CA,92879,EASTVALE,RIVERSIDE,92880,high,license_number,06-30-2028,Physical Therapist
PT,25710,SYLVIA HELENE O'NEILL,"MPT, BS Ed",951-687-4169,,1336364108,2240 GRACE ST,RIVERSIDE,CA,92504,RIVERSIDE,RIVERSIDE,92504,high,license_number,08-31-2028,Physical Therapist
PT,292862,TAKUMA RICHARD SHITO,DPT,951-735-6060,,1699215087,341 MAGNOLIA AVE STE 101,CORONA,CA,92879,CORONA,RIVERSIDE,92883,high,license_number,11-30-2026,Physical Therapist
PT,25665,TALI MARIE MANTHEY,MPT,951-928-0773,,1740370477,30099 RESERVOIR AVE,NUEVO,CA,92567,HEMET,RIVERSIDE,92545,high,license_number,08-31-2028,Physical Therapist
PT,42021,TAMRA LYN SLANKER,"PT, DPT, CSCS",714-870-8478,,1346647138,1027 N HARBOR BLVD,FULLERTON,CA,92832,MURRIETA,RIVERSIDE,92563,medium,name_exact,04-30-2028,Physical Therapist
PT,294294,TANMEET K KAPOOR,,909-670-6328,,1184003048,1005 MOUNT OLIVE DRIVE,DUARTE,CA,91010,BEAUMONT,RIVERSIDE,92223,high,license_number,03-31-2027,Physical Therapist
PT,302085,TAWNY CHAN,DPT,951-340-3402,,1780328096,1280 CORONA POINTE CT STE 118,CORONA,CA,92879,CORONA,RIVERSIDE,92881,high,license_number,10-31-2027,Physical Therapist
PT,296318,TAYLOR SUSDORF,PT,925-640-6240,,1336885672,24271 JACKSON AVE,MURRIETA,CA,92562,MURRIETA,RIVERSIDE,92562,high,license_number,07-31-2028,Physical Therapist
PT,298068,TAYLOR WHITTLE,"PT, DPT",951-340-0431,twhittle@leapspediatric.org,1467062505,4211B VALLEY VIEW AVE,NORCO,CA,92860,TEMECULA,RIVERSIDE,92591,high,license_number,06-30-2027,Physical Therapist
PT,37879,TEGR MICHAEL POWELL,DPT,559-638-3578,,1205117512,1090 E DINUBA AVE,REEDLEY,CA,93654,PALM SPRINGS,RIVERSIDE,92264,high,license_number,07-31-2028,Physical Therapist
PT,23771,TERESA LYNN FLAUN,,760-773-2033,,1306896329,39600 BOB HOPE DR,RANCHO MIRAGE,CA,92270,PALM DESERT,RIVERSIDE,92260,high,license_number,11-30-2026,Physical Therapist
PT,26878,TERESA MARIE KOOPS,"PT, DPT",760-728-2330,,1730129107,325 POTTER ST,FALLBROOK,CA,92028,MURRIETA,RIVERSIDE,92562,high,license_number,12-31-2027,Physical Therapist
PT,21879,TERRY GLENN CARTELL,P.T.,951-696-2604,,1851518385,36485 INLAND VALLEY DR,WILDOMAR,CA,92595,MURRIETA,RIVERSIDE,92563,high,license_number,08-31-2028,Physical Therapist
PT,303057,TESS FEBUARY,PT,619-482-3000,,1558087791,1392 E PALOMAR ST STE 503,CHULA VISTA,CA,91913,MENIFEE,RIVERSIDE,92586,high,license_number,02-29-2028,Physical Therapist
PT,14923,THEODORA WINN,PT,951-274-3524,,1245455104,4444 MAGNOLIA AVE,RIVERSIDE,CA,92501,RIVERSIDE,RIVERSIDE,92506,high,license_number,05-31-2027,Physical Therapist
PT,294464,TIANNA ELLA WOODS,,951-271-2041,,1548753924,251 W RINCON ST UNIT 105,CORONA,CA,92880,CORONA,RIVERSIDE,92879,high,license_number,09-30-2027,Physical Therapist
PT,20734,TODD EDWARD MINER,PT,760-776-1911,,1083647614,71847 HIGHWAY 111,RANCHO MIRAGE,CA,92270,DESERT HOT SPRINGS,RIVERSIDE,92241,high,license_number,07-31-2028,Physical Therapist
PT,26794,TRACY LYNN CHUCK,MSPT,760-674-0675,,1972587079,73600 ALESSANDRO DR,PALM DESERT,CA,92260,PALM DESERT,RIVERSIDE,92260,high,license_number,02-28-2027,Physical Therapist
PT,39348,TRACY SUZANNE ROBERTS-HISLOP,DPT,951-340-3402,,1336498211,886 MAGNOLIA AVE,CORONA,CA,92879,MURRIETA,RIVERSIDE,92562,high,license_number,11-30-2027,Physical Therapist
PT,23603,TRENT LINDON WHITE,,951-551-8201,,1437742475,17682 MITCHELL N STE 100,IRVINE,CA,92614,MURRIETA,RIVERSIDE,92563,high,license_number,05-31-2028,Physical Therapist
PT,6384,TREVOR CONNER,P.T.,951-657-1400,,1427206390,2226 MEDICAL CENTER DR STE 102,PERRIS,CA,92571,SUN CITY,RIVERSIDE,92585,high,license_number,11-30-2027,Physical Therapist
PT,302457,TREVOR SCOTT DOUGLASS,DPT,951-684-2874,,1366167215,3191 MISSION INN AVE STE B,RIVERSIDE,CA,92507,RIVERSIDE,RIVERSIDE,92507,high,license_number,12-31-2027,Physical Therapist
PT,24715,TREVYN LLOYD DESPAIN,RPT,951-274-7744,,1063490092,3908 10TH ST,RIVERSIDE,CA,92501,RIVERSIDE,RIVERSIDE,92501,high,license_number,04-30-2027,Physical Therapist
PT,302651,TU THANH PHAM,,949-241-0754,,1073243499,4001 MORNINGSIDE AVE,SANTA ANA,CA,92703,RIVERSIDE,RIVERSIDE,92508,medium,name_exact,08-31-2028,Physical Therapist
PT,300512,TYLER SAUDE,DPT,972-979-6577,,1952071508,308 COIT RD STE 400,PLANO,TX,75075,INDIO,RIVERSIDE,92203,medium,name_exact,03-31-2027,Physical Therapist
PT,24232,VAHID KABIRI,PT,949-484-3000,,1457741316,26941 COLMENAR,MISSION VIEJO,CA,92692,LAKE ELSINORE,RIVERSIDE,92530,high,license_number,08-31-2028,Physical Therapist
PT,15614,VERNON LAMBERT,PT,951-515-9847,,1568741155,733 MICHAEL CT,REDLANDS,CA,92374,MORENO VALLEY,RIVERSIDE,92557,high,license_number,04-30-2028,Physical Therapist
PT,295180,VICTOR DO,,844-316-7979,,1689156838,2700 N MAIN ST STE 150,SANTA ANA,CA,92705,RIVERSIDE,RIVERSIDE,92503,high,license_number,10-31-2027,Physical Therapist
PT,306887,VICTOR EDUARDO DENNIS,DPT,951-304-7273,,1154141711,224 N RIVERSIDE AVE STE A,RIALTO,CA,92376,RIVERSIDE,RIVERSIDE,92507,high,license_number,02-29-2028,Physical Therapist
PT,34945,VIMMI RANI VERMA,DPT,818-241-9176,,1073763157,544 N GLENDALE AVE,GLENDALE,CA,91206,JURUPA VALLEY,RIVERSIDE,91752,high,license_number,04-30-2028,Physical Therapist
PT,301368,VINCENT HIEU VUTRAN,DPT,760-345-3087,,1225798853,77622 COUNTRY CLUB DR STE G,PALM DESERT,CA,92211,INDIO,RIVERSIDE,92201,high,license_number,10-31-2027,Physical Therapist
PT,34370,VINCENT J KAMBE,DPT,760-347-6195,,1356526099,82013 DR CARREON BLVD,INDIO,CA,92201,INDIO,RIVERSIDE,92201,high,license_number,06-30-2027,Physical Therapist
PT,302049,VINCENT VY CAO TRAN,"PT, DPT",714-378-2308,,1518606151,19066 MAGNOLIA ST,HUNTINGTON BEACH,CA,92646,RIVERSIDE,RIVERSIDE,92504,high,license_number,10-31-2027,Physical Therapist
PT,34685,VIRGENIA MANTOS LIM,PT,310-838-1552,,1194045302,8885 VENICE BLVD,LOS ANGELES,CA,90034,RIVERSIDE,RIVERSIDE,92504,high,license_number,04-30-2028,Physical Therapist
PT,36100,VIVIAN Y HWANG,DPT,760-346-5420,,1073842894,41505 CARLOTTA DR,PALM DESERT,CA,92211,BEAUMONT,RIVERSIDE,92223,high,license_number,04-30-2027,Physical Therapist
PT,32792,WENDY ASHLEY,D.P.T.,951-925-7609,,1679676910,2940 W FLORIDA AVE STE B,HEMET,CA,92545,RIVERSIDE,RIVERSIDE,92508,high,license_number,07-31-2027,Physical Therapist
PT,40436,WESLEY MICHAEL SHULBY,PT,760-218-9505,,1891299772,83833 WOLF CREEK RD,INDIO,CA,92203,INDIO,RIVERSIDE,92203,high,license_number,02-28-2027,Physical Therapist
PT,26086,WESTON ALEXANDER SMITH,"DPT, OCS",951-698-7720,,1588648349,25150 HANCOCK AVE STE 100,MURRIETA,CA,92562,MURRIETA,RIVERSIDE,92563,high,license_number,11-30-2026,Physical Therapist
PT,16018,WILLIAM HENRY COLLINS,P.T.,951-704-4040,,1750428215,40675 CALIFORNIA OAKS RD,MURRIETA,CA,92562,MURRIETA,RIVERSIDE,92562,high,license_number,08-31-2027,Physical Therapist
PT,34922,WILLIAM J. FREDRICKSEN,PT,951-658-3121,,1467601567,1515 W FLORIDA AVE,HEMET,CA,92543,HEMET,RIVERSIDE,92544,high,license_number,08-31-2028,Physical Therapist
PT,16129,WILLIAM WHITMAN,P. T.,951-659-5163,,1356429989,55500 SOUTH CIRCLE DR,IDYLLWILD,CA,92549,IDYLLWILD,RIVERSIDE,92549,high,license_number,08-31-2027,Physical Therapist
PT,21158,WILLIAM YOUNG CARLSON,MPT,760-360-7565,,1851467344,79380 BOWDEN DRIVE,BERMUDA DUNES,CA,92203,LA QUINTA,RIVERSIDE,92253,high,license_number,09-30-2027,Physical Therapist
PT,301330,WILVER ISRAEL GONZALEZ-GALDAMEZ,DPT,760-771-9054,,1629735097,79440 CORPORATE CENTER DR STE 112,LA QUINTA,CA,92253,LA QUINTA,RIVERSIDE,92253,high,license_number,01-31-2027,Physical Therapist
PT,304408,WINONA TRISHA FIGUEROA,"PT, DPT",951-304-7673,,1962185330,39815 ALTA MURRIETA DR BLDG C,MURRIETA,CA,92563,MURRIETA,RIVERSIDE,92563,high,license_number,09-30-2026,Physical Therapist
PT,23489,YAN CHAN,,609-233-8887,,1902349103,9540 TOWNE CENTRE DR,SAN DIEGO,CA,92121,CORONA,RIVERSIDE,92881,high,license_number,06-30-2028,Physical Therapist
PT,291651,YAZMIN MELENDEZ,,714-244-7464,,1659824191,25173 CORAL CANYON RD,CORONA,CA,92883,CORONA,RIVERSIDE,92883,high,license_number,11-30-2027,Physical Therapist
PT,310973,YILIN ZHU,DPT,951-658-9000,,1366351728,235 N GILBERT ST,HEMET,CA,92543,RIVERSIDE,RIVERSIDE,92507,high,license_number,10-31-2027,Physical Therapist
PT,37992,YOLANDA OSORIO,DPT,951-672-0455,,1992088496,29650 BRADLEY RD,MENIFEE,CA,92586,SUN CITY,RIVERSIDE,92586,high,license_number,10-31-2026,Physical Therapist
PT,302658,ZACHARY HAYNES,PT,925-939-8585,,1548996978,1800 SUTTER ST STE 100,CONCORD,CA,94520,CORONA,RIVERSIDE,92882,medium,name_exact,07-31-2028,Physical Therapist
PT,294109,ZACHARY JAMES CORNS,DPT,707-627-2073,,1013409929,7915 UVA DR,REDWOOD VALLEY,CA,95470,DESERT HOT SPRINGS,RIVERSIDE,92240,high,license_number,10-31-2027,Physical Therapist
PTA,53033,ADAM AVINA,PTA,760-340-4050,,1689550592,72880 FRED WARING DR STE B6-7,PALM DESERT,CA,92260,INDIO,RIVERSIDE,92203,high,license_number,10-31-2027,Physical Therapist Assistant
PTA,49774,ADRIANA PADILLA,,714-656-6527,,1972220960,4560 SE INTERNATIONAL WAY STE 100,MILWAUKIE,OR,97222,RIVERSIDE,RIVERSIDE,92506,high,license_number,06-30-2028,Physical Therapist Assistant
PTA,8368,ADRIANO VELASCO,,951-283-3448,,1891183760,1471 S RIVERSIDE AVE,RIALTO,CA,92376,RIVERSIDE,RIVERSIDE,92503,high,license_number,12-31-2026,Physical Therapist Assistant
PTA,52047,AISHIA RUIZ,,714-999-6596,,1184348609,215 N STATE COLLEGE BLVD STE G,ANAHEIM,CA,92806,JURUPA VALLEY,RIVERSIDE,92509,high,license_number,01-31-2028,Physical Therapist Assistant
PTA,51966,ALEJANDRA BEDROSSIAN,,760-879-4562,,1346169331,12395 EL CAMINO REAL STE 111,SAN DIEGO,CA,92130,RANCHO MIRAGE,RIVERSIDE,92270,high,license_number,06-30-2028,Physical Therapist Assistant
PTA,50417,ALEXANDRA RODRIGUEZ,,562-608-5755,,1649976366,1594 SAGEBRUSH PL,BEAUMONT,CA,92223,BEAUMONT,RIVERSIDE,92223,medium,name_exact,03-31-2027,Physical Therapist Assistant
PTA,2459,ALICIA RUSSELL DRUMGOLE,,866-991-0900,,1821412545,27240 HAGGERTY RD,FARMINGTON HILLS,MI,48331,MORENO VALLEY,RIVERSIDE,92552,high,license_number,03-31-2027,Physical Therapist Assistant
PTA,53751,ALIVIA LUNDQUIST,,760-547-2666,,1225916018,2335 VISTA WAY,OCEANSIDE,CA,92054,TEMECULA,RIVERSIDE,92592,high,license_number,06-30-2028,Physical Therapist Assistant
PTA,51955,ALLANA MARIE MICLAT ALONZO,,951-600-4640,,1235839655,24100 MONROE AVE,MURRIETA,CA,92562,RIVERSIDE,RIVERSIDE,92503,high,license_number,11-30-2027,Physical Therapist Assistant
PTA,5220,AMY BALKUS,,714-319-9735,,1467791541,3130 DOGWOOD DR,CORONA,CA,92882,QUAIL VALLEY,RIVERSIDE,92587,high,license_number,08-31-2028,Physical Therapist Assistant
PTA,51605,ANDREA JAUREGUI,PTA,626-536-4834,andrea.z@wonderkindtherapy.com,1942942453,2641 HAMNER AVE STE 110,NORCO,CA,92860,RIVERSIDE,RIVERSIDE,92503,medium,name_exact,06-30-2027,Physical Therapist Assistant
PTA,48585,ANDREW DEAN ALFREY,PTA,760-322-5090,,1992230569,27620 LANDAU BLVD STE 3,CATHEDRAL CITY,CA,92234,CATHEDRAL CITY,RIVERSIDE,92234,high,license_number,04-30-2028,Physical Therapist Assistant
PTA,48813,ANDREW STENSON,,951-587-8405,,1295365880,41278 MARGARITA RD STE 102,TEMECULA,CA,92591,MURRIETA,RIVERSIDE,92562,high,license_number,10-31-2026,Physical Therapist Assistant
PTA,49745,ANGEL RODRIGUEZ FABIAN RODRIGUEZ,,951-925-2571,,1871058677,1350 E DEVONSHIRE AVE,HEMET,CA,92544,MENIFEE,RIVERSIDE,92584,high,license_number,03-31-2028,Physical Therapist Assistant
PTA,9255,ANNA M ELKINS,PTA,951-809-1532,,1942514575,3846 WESTWOOD DR,RIVERSIDE,CA,92504,CORONA,RIVERSIDE,92883,high,license_number,09-30-2027,Physical Therapist Assistant
PTA,6372,ANTHONY L LAURIO,PTA,951-600-4640,,1891491718,24100 MONROE AVE,MURRIETA,CA,92562,LAKE ELSINORE,RIVERSIDE,92530,high,license_number,01-31-2028,Physical Therapist Assistant
PTA,9803,ANTOINETTE EVANGELISTA COLCOL,PTA,619-746-1611,,1730581380,3417 KENNELWORTH LN,BONITA,CA,91902,MENIFEE,RIVERSIDE,92585,high,license_number,06-30-2027,Physical Therapist Assistant
PTA,6096,ARI SOFER,PTA,310-273-0877,,1114809555,2730 WILSHIRE BLVD STE 533,SANTA MONICA,CA,90403,YUCCA VALLEY,RIVERSIDE,92284,high,license_number,10-31-2026,Physical Therapist Assistant
PTA,50061,ASHLEY PERSHIN,PTA,951-303-8255,office@temeculatherapy.com,1679189096,41769 ENTERPRISE CIR N STE 104,TEMECULA,CA,92590,TEMECULA,RIVERSIDE,92592,high,license_number,08-31-2028,Physical Therapist Assistant
PTA,6833,BENJAMIN FRANCO,,951-255-2215,,1336555960,10983 MIDDLEBOROUGH RD,RIVERSIDE,CA,92503,CORONA,RIVERSIDE,92881,high,license_number,12-31-2026,Physical Therapist Assistant
PTA,8358,BERNADETTE CALMA,,951-600-4640,,1457067803,24100 MONROE AVE,MURRIETA,CA,92562,MURRIETA,RIVERSIDE,92563,high,license_number,05-31-2028,Physical Therapist Assistant
PTA,9147,BERNARD VILLASECA,,760-746-0303,,1992193692,201 N FIG ST,ESCONDIDO,CA,92025,TEMECULA,RIVERSIDE,92592,high,license_number,09-30-2027,Physical Therapist Assistant
PTA,2065,BILLY SPENCER,,949-707-5555,,1528273083,23271 VERDUGO DR,LAGUNA HILLS,CA,92653,HEMET,RIVERSIDE,92543,high,license_number,12-31-2026,Physical Therapist Assistant
PTA,51717,BRADLEY STEVEN RANKIN,PTA,800-489-6905,,1689251431,36867 COOK ST STE 103,PALM DESERT,CA,92211,PALM DESERT,RIVERSIDE,92260,medium,name_exact,09-30-2027,Physical Therapist Assistant
PTA,51181,BRANDON MICHAEL ALLEN,,760-325-5950,,1427934553,552 S PASEO DOROTEA STE 4,PALM SPRINGS,CA,92264,MORENO VALLEY,RIVERSIDE,92551,medium,name_exact,05-31-2028,Physical Therapist Assistant
PTA,5058,BREEANNA SUE CONSTABLE,PTA,951-304-7673,,1255065223,39815 ALTA MURRIETA DR,MURRIETA,CA,92563,PALM DESERT,RIVERSIDE,92260,high,license_number,03-31-2027,Physical Therapist Assistant
PTA,3702,BRIAN ALEXANDER HILL,"PTA, ATC",714-524-3500,,1649491341,1075 YORBA PL,PLACENTIA,CA,92870,CORONA,RIVERSIDE,92881,high,license_number,02-29-2028,Physical Therapist Assistant
PTA,3266,BRYON GRAULICH,"ATC, PTA",949-533-5667,,1770982514,5233 E KEYNOTE ST,LONG BEACH,CA,90808,INDIO,RIVERSIDE,92201,high,license_number,07-31-2027,Physical Therapist Assistant
PTA,8184,CARI BARBA,,951-660-3349,,1952552754,23559 GINGERBREAD DR,MURRIETA,CA,92562,MURRIETA,RIVERSIDE,92562,medium,name_exact,10-31-2027,Physical Therapist Assistant
PTA,8102,CARLEEN MAE GAYO FERNANDEZ,Carleen Fernandez,951-522-1205,,1245446640,11375 PONDHURST WAY,RIVERSIDE,CA,92505,RIVERSIDE,RIVERSIDE,92505,high,license_number,04-30-2027,Physical Therapist Assistant
PTA,3052,CARLOS ALBERTO VALDES,,909-984-6713,,1710683719,1661 S EUCLID AVE,ONTARIO,CA,91762,RIVERSIDE,RIVERSIDE,92509,high,license_number,03-31-2027,Physical Therapist Assistant
PTA,8323,CAROLINE CAVA CARREON,PTA,858-689-2361,,1245400548,7933 WESTMORE RD,SAN DIEGO,CA,92126,WINCHESTER,RIVERSIDE,92596,high,license_number,11-30-2026,Physical Therapist Assistant
PTA,48904,CHARLENE SPARKS,PTA,714-289-2400,,1376014373,393 S TUSTIN ST,ORANGE,CA,92866,CORONA,RIVERSIDE,92882,high,license_number,10-31-2026,Physical Therapist Assistant
PTA,3515,CHERYL ANNA ADAM,P.T.A.,760-471-2986,,1871753335,1586 W SAN MARCOS BLVD,SAN MARCOS,CA,92078,MURRIETA,RIVERSIDE,92562,high,license_number,08-31-2028,Physical Therapist Assistant
PTA,48381,COLETTE SCHUMAKER,,909-370-0572,,1649713470,850 E WASHINGTON ST,COLTON,CA,92324,CORONA,RIVERSIDE,92878,high,license_number,01-31-2028,Physical Therapist Assistant
PTA,50783,CRISTINA M KING,PTA,951-303-8255,office@temeculatherapy.com,1437747144,41769 ENTERPRISE CIR N STE 104,TEMECULA,CA,92590,TEMECULA,RIVERSIDE,92592,high,license_number,11-30-2027,Physical Therapist Assistant
PTA,9239,CRIZELDA MALLARES-REYES,PTA,714-204-5670,,1750779294,12707 HARLOW AVE,RIVERSIDE,CA,92503,CORONA,RIVERSIDE,92883,high,license_number,04-30-2028,Physical Therapist Assistant
PTA,51973,CYDNEY CATHERINE CADY,PTA,949-716-5050,,1740987445,22821 LAKE FOREST DR STE 115,LAKE FOREST,CA,92630,CORONA,RIVERSIDE,92882,high,license_number,04-30-2028,Physical Therapist Assistant
PTA,50273,DAMIAN PEREZ,,949-206-1700,,1447896204,26302 LA PAZ RD STE 105,MISSION VIEJO,CA,92691,TEMECULA,RIVERSIDE,92591,medium,name_exact,06-30-2027,Physical Therapist Assistant
PTA,54849,DANIEL JAMES ORTIZ,PTA,714-998-9580,,1497679716,120 S CHAPARRAL CT STE 150,ANAHEIM,CA,92808,RIVERSIDE,RIVERSIDE,92503,high,license_number,07-31-2027,Physical Therapist Assistant
PTA,49819,DANIEL RAUL MIRANDA,PTA,626-727-6282,,1144861360,855 N LARK ELLEN AVE STE L,WEST COVINA,CA,91791,MORENO VALLEY,RIVERSIDE,92555,high,license_number,03-31-2028,Physical Therapist Assistant
PTA,52192,DANIEL SANCHEZ,PTA,909-825-7084,,1063102259,11201 BENTON ST,LOMA LINDA,CA,92357,BANNING,RIVERSIDE,92220,high,license_number,03-31-2028,Physical Therapist Assistant
PTA,53588,DANIELLE LEDRU WALKER,,562-824-7870,,1205782224,29445 RANCHO CALIFORNIA RD APT 315,TEMECULA,CA,92591,TEMECULA,RIVERSIDE,92591,high,license_number,06-30-2028,Physical Therapist Assistant
PTA,5462,DAVID PATRICK DAYMON,PTA,760-771-9054,,1780988147,47647 CALEO BAY DR STE 130,LA QUINTA,CA,92253,PALM DESERT,RIVERSIDE,92260,high,license_number,12-31-2026,Physical Therapist Assistant
PTA,660,DEANA LAREW SERRANO,PT,951-781-6653,,1205193380,6180 BROCKTON AVE STE 101,RIVERSIDE,CA,92506,TEMECULA,RIVERSIDE,92589,high,license_number,06-30-2028,Physical Therapist Assistant
PTA,8414,DENNIS DESERVA,,951-766-5116,,1770267155,2400 W ACACIA AVE,HEMET,CA,92545,SAN JACINTO ,RIVERSIDE,92582,high,license_number,12-31-2026,Physical Therapist Assistant
PTA,48671,DENNIS SOTTO,PTA,707-644-7401,,1538091764,2200 TUOLUMNE ST,VALLEJO,CA,94589,CATHEDRAL CITY,RIVERSIDE,92234,high,license_number,09-30-2026,Physical Therapist Assistant
PTA,6882,DENNIS WASHINGTON,PTA,760-345-9934,,1740675396,78078 COUNTRY CLUB DR STE 205,BERMUDA DUNES,CA,92203,INDIO,RIVERSIDE,92203,high,license_number,08-31-2028,Physical Therapist Assistant
PTA,6093,DIANE WEIDEMANN,PTA,951-285-6193,,1134667694,29882 LOY DR,MENIFEE,CA,92585,MENIFEE,RIVERSIDE,92584,high,license_number,06-30-2028,Physical Therapist Assistant
PTA,51597,DYLAN GARCIA,,951-304-7673,,1649997511,39815 ALTA MURRIETA DR,MURRIETA,CA,92563,MENIFEE,RIVERSIDE,92585,high,license_number,09-30-2027,Physical Therapist Assistant
PTA,47893,ELISE GENET,,909-796-0235,,1013613132,25383 COLE ST,LOMA LINDA,CA,92354,BEAUMONT,RIVERSIDE,92223,high,license_number,11-30-2027,Physical Therapist Assistant
PTA,5397,ELIZABETH AGUAYO,PTA,909-735-7654,,1982122321,10431 COMMERCE ST STE A,REDLANDS,CA,92374,RIVERSIDE,RIVERSIDE,92508,high,license_number,11-30-2026,Physical Therapist Assistant
PTA,6928,EMY KAPELA,,619-867-5012,,1629467154,610 AMARRA LN,VISTA,CA,92083,MURRIETA,RIVERSIDE,92563,high,license_number,07-31-2028,Physical Therapist Assistant
PTA,9259,ERIK MAURICIO FARIAS,MPT,951-522-5698,,1790064475,4746 BEATTY DR,RIVERSIDE,CA,92506,RIVERSIDE,RIVERSIDE,92506,high,license_number,07-31-2028,Physical Therapist Assistant
PTA,51264,ERIKA ANN HIESTAND,PTA,951-556-8157,,1700551959,28991 OLD TOWN FRONT ST STE 101,TEMECULA,CA,92590,MENIFEE,RIVERSIDE,92586,high,license_number,11-30-2026,Physical Therapist Assistant
PTA,48151,ERIKO SHIMOJO,,714-705-4027,,1164970422,12562 GARDEN GROVE BLVD,GARDEN GROVE,CA,92843,PERRIS,RIVERSIDE,92570,high,license_number,02-29-2028,Physical Therapist Assistant
PTA,50471,EUGENE JOSEPH MARTINEZ,,760-771-9054,,1861104713,79440 CORPORATE CENTER DR STE 112,LA QUINTA,CA,92253,INDIO,RIVERSIDE,92201,high,license_number,02-28-2027,Physical Therapist Assistant
PTA,6079,FERNANDO SANCHEZ,,760-325-5950,,1073782629,4050 AIRPORT CENTER DR,PALM SPRINGS,CA,92264,MORENO VALLEY,RIVERSIDE,92557,high,license_number,01-31-2027,Physical Therapist Assistant
PTA,4370,FRANCISCA EMILIA PICENO,,951-204-2583,,1417263856,1184 BRINTON AVE,BANNING,CA,92220,BANNING,RIVERSIDE,92220,high,license_number,12-31-2027,Physical Therapist Assistant
PTA,52194,GABRIEL FLORES,PT,909-335-0059,,1205543543,1630 W REDLANDS BLVD STE L,REDLANDS,CA,92373,BEAUMONT,RIVERSIDE,92223,medium,name_exact,03-31-2028,Physical Therapist Assistant
PTA,48201,GABRIEL SERRANO,,442-300-3200,,1932085057,42150 JACKSON ST STE 103,INDIO,CA,92203,INDIO,RIVERSIDE,92203,high,license_number,02-29-2028,Physical Therapist Assistant
PTA,49786,GABRIELLA NATASHA QUEEN,,951-303-8255,office@temeculatherapy.com,1952903023,41769 ENTERPRISE CIR N STE 104,TEMECULA,CA,92590,LAKE ELSINORE,RIVERSIDE,92532,high,license_number,03-31-2028,Physical Therapist Assistant
PTA,54447,GARY CARL GEROZA,PTA,951-498-7540,,1831056472,27450 YNEZ RD STE 120,TEMECULA,CA,92591,WINCHESTER,RIVERSIDE,92596,high,license_number,07-31-2027,Physical Therapist Assistant
PTA,10854,GEORGE WATSON,,510-658-2041,,1952788127,210 40TH STREET WAY,OAKLAND,CA,94611,PALM SPRINGS,RIVERSIDE,92262,medium,name_exact,11-30-2026,Physical Therapist Assistant
PTA,10371,GIOVANNI ANTONIO LONGO,,760-340-0053,,1720786346,39950 VISTA DEL SOL,RANCHO MIRAGE,CA,92270,PALM DESERT,RIVERSIDE,92260,high,license_number,08-31-2027,Physical Therapist Assistant
PTA,48600,GIUSEPPE ANTHONY MICHAEL VITULLI,PTA 48600,909-877-1361,,1124665427,1471 S RIVERSIDE AVE,RIALTO,CA,92376,MORENO VALLEY,RIVERSIDE,92555,high,license_number,03-31-2027,Physical Therapist Assistant
PTA,53824,GRAHAM KENDRICK ELEAZAR,,951-454-4398,,1467379073,25864 BUSINESS CENTER DR STE C,REDLANDS,CA,92374,MORENO VALLEY,RIVERSIDE,92557,high,license_number,03-31-2028,Physical Therapist Assistant
PTA,4312,GREGORY MORALES LEON,P.T.A,909-370-0572,,1578570412,850 E WASHINGTON ST,COLTON,CA,92324,RIVERSIDE,RIVERSIDE,92503,high,license_number,02-29-2028,Physical Therapist Assistant
PTA,50006,GREGORY PATRICK MAGLAQUI VERA CRUZ,PTA,559-438-8531,,1184282311,1700 E BULLARD AVE STE 102,FRESNO,CA,93710,LAKE ELSINORE,RIVERSIDE,92532,high,license_number,03-31-2027,Physical Therapist Assistant
PTA,48456,GREGORY RICHARD WIEGERS,PTA,559-268-5361,,1629532320,1665 M ST,FRESNO,CA,93721,DESERT HOT SPRINGS,RIVERSIDE,92240,high,license_number,09-30-2028,Physical Therapist Assistant
PTA,9047,GURPREET SINGH KALER,DPT,951-249-5077,,1871831305,35869 WOLVERINE LN,MURRIETA,CA,92563,MURRIETA,RIVERSIDE,92563,high,license_number,03-31-2027,Physical Therapist Assistant
PTA,10626,HARDY IJOMAH,,619-857-0938,,1780072314,480 JAMACHA RD APT 2,EL CAJON,CA,92019,RIVERSIDE ,RIVERSIDE,92507,high,license_number,12-31-2027,Physical Therapist Assistant
PTA,53690,HEIDI ANNE LUNT,PTA,951-658-9000,,1972326072,235 N GILBERT ST,HEMET,CA,92543,MURRIETA,RIVERSIDE,92563,high,license_number,11-30-2027,Physical Therapist Assistant
PTA,48394,IRENE ROJO,,310-348-8464,,1073044251,6214 W MANCHESTER AVE FL 2,WESTCHESTER,CA,90045,MORENO VALLEY,RIVERSIDE,92553,high,license_number,12-31-2027,Physical Therapist Assistant
PTA,4717,JAMES DAVID WINN,ATC,909-319-6406,,1295175479,4444 MAGNOLIA AVE,RIVERSIDE,CA,92501,RIVERSIDE,RIVERSIDE,92506,high,license_number,09-30-2026,Physical Therapist Assistant
PTA,10365,JAMES REED,,760-698-8183,,1679985287,50225 HARRISON ST,COACHELLA,CA,92236,PALM DESERT,RIVERSIDE,92211,high,license_number,12-31-2027,Physical Therapist Assistant
PTA,49248,JASMINE ANTOINETTE KEEFER,,866-871-8519,,1427891316,12400 HIGH BLUFF DR,SAN DIEGO,CA,92130,DESERT HOT SPRINGS,RIVERSIDE,92240,high,license_number,11-30-2027,Physical Therapist Assistant
PTA,9432,JASON MATTHEW SMITH,PTA,760-771-9054,,1447536883,47647 CALEO BAY DR STE 130,LA QUINTA,CA,92253,INDIO,RIVERSIDE,92203,high,license_number,03-31-2028,Physical Therapist Assistant
PTA,51381,JEFFRY GOMEZ,,951-224-1444,,1386523181,11285 INDIAN ST,MORENO VALLEY,CA,92557,MORENO VALLEY,RIVERSIDE,92557,high,license_number,04-30-2027,Physical Therapist Assistant
PTA,48081,JEIEL RAFFERTY,,541-521-0930,,1083168926,11140 RICHMONT RD,LOMA LINDA,CA,92354,GRAND TERRACE,RIVERSIDE,92313,high,license_number,10-31-2027,Physical Therapist Assistant
PTA,10370,JENILEE MCCOY,PTA,909-567-2661,,1356108328,301 E VANDERBILT WAY STE 100,SAN BERNARDINO,CA,92408,CALIMESA,RIVERSIDE,92320,medium,name_exact,06-30-2027,Physical Therapist Assistant
PTA,10762,JENNIFER SEAGER,PTA,909-725-4683,,1942679121,10500 CANYON VISTA RD,MORENO VALLEY,CA,92557,MORENO VALLEY,RIVERSIDE,92557,high,license_number,05-31-2028,Physical Therapist Assistant
PTA,6205,JEROME B DRUMGOLE,,866-991-0900,,1700200508,27240 HAGGERTY RD,FARMINGTON HILLS,MI,48331,MORENO VALLEY,RIVERSIDE,92552,high,license_number,03-31-2027,Physical Therapist Assistant
PTA,6135,JERRY HARRIS,,310-384-8971,,1689203168,1798 N GAREY AVE,POMONA,CA,91767,EASTVALE,RIVERSIDE,92880,high,license_number,09-30-2026,Physical Therapist Assistant
PTA,54460,JERVIS PATRICK ESTRELLA LUCAS,PTA,310-367-7045,,1699692939,108 CANYON ROCK RD APT A,PALM SPRINGS,CA,92264,PALM SPRINGS,RIVERSIDE,92264,high,license_number,04-30-2027,Physical Therapist Assistant
PTA,49780,JESSICA CARLOS,PTA,760-837-0033,,1801471792,41555 COOK ST STE 130,PALM DESERT,CA,92211,NUEVO,RIVERSIDE,92567,high,license_number,08-31-2028,Physical Therapist Assistant
PTA,54362,JESSICA NIXON,,714-999-6596,,1316655210,215 N STATE COLLEGE BLVD STE G,ANAHEIM,CA,92806,CORONA,RIVERSIDE,92879,medium,name_exact,11-30-2026,Physical Therapist Assistant
PTA,6653,JESSICA SUE CHAVEZ,PTA,760-367-1743,,1023294121,5930 ADOBE RD,TWENTYNINE PALMS,CA,92277,INDIO,RIVERSIDE,92203,high,license_number,07-31-2027,Physical Therapist Assistant
PTA,54135,JIVAUN DALEY,PTA,951-222-2208,,1124904222,4300 CENTRAL AVE,RIVERSIDE,CA,92506,EASTVALE,RIVERSIDE,92880,high,license_number,03-31-2027,Physical Therapist Assistant
PTA,50720,JOGIN SANTIAGO,,858-999-1848,,1568392140,1350 E DEVONSHIRE AVE,HEMET,CA,92544,WINCHESTER,RIVERSIDE,92596,high,license_number,11-30-2027,Physical Therapist Assistant
PTA,51933,JOSE ALEJANDRO LOPEZ-ZAVALA,PTA,310-273-0877,,1578256764,2730 WILSHIRE BLVD,SANTA MONICA,CA,90403,HEMET,RIVERSIDE,92543,high,license_number,05-31-2028,Physical Therapist Assistant
PTA,10713,JOSE MANUEL URIOSTEGUI,,951-925-2571,,1447843024,1350 E DEVONSHIRE AVE,HEMET,CA,92544,LAKE ELSINORE,RIVERSIDE,92530,high,license_number,09-30-2026,Physical Therapist Assistant
PTA,52239,JOSE ORTEGA,,714-999-6596,,1972211993,215 N STATE COLLEGE BLVD STE G,ANAHEIM,CA,92806,MORENO VALLEY,RIVERSIDE,92551,high,license_number,12-31-2027,Physical Therapist Assistant
PTA,51374,JOSHUA KYLE TINDAAN BANIWAS,,714-535-7264,,1255029955,1440 S EUCLID ST,ANAHEIM,CA,92802,PERRIS,RIVERSIDE,92570,high,license_number,07-31-2027,Physical Therapist Assistant
PTA,8995,JOVIELYN JAURIGUE,,626-922-7548,,1932582889,7321 MAX WAY,EASTVALE,CA,92880,EASTVALE,RIVERSIDE,92880,high,license_number,01-31-2027,Physical Therapist Assistant
PTA,9611,JOY MUNOZ,,858-625-8700,,1902349533,3884 NOBEL DR,SAN DIEGO,CA,92122,TEMECULA,RIVERSIDE,92591,high,license_number,02-28-2027,Physical Therapist Assistant
PTA,49718,JUSTIN BUGAY,,510-267-7908,justin.bugay@va.gov,1396468823,2221 MARTIN LUTHER KING JR WAY,OAKLAND,CA,94612,EASTVALE,RIVERSIDE,92880,high,license_number,10-31-2026,Physical Therapist Assistant
PTA,52524,KAREN GONZALEZ,,443-992-3236,,1922860469,4959 PALO VERDE ST STE 109C,MONTCLAIR,CA,91763,RIVERSIDE,RIVERSIDE,92501,medium,name_exact,07-31-2028,Physical Therapist Assistant
PTA,50083,KATEY EILEEN HEWES,PTA,951-929-9890,,1104467505,949 S STATE ST,HEMET,CA,92543,TEMECULA,RIVERSIDE,92592,high,license_number,05-31-2027,Physical Therapist Assistant
PTA,5169,KELLI SENTO,"BS, PTA, CSCS",714-642-5300,,1427316249,6719 RANCHWOOD AVE,CHINO HILLS,CA,91709,EASTVALE,RIVERSIDE,92880,high,license_number,11-30-2027,Physical Therapist Assistant
PTA,10367,KELLY CAMPBELL,,760-369-1743,,1902773302,56299 29 PALMS HWY,YUCCA VALLEY,CA,92284,DESERT HOT SPRINGS,RIVERSIDE,92240,medium,name_exact,07-31-2027,Physical Therapist Assistant
PTA,54581,KEVIN ALEXANDER SOTO,,951-658-9000,,1780404517,"235 N GILBERT ST, HEMET, CA",HEMET,CA,92543,CALIMESA,RIVERSIDE,92320,high,license_number,12-31-2027,Physical Therapist Assistant
PTA,52675,KEVIN SAMPERIO,PTA,760-340-4050,,1144106964,72880 FRED WARING DR STE B7,PALM DESERT,CA,92260,PALM DESERT,RIVERSIDE,92211,high,license_number,01-31-2027,Physical Therapist Assistant
PTA,4258,KHANH LUONG,AS PT (PTA),909-222-2851,,1366104028,1560 LELAND ST,BEAUMONT,CA,92223,BEAUMONT,RIVERSIDE,92223,medium,name_exact,07-31-2027,Physical Therapist Assistant
PTA,51804,KIRA GARLAND,,714-780-0010,,1689312910,505 N EUCLID ST STE 680,ANAHEIM,CA,92801,RIVERSIDE,RIVERSIDE,92506,high,license_number,08-31-2027,Physical Therapist Assistant
PTA,3246,KORIANN VARNER,PTA,760-837-0033,,1932786738,41555 COOK ST STE 130,PALM DESERT,CA,92211,MORENO VALLEY,RIVERSIDE,92555,high,license_number,04-30-2027,Physical Therapist Assistant
PTA,52857,KRISTIAN BELTRAN MONTOYA,,714-646-8319,,1316773138,774 S PLACENTIA AVE FL 1,PLACENTIA,CA,92870,INDIO,RIVERSIDE,92201,high,license_number,10-31-2027,Physical Therapist Assistant
PTA,5967,KRISTIAN TOBIAS KJELDSEN,P.T.A.,760-445-7530,,1295070621,2175 FOOTHILL DR,VISTA,CA,92084,TEMECULA,RIVERSIDE,92592,high,license_number,12-31-2026,Physical Therapist Assistant
PTA,9070,KRISTY CHRISTENSEN,,562-256-7550,,1669727319,9423 SIDEVIEW DR,DOWNEY,CA,90240,CORONA,RIVERSIDE,92879,high,license_number,06-30-2027,Physical Therapist Assistant
PTA,4222,LARRY DONALD RUST,P.T.A.,510-410-1892,,1942415526,92 LINDA VISTA ST,BENICIA,CA,94510,PALM SPRINGS,RIVERSIDE,92264,high,license_number,02-28-2027,Physical Therapist Assistant
PTA,2633,LARRY HOWARD BRANN,P.T.A.,951-658-5432,,1386892701,1160 AMBERWOOD DR,HEMET,CA,92543,LA QUINTA,RIVERSIDE,92253,high,license_number,09-30-2027,Physical Therapist Assistant
PTA,48886,LAURA ETCHEMENDY,PTA,714-675-4770,,1376462028,2 VENTURE,IRVINE,CA,92618,CORONA,RIVERSIDE,92882,high,license_number,11-30-2026,Physical Therapist Assistant
PTA,50857,LAURA JANET SANTAMARIA,,951-733-8578,,1184315434,11444 SHUGART WAY,RIVERSIDE,CA,92503,RIVERSIDE,RIVERSIDE,92503,high,license_number,04-30-2028,Physical Therapist Assistant
PTA,9764,LAUREN BETH HUTCHINS,PTA,760-972-4580,,1548916760,39830 PORTOLA AVE,PALM DESERT,CA,92260,PALM DESERT,RIVERSIDE,92211,high,license_number,10-31-2027,Physical Therapist Assistant
PTA,49768,LAWRENCE GREGGE,PTA,909-353-1660,,1114570249,900 SALEM DR,REDLANDS,CA,92373,MORENO VALLEY,RIVERSIDE,92551,high,license_number,04-30-2028,Physical Therapist Assistant
PTA,48521,LIAM COLE,PTA,661-259-2621,,1821518283,25830 MCBEAN PKWY,VALENCIA,CA,91355,RIVERSIDE,RIVERSIDE,92507,high,license_number,10-31-2028,Physical Therapist Assistant
PTA,9727,LINDSAY CASTLE,,760-861-5132,,1952666497,83894 AVENIDA SERENA,INDIO,CA,92203,INDIO,RIVERSIDE,92203,high,license_number,03-31-2027,Physical Therapist Assistant
PTA,9190,LINELL BARRETTO,,805-760-4096,,1104287754,31648 BOULDER VISTA DR,LAKE ELSINORE,CA,92532,LAKE ELSINORE,RIVERSIDE,92532,high,license_number,04-30-2027,Physical Therapist Assistant
PTA,9729,LORA MURPHY,,760-636-5207,,1023482577,72780 COUNTRY CLUB DR,RANCHO MIRAGE,CA,92270,PALM DESERT,RIVERSIDE,92260,high,license_number,11-30-2027,Physical Therapist Assistant
PTA,5501,LUSTAN ORLANDO LETTS,PTA,951-765-1474,,1275268203,2390 E FLORIDA AVE,HEMET,CA,92544,MORENO VALLEY,RIVERSIDE,92551,high,license_number,07-31-2028,Physical Therapist Assistant
PTA,8654,MA. CRISTINA VILLANUEVA,PTA,626-905-4234,,1174829790,41202 ROBARDS WAY,MURRIETA,CA,92562,MURRIETA,RIVERSIDE,92562,high,license_number,10-31-2027,Physical Therapist Assistant
PTA,49572,MALAYSIA FLORES,,951-303-2363,,1679366066,31749 TEMECULA PKWY,TEMECULA,CA,92592,MENIFEE,RIVERSIDE,92584,high,license_number,06-30-2028,Physical Therapist Assistant
PTA,8149,MARGARET WAGHORN,PTA (Associates),951-353-2000,,1285005264,10800 MAGNOLIA AVE,RIVERSIDE,CA,92505,RIVERSIDE,RIVERSIDE,92503,high,license_number,09-30-2027,Physical Therapist Assistant
PTA,8501,MARIA OLIVO,P.T.A.,323-365-1356,,1114382348,14649 SHADY VALLEY WAY,MORENO VALLEY,CA,92555,MORENO VALLEY,RIVERSIDE,92555,high,license_number,05-31-2027,Physical Therapist Assistant
PTA,8597,MARIA TERESA MARTINEZ SAGUN,,760-972-8670,,1457508640,73895 SHADOW MOUNTAIN DR APT 2,PALM DESERT,CA,92260,CATHEDRAL CITY,RIVERSIDE,92234,high,license_number,01-31-2027,Physical Therapist Assistant
PTA,11001,MARITES RAMORAN,PTA,866-414-0448,,1407221823,330 GOLDEN SHR,LONG BEACH,CA,90802,PALM SPRINGS,RIVERSIDE,92264,high,license_number,12-31-2026,Physical Therapist Assistant
PTA,5867,MARK LAURITIS,,714-992-5701,,1104125913,2222 N. HARBOR BLVD.,FULLERTON,CA,92835,CORONA,RIVERSIDE,92878,high,license_number,08-31-2028,Physical Therapist Assistant
PTA,49744,MARLO ACUESTA SISON,PTA,310-371-1228,,1699320689,20820 EARL ST,TORRANCE,CA,90503,CORONA,RIVERSIDE,92879,high,license_number,11-30-2026,Physical Therapist Assistant
PTA,8112,MARY JOY CODILLA,,562-428-4681,,1801284922,260 E MARKET ST,LONG BEACH,CA,90805,MIRA LOMA,RIVERSIDE,91752,high,license_number,09-30-2027,Physical Therapist Assistant
PTA,10058,MEGAN GOFF,,562-447-6148,,1043648447,7657 PICKERING AVE,WHITTIER,CA,90602,TEMECULA,RIVERSIDE,92592,high,license_number,02-29-2028,Physical Therapist Assistant
PTA,9549,MEGAN MARIE GREENE,PTA,714-943-1960,,1215296496,435 LAS PALMAS DR,IRVINE,CA,92602,CORONA,RIVERSIDE,92882,high,license_number,05-31-2027,Physical Therapist Assistant
PTA,8802,MELANIE VALDEZ,,951-486-1708,melaniebalot@yahoo.com,1699316489,53012 ASTRID WAY,LAKE ELSINORE,CA,92532,LAKE ELSINORE,RIVERSIDE,92532,medium,name_exact,11-30-2027,Physical Therapist Assistant
PTA,3057,MICHAEL KENNETH BUTLER,P.T.A,760-200-1719,,1336426105,77804 WILDCAT DR,PALM DESERT,CA,92211,PALM DESERT,RIVERSIDE,92211,high,license_number,04-30-2027,Physical Therapist Assistant
PTA,49604,MICHAEL NGUYEN,PTA,951-595-1738,,1811463326,28975 OLD TOWN FRONT ST STE 201,TEMECULA,CA,92590,RIVERSIDE,RIVERSIDE,92505,high,license_number,11-30-2027,Physical Therapist Assistant
PTA,48587,MICHAEL R MICHAELSEN,PTA,951-775-5015,,1669253001,26415 SAINT MICHEL LN,MURRIETA,CA,92563,MURRIETA,RIVERSIDE,92563,high,license_number,12-31-2026,Physical Therapist Assistant
PTA,8012,MICHALE BANDOY MOLINYAWE,,310-403-0637,,1184743379,2217 20TH ST,SANTA MONICA,CA,90405,CATHEDRAL CITY,RIVERSIDE,92234,high,license_number,10-31-2026,Physical Therapist Assistant
PTA,47962,MICHELLE MIHAE LU,,951-688-3636,,1215588165,9025 COLORADO AVE,RIVERSIDE,CA,92503,RIVERSIDE,RIVERSIDE,92508,high,license_number,02-29-2028,Physical Therapist Assistant
PTA,6669,MIRTHA PATRICIA LORES,PTA,310-901-3821,,1386866119,2871 W 235TH ST APT 3,TORRANCE,CA,90505,RIVERSIDE,RIVERSIDE,92505,high,license_number,10-31-2027,Physical Therapist Assistant
PTA,50408,MOHAMMED AMER,PTA,626-671-6100,,1659910230,222 N SUNSET AVE STE D,WEST COVINA,CA,91790,RIVERSIDE,RIVERSIDE,92503,high,license_number,05-31-2027,Physical Therapist Assistant
PTA,9349,NATALIE WILLIAMS,,951-897-6781,,1497395065,14887 WHIMBREL DR,EASTVALE,CA,92880,EASTVALE,RIVERSIDE,92880,high,license_number,06-30-2028,Physical Therapist Assistant
PTA,53386,NATHAN LOPEZ,PTA,760-699-7236,,1013894419,35023 MISSION HILLS DR. N UNIT A,RANCHO MIRAGE,CA,92270,PALM DESERT,RIVERSIDE,92260,high,license_number,08-31-2027,Physical Therapist Assistant
PTA,9394,NICOLE MARIE ALLEN,PTA,951-296-0400,,1508332354,29377 RANCHO CALIFORNIA RD STE 100,TEMECULA,CA,92591,LAKE ELSINORE,RIVERSIDE,92530,high,license_number,04-30-2028,Physical Therapist Assistant
PTA,55015,NICOLE PISCATELLA,PTA,760-568-2894,,1366364051,42080 STATE ST STE A,PALM DESERT,CA,92211,INDIO,RIVERSIDE,92203,medium,name_exact,12-31-2027,Physical Therapist Assistant
PTA,6925,OANA ANCA MARC,,951-736-4700,,1831587625,2600 S MAIN ST,CORONA,CA,92882,CORONA,RIVERSIDE,92882,high,license_number,03-31-2027,Physical Therapist Assistant
PTA,52237,RAINA BROMMER,,951-221-3259,,1710684089,23623 SUNNYMEAD BLVD,MORENO VALLEY,CA,92553,BEAUMONT,RIVERSIDE,92223,high,license_number,05-31-2028,Physical Therapist Assistant
PTA,9833,RAMON FERNANDEZ,,713-992-7298,,1497145106,775 ASHLEY ST,HEMET,CA,92545,HEMET,RIVERSIDE,92545,high,license_number,12-31-2027,Physical Therapist Assistant
PTA,6801,RAYMUND ALMENDARES,PT ASSISSTANT,562-291-9378,,1548647027,9228 ELM VISTA DR,DOWNEY,CA,90242,HEMET,RIVERSIDE,92544,high,license_number,08-31-2028,Physical Therapist Assistant
PTA,48361,RESHMABANU MOMIN,,714-999-6596,,1609319276,215 N STATE COLLEGE BLVD STE G,ANAHEIM,CA,92806,EASTVALE,RIVERSIDE,92880,high,license_number,12-31-2027,Physical Therapist Assistant
PTA,10139,RICHARD HENRY SANFORD,PTA,760-367-1743,,1497162416,56299 29 PALMS HWY,YUCCA VALLEY,CA,92284,MENIFEE,RIVERSIDE,92585,high,license_number,01-31-2027,Physical Therapist Assistant
PTA,2236,RICHARD KEVIN GARDNER,PTA,760-776-7720,,1437308749,44610 MONTEREY AVE,PALM DESERT,CA,92260,TEMECULA,RIVERSIDE,92592,high,license_number,08-31-2027,Physical Therapist Assistant
PTA,52844,RICHELLE MATIENZO,PTA,562-512-3320,,1861265928,3300 E SOUTH ST STE 203,LAKEWOOD,CA,90805,LAKE ELSINORE,RIVERSIDE,92530,high,license_number,05-31-2027,Physical Therapist Assistant
PTA,4725,RICK EGGERT,P.T.A,310-549-4500,,1235308552,1 CIVIC PLAZA DR,CARSON,CA,90745,LA QUINTA,RIVERSIDE,92253,high,license_number,04-30-2028,Physical Therapist Assistant
PTA,49090,RICK LEE SALCEDO,PTA,951-933-8441,,1114804606,27450 YNEZ RD STE 120,TEMECULA,CA,92591,MURRIETA,RIVERSIDE,92563,high,license_number,08-31-2027,Physical Therapist Assistant
PTA,9386,RINA RUSHABH SHAH,"PTA,CLT",714-726-7561,,1821886433,14971 BROOKTREE ST,CORONA,CA,92880,CORONA,RIVERSIDE,92880,high,license_number,12-31-2027,Physical Therapist Assistant
PTA,10062,ROBIN DAVIS,PTA,760-568-2894,,1922833284,42080 STATE ST STE A,PALM DESERT,CA,92211,LA QUINTA,RIVERSIDE,92253,high,license_number,02-28-2027,Physical Therapist Assistant
PTA,10806,RODELYN MASSUCCI,,760-771-9054,,1598159527,47647 CALEO BAY DR,LA QUINTA,CA,92253,LA QUINTA,RIVERSIDE,92253,medium,name_exact,02-28-2027,Physical Therapist Assistant
PTA,4813,RONALD GOLDSMITH,PTA,909-838-6783,,1043600471,1452 LOVAT CT,RIVERSIDE,CA,92507,RIVERSIDE,RIVERSIDE,92507,high,license_number,03-31-2027,Physical Therapist Assistant
PTA,9113,RUDY GABRIEL TRUJILLO,PTA,909-865-9810,,1417586512,1798 N GAREY AVE,POMONA,CA,91767,BEAUMONT,RIVERSIDE,92223,high,license_number,02-28-2027,Physical Therapist Assistant
PTA,48063,SAMANTHA SHELDON,PTA,951-303-2363,,1992675276,31749 TEMECULA PKWY,TEMECULA,CA,92592,TEMECULA,RIVERSIDE,92592,high,license_number,06-30-2028,Physical Therapist Assistant
PTA,55006,SANTIAGO OCAMPO,PTA,760-296-7347,,1598671190,2040 NOGALES AVE,PERRIS,CA,92571,PERRIS,RIVERSIDE,92571,high,license_number,05-31-2028,Physical Therapist Assistant
PTA,10036,SERGIO GERARDO TEJADA,P.T.A.,951-236-5356,,1114398815,2267 DRUMMOND ST,RIVERSIDE,CA,92506,RIVERSIDE,RIVERSIDE,92506,high,license_number,09-30-2028,Physical Therapist Assistant
PTA,6794,SETH ADAM VANOVER,pta,888-668-2761,,1427268549,1408 N WEST SHORE BLVD,TAMPA,FL,33607,CORONA,RIVERSIDE,92878,high,license_number,06-30-2028,Physical Therapist Assistant
PTA,51806,SHERI LYNN TURNEY,PTA,760-880-0449,,1851257265,72780 EL PASEO STE E4,PALM DESERT,CA,92260,PALM SPRINGS,RIVERSIDE,92262,high,license_number,07-31-2027,Physical Therapist Assistant
PTA,9769,SHWETA VACHHANI,,562-569-9998,,1932598042,11844 SILVER BIRCH RD,CORONA,CA,92883,CORONA,RIVERSIDE,92883,high,license_number,09-30-2027,Physical Therapist Assistant
PTA,6072,SONIA RIZZA OLITOQUIT,PTA,800-875-8999,,1184829517,5901 BROKEN SOUND PKWY NW,BOCA RATON,FL,33487,TEMECULA,RIVERSIDE,92591,high,license_number,11-30-2026,Physical Therapist Assistant
PTA,10245,STEVEN ANDREW MCLEOD,,951-460-0200,,1497497267,14252 SCHLEISMAN RD STE 203,EASTVALE,CA,92880,MORENO VALLEY,RIVERSIDE,92557,high,license_number,08-31-2027,Physical Therapist Assistant
PTA,52195,SUSANNA ESPINOZA,,661-974-7033,,1770331977,44501 16TH ST W STE 107,LANCASTER,CA,93534,BEAUMONT,RIVERSIDE,92223,high,license_number,04-30-2028,Physical Therapist Assistant
PTA,6703,THALASSA AMBER KETTERING,,951-766-5116,,1164150546,2400 W ACACIA AVE,HEMET,CA,92545,BEAUMONT,RIVERSIDE,92223,high,license_number,11-30-2027,Physical Therapist Assistant
PTA,51036,THOMAS JAMES KRISKO,PTA,760-771-9054,,1144815663,79440 CORPORATE CENTER DR STE 112,LA QUINTA,CA,92253,PALM DESERT,RIVERSIDE,92211,high,license_number,07-31-2028,Physical Therapist Assistant
PTA,2383,THOMAS S MITCHELL,PTA,800-561-5207,,1205105483,300 S HARBOR BLVD,ANAHEIM,CA,92805,WILDOMAR,RIVERSIDE,92595,high,license_number,10-31-2026,Physical Therapist Assistant
PTA,50834,TORI YVONNE COOKE,PTA,209-477-4817,,1831787068,6940 PACIFIC AVE,STOCKTON,CA,95207,MURRIETA,RIVERSIDE,92562,high,license_number,04-30-2028,Physical Therapist Assistant
PTA,50665,TREVOR STANBURY,,661-266-9578,,1912583709,3167 RANCHO VISTA BLVD STE D,PALMDALE,CA,93551,TEMECULA,RIVERSIDE,92592,high,license_number,09-30-2027,Physical Therapist Assistant
PTA,9516,TRICIA FAELDAN SUAREZ,P.T.A.,909-856-0296,,1790068567,9338 MILLIONAIRE LN,RIVERSIDE,CA,92508,RIVERSIDE,RIVERSIDE,92508,high,license_number,12-31-2026,Physical Therapist Assistant
PTA,10074,TRICIA MCCARTHY,PTA,909-829-5439,,1962814004,14682 CENTRAL AVE,CHINO,CA,91710,RIVERSIDE,RIVERSIDE,92508,high,license_number,08-31-2028,Physical Therapist Assistant
PTA,50355,VERONICA M KENNEDY,PTA,760-821-3822,,1649852765,79260 CAMINO ROSADA,LA QUINTA,CA,92253,INDIO,RIVERSIDE,92203,medium,name_exact,06-30-2027,Physical Therapist Assistant
PTA,52725,VISUWATH GOLF SABPRASONG,PTA,949-317-4454,,1225814254,24050 ALISO CREEK RD STE 1C,LAGUNA NIGUEL,CA,92677,LAKE ELSINORE,RIVERSIDE,92530,high,license_number,07-31-2027,Physical Therapist Assistant
PTA,8461,YARA LEANOS,ATC,714-509-4264,,1114016300,1201 W LA VETA AVE,ORANGE,CA,92868,CORONA,RIVERSIDE,92882,medium,name_exact,08-31-2028,Physical Therapist Assistant
PTA,54009,ZAHID VALENCIA,,800-976-7544,,1245026921,3951 CAMINO DE LA PLZ STE 109,SAN YSIDRO,CA,92173,INDIO,RIVERSIDE,92203,high,license_number,04-30-2027,Physical Therapist Assistant
