profession,licenseNumber,displayName,credential,phone,email,npi,practiceAddress,practiceCity,practiceState,practiceZip,boardCity,boardCounty,boardZip,matchConfidence,matchMethod,expirationDate,licenseType
OT,26872,AARON RYAN MELLA,,424-522-7100,,1578398251,2070 CENTURY PARK E,LOS ANGELES,CA,90067,IRVINE,ORANGE,92604,medium,name_exact,12-31-2027,Occupational Therapist
OT,11548,ABELARDO C TORRES,,714-400-1181,,1124416532,1942 DEERPARK DR APT 131,FULLERTON,CA,92831,PLACENTIA,ORANGE,92870,high,license_number,02-29-2028,Occupational Therapist
OT,28795,ABIGAIL FABUNAN CARRASCO,OTR/L,949-594-4455,,1124795919,30131 TOWN CENTER DR STE 135,LAGUNA NIGUEL,CA,92677,IRVINE,ORANGE,92606,high,license_number,03-31-2027,Occupational Therapist
OT,24530,ABRAHAM RAMIREZ,OTR/L,714-338-1115,,1750063087,3601 W SUNFLOWER AVE STE 100,SANTA ANA,CA,92704,SANTA ANA,ORANGE,92705,high,license_number,07-31-2028,Occupational Therapist
OT,12945,ADAH INEZ HALE,OTR/L,714-728-8752,,1255673513,15415 VAN BUREN ST,MIDWAY CITY,CA,92655,FOUNTAIN VALLEY,ORANGE,92708,high,license_number,01-31-2027,Occupational Therapist
OT,9385,ADAM F SANCHEZ,OTR/L,949-340-6927,,1164301487,23141 MOULTON PKWY STE 111,LAGUNA HILLS,CA,92653,HUNTINGTON BEACH,ORANGE,92646,high,license_number,03-31-2027,Occupational Therapist
OT,10661,ADELINA RACHI,OTR/L,714-646-8318,,1164798609,740 S. PLACENTIA AVE.,PLACENTIA,CA,92870,GARDEN GROVE,ORANGE,92840,high,license_number,03-31-2028,Occupational Therapist
OT,22366,ADELITA MARIE ARREDONDO,"OTD, OTR/L",562-284-0108,,1346897493,2025 E 7TH ST,LONG BEACH,CA,90804,GARDEN GROVE,ORANGE,92845,high,license_number,08-31-2027,Occupational Therapist
OT,10994,ADITI SHRINGARPURE,,818-881-4540,,1649669839,7120 CORBIN AVE,RESEDA,CA,91335,IRVINE,ORANGE,92603,high,license_number,08-31-2028,Occupational Therapist
OT,10575,ADRIANA RUSCH,"MOT, OTR/L",858-966-5829,,1043612708,3020 CHILDRENS WAY # MC5068,SAN DIEGO,CA,92123,LAGUNA HILLS,ORANGE,92653,medium,name_exact,01-31-2027,Occupational Therapist
OT,14288,ADRIANNA CHUH,OTR/L,715-816-0540,,1417339870,501 S BEACH BLVD,ANAHEIM,CA,92804,TUSTIN,ORANGE,92782,high,license_number,03-31-2027,Occupational Therapist
OT,18007,AILEEN IMAI,OTR/L,310-371-8555,,1679083141,21615 HAWTHORNE BLVD STE 200,TORRANCE,CA,90503,CYPRESS,ORANGE,90630,high,license_number,11-30-2027,Occupational Therapist
OT,4502,AILEEN T NAVAL,OTR/L,310-337-7115,,1386969913,8717 VENICE BLVD,LOS ANGELES,CA,90034,BUENA PARK,ORANGE,90620,high,license_number,06-30-2028,Occupational Therapist
OT,15675,AJA VO,,714-533-1230,,1437529765,217 W CERRITOS AVE,ANAHEIM,CA,92805,STANTON,ORANGE,90680,high,license_number,06-30-2027,Occupational Therapist
OT,19242,ALANNA L REEVE,,949-936-8550,,1053019257,5050 BARRANCA PKWY,IRVINE,CA,92604,SAN JUAN CAPISTRANO,ORANGE,92675,medium,name_exact,09-30-2026,Occupational Therapist
OT,26139,ALESSANDRA PROVENZANO MOOTHART,OTR/L,949-835-3746,,1851203392,15265 ALTON PKWY STE 140,IRVINE,CA,92618,MISSION VIEJO,ORANGE,92692,high,license_number,09-30-2027,Occupational Therapist
OT,23021,ALEX KEI LEE,"OTD, OTR/L",213-241-6200,,1841128147,333 S BEAUDRY AVE FL 17,LOS ANGELES,CA,90017,ORANGE,ORANGE,92869,high,license_number,12-31-2026,Occupational Therapist
OT,14667,ALEX NISHI,,323-361-2350,,1154767838,4650 W SUNSET BLVD # 53,LOS ANGELES,CA,90027,FOOTHILL RANCH,ORANGE,92610,high,license_number,08-31-2028,Occupational Therapist
OT,16762,ALEXANDER J BARAJAS,"MS, OTR/L",714-515-2802,,1295271542,1643 W MAXZIM AVE,FULLERTON,CA,92833,FULLERTON,ORANGE,92833,high,license_number,12-31-2026,Occupational Therapist
OT,23652,ALEXANDER PAUL MAUTER,OTR/L,715-847-8751,,1336871599,7921 PROFESSIONAL CIR,HUNTINGTON BEACH,CA,92648,HUNTINGTON BEACH,ORANGE,92648,high,license_number,03-31-2028,Occupational Therapist
OT,24556,ALEXANDER WILLIAM HEUMANN,OTR,949-312-7227,,1235840323,31441 AVENIDA DE LA VIS,SAN JUAN CAPISTRANO,CA,92675,SAN JUAN CAPISTRANO,ORANGE,92675,medium,name_exact,12-31-2027,Occupational Therapist
OT,16887,ALEXANDRA N HOLGUIN-KERBY,OTR,562-598-2477,,1649985060,3000 N GATE RD,SEAL BEACH,CA,90740,LAGUNA HILLS,ORANGE,92653,high,license_number,12-31-2027,Occupational Therapist
OT,19799,ALEXANDRA N. MOINI,OTR/L,760-529-4975,,1740743699,3355 MISSION AVE STE 123,OCEANSIDE,CA,92058,LADERA RANCH,ORANGE,92694,high,license_number,12-31-2027,Occupational Therapist
OT,22962,ALEXIS KILLAM,,626-422-5006,,1609527894,4035 RANDOLPH ST,SAN DIEGO,CA,92103,NEWPORT BEACH,ORANGE,92661,high,license_number,05-31-2028,Occupational Therapist
OT,23212,ALICE LEE,,714-821-7310,,1407508542,141 S KNOTT AVE,ANAHEIM,CA,92804,BUENA PARK,ORANGE,90620,high,license_number,03-31-2027,Occupational Therapist
OT,24515,ALICIA STEARNS,"MOT, OTR/L",949-788-9236,,1063125086,8 PASTEUR STE 100,IRVINE,CA,92618,COSTA MESA,ORANGE,92626,high,license_number,11-30-2026,Occupational Therapist
OT,14027,ALISA CHATPRAPACHAI,,949-222-2214,,1316298805,17861 VON KARMAN AVE,IRVINE,CA,92614,CYPRESS,ORANGE,90630,high,license_number,03-31-2028,Occupational Therapist
OT,20261,ALISA DOSHI,,714-943-0945,,1821637679,3184 W WESTHAVEN DR,ANAHEIM,CA,92804,ANAHEIM,ORANGE,92804,high,license_number,09-30-2027,Occupational Therapist
OT,3575,ALISON KATHLEEN JUBERG,"M.S., O.T.R./L.",714-870-6116,,1053604553,233 ORANGEFAIR MALL,FULLERTON,CA,92832,COSTA MESA,ORANGE,92626,high,license_number,01-31-2027,Occupational Therapist
OT,8543,ALISON LE,,949-586-1234,,1205769866,25631 PETER A HARTMAN WAY,MISSION VIEJO,CA,92691,TUSTIN,ORANGE,92782,high,license_number,10-31-2026,Occupational Therapist
OT,7759,ALISTAIR ALABA AGUJAR,OTR/L,949-468-7322,,1043446743,52 DISTANT STAR,IRVINE,CA,92618,IRVINE,ORANGE,92602,high,license_number,04-30-2028,Occupational Therapist
OT,23880,ALLEN LAM,"OTD, OTR/L",714-878-1849,,1306570494,14091 FRANCES ST,WESTMINSTER,CA,92683,WESTMINSTER,ORANGE,92683,high,license_number,09-30-2027,Occupational Therapist
OT,21414,ALLISON CHRISTINE SATKOSKI,OTR/L,714-406-3447,,1033949292,3324 ALABAMA CIR,COSTA MESA,CA,92626,ORANGE,ORANGE,92869,high,license_number,06-30-2028,Occupational Therapist
OT,13045,ALLISON MAUD WRAY,"MA, OTR/L",760-960-1634,,1588900963,1918 CHAMBERS LN,HOLTVILLE,CA,92250,MISSION VIEJO,ORANGE,92692,high,license_number,10-31-2026,Occupational Therapist
OT,11767,ALLISON SACHER,OTR/L,310-729-9561,,1760871800,836 S BUNDY DR,LOS ANGELES,CA,90049,IRVINE,ORANGE,92612,high,license_number,03-31-2027,Occupational Therapist
OT,19308,ALYSSA HIRATA,OTR/L,310-793-3000,,1902361645,4109 EMERALD ST,TORRANCE,CA,90503,BUENA PARK,ORANGE,90620,medium,name_exact,03-31-2027,Occupational Therapist
OT,15657,AMANDA CLARK,OTR/L,909-628-1201,,1598135121,13461 RAMONA AVE,CHINO,CA,91710,ORANGE,ORANGE,92866,high,license_number,06-30-2028,Occupational Therapist
OT,12982,AMANDA J MCGARVEY,,714-628-4000,,1376887570,1401 N HANDY ST,ORANGE,CA,92867,TUSTIN,ORANGE,92780,high,license_number,04-30-2027,Occupational Therapist
OT,22085,AMANDA PRESTON,OTR/L,562-595-5159,,1255909735,2501 CHERRY AVE STE 250,SIGNAL HILL,CA,90755,LAKE FOREST,ORANGE,92630,high,license_number,02-28-2027,Occupational Therapist
OT,20640,AMANDA PUCELLI,OTR/L,469-524-1506,,1942898614,8840 CYPRESS WATERS BLVD STE 300,COPPELL,TX,75019,ANAHEIM,ORANGE,92808,high,license_number,02-28-2027,Occupational Therapist
OT,13202,AMANDA RESHEA POWELL,OTR/L,601-807-9787,,1780148478,1740 WOLLACOTT ST,REDONDO BEACH,CA,90278,HUNTINGTON BEACH,ORANGE,92648,high,license_number,07-31-2027,Occupational Therapist
OT,17916,AMY AHN,OTR/L,714-964-9277,,1003317926,17075 BUSHARD ST,FOUNTAIN VALLEY,CA,92708,ORANGE,ORANGE,92869,high,license_number,06-30-2028,Occupational Therapist
OT,16524,AMY MONICA BU,OTR/L,562-923-4704,,1306392857,12555 LAKEWOOD BLVD,DOWNEY,CA,90242,IRVINE,ORANGE,92618,high,license_number,05-31-2028,Occupational Therapist
OT,12066,AMY MORGAN BURNS,OTR,619-291-3515,,1487936357,3737 6TH AVENUE,SAN DIEGO,CA,92103,SAN MARCOS,ORANGE,92078,high,license_number,05-31-2027,Occupational Therapist
OT,19247,AMY ONISHI,,714-816-0540,,1275008278,501 S BEACH BLVD,ANAHEIM,CA,92804,IRVINE,ORANGE,92620,high,license_number,10-31-2027,Occupational Therapist
OT,7724,AMY QUAN BUSSLINGER,OT,844-502-7996,,1639980337,1335 STRASSNER DR,BRENTWOOD,MO,63144,LAGUNA NIGUEL,ORANGE,92677,high,license_number,02-28-2027,Occupational Therapist
OT,5983,AMY ROBENA UMANSKY,"OT, CHT",714-557-9292,,1225134257,3200 BRISTOL ST,COSTA MESA,CA,92626,COSTA MESA,ORANGE,92626,high,license_number,01-31-2027,Occupational Therapist
OT,121,AMY SALINAS,,714-456-7215,,1336500644,200 S MANCHESTER AVE STE 120,ORANGE,CA,92868,ANAHEIM HILLS,ORANGE,92808,high,license_number,03-31-2027,Occupational Therapist
OT,20826,AMY SMITH,,760-945-6500,,1144747783,1949 AVENIDA DEL ORO STE 118,OCEANSIDE,CA,92056,LAGUNA NIGUEL,ORANGE,92677,high,license_number,05-31-2027,Occupational Therapist
OT,7348,AMY YANNSHIN LEE,"M.A., OTR",949-936-5853,,1033286620,5050 BARRANCA PKWY,IRVINE,CA,92604,IRVINE,ORANGE,92618,high,license_number,05-31-2028,Occupational Therapist
OT,26446,ANAMARI PEREZ,OTR/L,949-222-6444,,1942040209,1601 DOVE ST STE 242,NEWPORT BEACH,CA,92660,NEWPORT COAST,ORANGE,92657,high,license_number,03-31-2028,Occupational Therapist
OT,17288,ANDREA DIAZ,OTR/L,909-459-2500,,1568329308,950 W D ST,ONTARIO,CA,91762,FULLERTON,ORANGE,92835,high,license_number,05-31-2027,Occupational Therapist
OT,23806,ANDREA H KIM,OTR/L,951-736-5000,,1518881788,2820 CLARK AVE,NORCO,CA,92860,ORANGE,ORANGE,92867,high,license_number,04-30-2028,Occupational Therapist
OT,19217,ANDREW DYJAK,OTR/L,213-389-1004,,1497220487,3130 WILSHIRE BLVD,LOS ANGELES,CA,90010,LADERA RANCH,ORANGE,92694,high,license_number,07-31-2027,Occupational Therapist
OT,27114,ANDREW KHOI LE,,833-574-2273,,1649062662,9333 IMPERIAL HWY,DOWNEY,CA,90242,FULLERTON,ORANGE,92835,high,license_number,06-30-2027,Occupational Therapist
OT,27979,ANDREW LUU DINH,,949-590-9350,,1790627636,15375 BARRANCA PKWY STE A103,IRVINE,CA,92618,GARDEN GROVE,ORANGE,92840,high,license_number,08-31-2027,Occupational Therapist
OT,8996,ANELYNN TORRES JOHNSON,OTR/L,714-220-0520,,1841352606,1125 N MAGNOLIA AVE,ANAHEIM,CA,92801,ANAHEIM,ORANGE,92804,high,license_number,10-31-2027,Occupational Therapist
OT,23408,ANGELA PHAM,OT,714-653-0335,,1689346678,204 S ALMANSOR ST,ALHAMBRA,CA,91801,ANAHEIM,ORANGE,92802,high,license_number,11-30-2027,Occupational Therapist
OT,1452,ANGELA WINSLOW,OTR,951-204-1348,,1932536992,28862 VIA DE LUNA,LAGUNA NIGUEL,CA,92677,LAGUNA NIGUEL,ORANGE,92677,high,license_number,06-30-2028,Occupational Therapist
OT,14864,ANGELEENA KEPHART,,714-323-4216,,1114474400,500 W CENTRAL AVE,BREA,CA,92821,BREA,ORANGE,92821,high,license_number,11-30-2027,Occupational Therapist
OT,15623,ANH PHUONG NGUYEN,O.T. R/L,714-775-8875,,1265882856,15606 A BROOKHURST ST.,WESTMINSTER,CA,92683,GARDEN GROVE,ORANGE,92844,medium,name_exact,09-30-2027,Occupational Therapist
OT,16896,ANN MARIE MANTEY,O.T.,267-496-0205,,1578099586,10982 ROEBLING AVE,LOS ANGELES,CA,90024,LAGUNA HILLS,ORANGE,92653,high,license_number,02-29-2028,Occupational Therapist
OT,20657,ANNA GOIKE,,310-371-8555,,1124657648,3460 TORRANCE BLVD STE 100,TORRANCE,CA,90503,PLACENTIA,ORANGE,92870,high,license_number,02-28-2027,Occupational Therapist
OT,26775,ANNA M LEGUE,"OTD, OTR/L",614-306-0794,,1346048089,17932 SHOREHAM LN,HUNTINGTON BEACH,CA,92649,COSTA MESA,ORANGE,92627,high,license_number,11-30-2026,Occupational Therapist
OT,3204,ANNE FLECK,OTR,714-836-7886,,1558657197,960 W TOWN AND COUNTRY RD,ORANGE,CA,92868,YORBA LINDA,ORANGE,92887,high,license_number,02-29-2028,Occupational Therapist
OT,14133,ANNE MATHEW,,714-406-6131,,1417345737,2960 W ORANGE AVE,ANAHEIM,CA,92804,RANCHO MISSION VIEJO,ORANGE,92694,high,license_number,06-30-2028,Occupational Therapist
OT,8896,ANNETTE HATALA,O.T.,714-842-2504,,1235257817,17541 PRESCOTT LANE,HUNTINGTON BEACH,CA,92647,HUNTINGTON BEACH,ORANGE,92647,high,license_number,06-30-2027,Occupational Therapist
OT,24817,ANNIE DUONG,OTR/L,424-444-5175,,1346129491,20920 CHICO ST,CARSON,CA,90746,SANTA ANA,ORANGE,92704,medium,name_exact,10-31-2027,Occupational Therapist
OT,3605,ANNIE KIM,OTR/L,714-837-8839,,1720214802,17572 EDGEWOOD LN,YORBA LINDA,CA,92886,SANTA ANA,ORANGE,92705,high,license_number,03-31-2027,Occupational Therapist
OT,5843,ANOUK VERMA GROVER,,714-432-8584,,1164515904,1504 BROOKHOLLOW DR,SANTA ANA,CA,92705,NEWPORT COAST,ORANGE,92657,high,license_number,03-31-2028,Occupational Therapist
OT,5918,ANTHONY RUBOLINO,OTR/L,760-529-4975,,1801106042,3355 MISSION AVE STE 123,OCEANSIDE,CA,92058,SAN CLEMENTE,ORANGE,92673,high,license_number,02-29-2028,Occupational Therapist
OT,4254,APRIL CHARLENE SIMPSON,OTR/L,949-300-4987,,1841219532,9 DOUGLASS DR,COTO DE CAZA,CA,92679,NORTH TUSTIN,ORANGE,92705,high,license_number,02-28-2027,Occupational Therapist
OT,26042,ARIELLE ZHU,OTR/L,949-273-6503,,1811749088,22691 LAMBERT ST STE 502,LAKE FOREST,CA,92630,ORANGE,ORANGE,92867,high,license_number,07-31-2027,Occupational Therapist
OT,11964,ARTESJA GOLEMBIEWSKI,OTR/L,949-547-2128,,1740679489,23575 EL CERRITO,ALISO VIEJO,CA,92656,LAKE FOREST,ORANGE,92630,high,license_number,04-30-2028,Occupational Therapist
OT,3132,ASHIMA SHARMA,,949-439-9427,,1376931337,104 RINALDI,IRVINE,CA,92620,LAKE FOREST,ORANGE,92630,high,license_number,03-31-2028,Occupational Therapist
OT,26777,ASHLEY CESPEDES CAMPBELL,OTR/L,949-478-0671,,1932906831,215 SONOMA AISLE,IRVINE,CA,92618,TUSTIN,ORANGE,92780,high,license_number,08-31-2027,Occupational Therapist
OT,22057,ASHLEY NGOC TO,OTR/L,808-234-8193,,1598356834,875 N BREA BLVD,BREA,CA,92821,GARDEN GROVE ,ORANGE,92843,high,license_number,10-31-2026,Occupational Therapist
OT,16530,ASHLEY TAYLOR PENALOZA-RAMSEY,"MS, OTR/L",714-542-1234,,1457894735,2700 N MAIN ST,SANTA ANA,CA,92705,YORBA LINDA,ORANGE,92886,high,license_number,11-30-2026,Occupational Therapist
OT,28557,ASHTON ELIZABETH MOORE,,949-498-5100,,1427916436,1000 CALLE AMANECER,SAN CLEMENTE,CA,92673,SAN JUAN CAPISTRANO,ORANGE,92675,high,license_number,06-30-2027,Occupational Therapist
OT,14108,AUDREY A. YONESATO,"M.A., OTR/L",626-622-5201,,1962812008,204 BORREGO,IRVINE,CA,92618,BREA,ORANGE,92823,high,license_number,07-31-2028,Occupational Therapist
OT,16381,AVERY L JOHARCHI,O.T.,714-847-8751,,1629596622,7921 PROFESSIONAL CIR,HUNTINGTON BEACH,CA,92648,SUNSET BEACH,ORANGE,90742,high,license_number,03-31-2027,Occupational Therapist
OT,16146,AYELET WEBER,,949-402-7518,,1245681667,343 SHADOW OAKS,IRVINE,CA,92618,IRVINE,ORANGE,92604,high,license_number,04-30-2028,Occupational Therapist
OT,19273,BAO QUOC HOANG,OTR/L,714-467-5297,,1619722964,4441 E PALM AVE,ORANGE,CA,92869,ORANGE,ORANGE,92869,high,license_number,06-30-2027,Occupational Therapist
OT,17315,BELLE DUONG,,909-606-0886,,1649710187,14772 PIPELINE AVE,CHINO HILLS,CA,91709,PLACENTIA,ORANGE,92870,medium,name_exact,01-31-2027,Occupational Therapist
OT,14280,BENJAMIN OLCH,,818-241-6780,,1629498258,5312 BOLSA AVE STE 105,HUNTINGTON BEACH,CA,92649,TUSTIN,ORANGE,92782,high,license_number,08-31-2027,Occupational Therapist
OT,13573,BERNADETTE AH-HING,O.T.,503-298-5359,,1679900906,11037 WARNER AVE,FOUNTAIN VALLEY,CA,92708,IRVINE,ORANGE,92606,high,license_number,08-31-2027,Occupational Therapist
OT,4936,BETH ALISON VOIGHT,"M.A.,OTR/L",949-279-8564,,1407120322,26761 CARRETAS DR,MISSION VIEJO,CA,92691,MISSION VIEJO,ORANGE,92691,high,license_number,11-30-2026,Occupational Therapist
OT,17489,BLAKE CHRISTENSEN,OT,951-977-2500,,1033648241,4234 RIVERWALK PKWY STE 200,RIVERSIDE,CA,92505,ANAHEIM,ORANGE,92805,high,license_number,11-30-2026,Occupational Therapist
OT,18662,BLAKE HAVERTON LORD,OTR/L,970-485-1779,,1437873908,215 14TH ST APT 14,HUNTINGTON BEACH,CA,92648,HUNTINGTON BEACH,ORANGE,92648,high,license_number,06-30-2027,Occupational Therapist
OT,18550,BRADY ELIOT ARMES,,714-693-5368,,1427567718,4792 LAKEVIEW AVE,YORBA LINDA,CA,92886,MISSION VIEJO,ORANGE,92692,high,license_number,03-31-2028,Occupational Therapist
OT,24114,BRANDON WILLIAM THOMAS,"MS, OTR/L",714-731-4668,,1336863497,3002 DOW AVE STE 114,TUSTIN,CA,92780,SAN CLEMENTE,ORANGE,92673,high,license_number,02-28-2027,Occupational Therapist
OT,29340,BRECK ANN BURWELL,"MS, OTR/L",949-498-5100,,1922928787,1000 CALLE AMANECER,SAN CLEMENTE,CA,92673,CORONA DEL MAR,ORANGE,92625,high,license_number,07-31-2027,Occupational Therapist
OT,8406,BREIGH ANNA HAGGARTY,"MOT, OTR/L",909-923-6017,,1639093768,2547 E RIVERSIDE DR,ONTARIO,CA,91761,MISSION VIEJO,ORANGE,92692,high,license_number,02-29-2028,Occupational Therapist
OT,15777,BRENDA COVARRUBIAS,OTD,562-385-7486,,1265957955,7601 IMPERIAL HWY,DOWNEY,CA,90242,GARDEN GROVE,ORANGE,92840,high,license_number,05-31-2027,Occupational Therapist
OT,12168,BRENDA LABAHN,,562-595-1559,,1164118519,3360 MAGNOLIA AVE,LONG BEACH,CA,90806,SANTA ANA,ORANGE,92706,high,license_number,11-30-2026,Occupational Therapist
OT,2028,BRENDA NAKANO,,714-336-4622,,1427591973,21 LINDENGROVE,ALISO VIEJO,CA,92656,ALISO VIEJO,ORANGE,92656,high,license_number,07-31-2028,Occupational Therapist
OT,15847,BRENNA MCLEAN,"OTR/L, PAM",562-826-8000,,1568122521,5901 E 7TH ST,LONG BEACH,CA,90822,HUNTINGTON BEACH,ORANGE,92648,high,license_number,03-31-2027,Occupational Therapist
OT,23517,BRIAN SHIN,OTR,562-380-2178,,1598415820,5810 DOWNEY AVE,LONG BEACH,CA,90805,CYPRESS,ORANGE,90720,medium,name_exact,09-30-2026,Occupational Therapist
OT,15395,BRIANA MARIE MARTIN,OTR/L,805-509-5371,,1245710508,1812 VERDUGO BLVD,GLENDALE,CA,91208,LA HABRA,ORANGE,90631,high,license_number,11-30-2026,Occupational Therapist
OT,20463,BRIANNA SMITH,OTR/L,714-646-8318,,1669004958,740 S PLACENTIA AVE,PLACENTIA,CA,92870,IRVINE,ORANGE,92617,high,license_number,02-28-2027,Occupational Therapist
OT,25918,BRITNEY ANNE BAKER,,714-646-8319,,1346883204,774 S PLACENTIA AVE,PLACENTIA,CA,92870,YORBA LINDA,ORANGE,92887,high,license_number,03-31-2028,Occupational Therapist
OT,14723,BRITTANY ANNE DUNN,OTR/L,310-988-1970,,1134523897,6101 W CENTINELA AVE STE 150,CULVER CITY,CA,90230,HUNTINGTON BEACH,ORANGE,92649,high,license_number,08-31-2027,Occupational Therapist
OT,15912,BRITTANY FREDERICK,OTR/L,323-442-3340,,1154782902,2250 ALCAZAR STREET,LOS ANGELES,CA,90089,SAN JUAN CAPISTRANO,ORANGE,92675,high,license_number,02-28-2027,Occupational Therapist
OT,13804,BRITTANY GLASS,OTR/L,714-962-6760,,1134557531,18700 BEACH BLVD STE 120,HUNTINGTON BEACH,CA,92648,LAKE FOREST,ORANGE,92630,high,license_number,08-31-2027,Occupational Therapist
OT,16579,BRITTANY MARIE TOROSSIAN,OTD,877-878-7885,,1477008886,9281 LIME CIR,CYPRESS,CA,90630,CYPRESS,ORANGE,90630,high,license_number,04-30-2027,Occupational Therapist
OT,15560,BRITTANY MEGAN CHENG,MS OTR/L,714-856-9006,,1548635832,323 W SUMMERFIELD CIR,ANAHEIM,CA,92802,ORANGE,ORANGE,92869,high,license_number,03-31-2028,Occupational Therapist
OT,22091,BRITTNEY GRANT,"OTR/L, OTD",818-239-4891,,1932876828,31248 OAK CREST DR STE 120,WESTLAKE VILLAGE,CA,91361,MISSION VIEJO,ORANGE,92691,high,license_number,05-31-2027,Occupational Therapist
OT,24220,BRITTNEY TAYLOR BARR,MOTR/L,866-871-8519,,1164205480,2999 OLYMPUS BLVD STE 500,COPPELL,TX,75019,ANAHEIM,ORANGE,92808,high,license_number,08-31-2028,Occupational Therapist
OT,12253,BROOKE LEIGH HOERTZ,"OTD, OTR/L",949-222-2214,,1093095861,17861 VON KARMAN AVE,IRVINE,CA,92614,YORBA LINDA,ORANGE,92886,high,license_number,07-31-2028,Occupational Therapist
OT,8476,BYUNGJOO ANNA YU,OT,949-586-1234,,1780501999,25631 PETER A HARTMAN WAY,MISSION VIEJO,CA,92691,IRVINE,ORANGE,92620,high,license_number,01-31-2027,Occupational Therapist
OT,21829,CAITLIN GENEVIEVE ERICKSON,OTR/L,949-788-9236,,1942867460,8 PASTEUR,IRVINE,CA,92618,YORBA LINDA,ORANGE,92886,high,license_number,10-31-2026,Occupational Therapist
OT,14500,CAITLIN LE,,714-931-4811,,1922953231,2320 E SOUTH ST,ANAHEIM,CA,92806,SANTA ANA,ORANGE,92705,high,license_number,10-31-2027,Occupational Therapist
OT,15615,CAITLIN LINAS MEDES,"MOT, OTR/L, CPAM",909-558-6144,,1205364106,11406 LOMA LINDA DR,LOMA LINDA,CA,92354,TRABUCO CANYON,ORANGE,92679,medium,name_exact,05-31-2027,Occupational Therapist
OT,25465,CAITLIN MUSHRUSH-TERRY,,714-410-3505,,1659155638,265 S ANITA DR STE 201,ORANGE,CA,92868,HUNTINGTON BEACH,ORANGE,92649,high,license_number,04-30-2028,Occupational Therapist
OT,7455,CAITLIN RAE JOLETTE,,720-706-3396,,1255832556,2170 S PARKER RD # 100,DENVER,CO,80231,LOS ALAMITOS,ORANGE,90720,high,license_number,01-31-2027,Occupational Therapist
OT,14756,CALEIGH JANE COX,OTR/L,949-727-2192,,1851796320,22 ODYSSEY STE 165,IRVINE,CA,92618,LAKE FOREST,ORANGE,92630,high,license_number,09-30-2027,Occupational Therapist
OT,25556,CALLAWAY KENNEDY,OTR/L,714-893-7399,,1639941479,11205 KNOTT AVE STE E,CYPRESS,CA,90630,COSTA MESA,ORANGE,92627,high,license_number,05-31-2027,Occupational Therapist
OT,18226,CALVIN KHOA TRAN,OTR/L,415-661-8787,,1205490158,2043 19TH AVE,SAN FRANCISCO,CA,94116,ANAHEIM,ORANGE,92807,high,license_number,10-31-2026,Occupational Therapist
OT,19304,CAM-HONG LE,,562-434-8421,,1114879772,3901 E 4TH ST,LONG BEACH,CA,90814,HUNTINGTON BEACH,ORANGE,92648,high,license_number,02-28-2027,Occupational Therapist
OT,20175,CAMMIE MAYFIELD,OTR/L,714-402-5732,,1306536248,7692 ONTARIO DR,HUNTINGTON BEACH,CA,92648,HUNTINGTON BEACH,ORANGE,92648,high,license_number,08-31-2028,Occupational Therapist
OT,29473,CANDICE LOREN DOMONDON,,951-552-1126,,1467919217,28765 SINGLE OAK DR STE 140,TEMECULA,CA,92590,FULLERTON,ORANGE,92832,medium,name_exact,04-30-2028,Occupational Therapist
OT,8986,CARENGRACE UY,,573-639-9324,,1316560725,10122 ALBEE AVE,TUSTIN,CA,92782,SANTA ANA,ORANGE,92705,medium,name_initial_zip,07-31-2027,Occupational Therapist
OT,18913,CARL SANTOS CASTRO,OTR/L,714-556-2288,,1578030060,1700 ADAMS AVE STE 103,COSTA MESA,CA,92626,LA HABRA,ORANGE,90631,high,license_number,02-29-2028,Occupational Therapist
OT,26711,CARLY WONG,OTR/L,714-465-4777,,1619798758,423 IMPERIAL HWY,FULLERTON,CA,92835,FULLERTON,ORANGE,92831,high,license_number,11-30-2027,Occupational Therapist
OT,3055,CAROLINE COOK PERSEK,MA,949-636-8660,,1164764114,12651 CHRISTY LN,LOS ALAMITOS,CA,90720,LOS ALAMITOS,ORANGE,90720,high,license_number,10-31-2026,Occupational Therapist
OT,19141,CAROLINE YOUNG LEE,,714-471-5404,,1528533577,2726 SHERIDAN RD,FULLERTON,CA,92833,FULLERTON,ORANGE,92833,medium,name_exact,01-31-2028,Occupational Therapist
OT,1591,CATHERINE COTTA,OT,562-484-3860,,1184870412,13330 BLOOMFIELD AVE STE 101,NORWALK,CA,90650,WESTMINSTER,ORANGE,92683,high,license_number,12-31-2026,Occupational Therapist
OT,26798,CATHERINE NGO DUONG,,951-509-5000,,1285515155,9 KPC PKWY,CORONA,CA,92879,PLACENTIA,ORANGE,92870,high,license_number,09-30-2026,Occupational Therapist
OT,347,CATHERINE YEE,O.T.R./L,714-647-0300,,1760433650,200 W SANTA ANA BLVD,SANTA ANA,CA,92701,ANAHEIM,ORANGE,92817,high,license_number,04-30-2028,Occupational Therapist
OT,21875,CECILIA KELLER,OTS,818-894-2273,,1114574308,4300 LONG BEACH BLVD STE 700,LONG BEACH,CA,90807,ORANGE,ORANGE,92868,high,license_number,01-31-2027,Occupational Therapist
OT,16185,CECILIA LENTZ,OTR/L,909-234-0511,,1558920942,23531 PORTER CIR,LAGUNA NIGUEL,CA,92677,LAGUNA NIGUEL,ORANGE,92677,high,license_number,03-31-2027,Occupational Therapist
OT,20400,CECILIA THUY TRINH,OTR/L,714-731-4668,,1588213862,3002 DOW AVE,TUSTIN,CA,92780,WESTMINSTER,ORANGE,92683,high,license_number,02-28-2027,Occupational Therapist
OT,25544,CELESTE LAU RICHARDS,,949-459-1658,,1801723929,22362 GILBERTO STE 100,RANCHO SANTA MARGARITA,CA,92688,COSTA MESA,ORANGE,92627,high,license_number,11-30-2026,Occupational Therapist
OT,10840,CELESTE VIDAL GAGOLINAN BAUTISTA,OTR/L,562-480-1857,,1922360932,12926 BRACKNELL ST,CERRITOS,CA,90703,LAKE FOREST,ORANGE,92630,high,license_number,05-31-2028,Occupational Therapist
OT,16851,CELINE VILLANUEVA,OTR/L,714-875-9185,,1215470646,2033 W ELM AVE,ANAHEIM,CA,92804,BREA,ORANGE,92821,high,license_number,11-30-2027,Occupational Therapist
OT,26657,CESLEE GONZALES,,562-693-5449,,1700619277,12411 SLAUSON AVE,WHITTIER,CA,90606,WESTMINSTER,ORANGE,92683,medium,name_exact,04-30-2028,Occupational Therapist
OT,1075,CHANA KIKU HIRANAKA,OTR/L,805-984-1393,,1912209818,10730 HENDERSON RD,VENTURA,CA,93004,LOS ALAMITOS,ORANGE,90720,high,license_number,10-31-2026,Occupational Therapist
OT,23847,CHANEL BEN-HAMO,OTR/L,760-294-1206,,1740797588,3652 MICHELSON DR,IRVINE,CA,92612,MISSION VIEJO,ORANGE,92692,high,license_number,04-30-2027,Occupational Therapist
OT,10385,CHANTELLE ELIZABETH COLLINS,OTR/L,323-442-3340,chantelle.rice@direct.usc.edu,1124262308,1640 MARENGO ST,LOS ANGELES,CA,90033,SAN CLEMENTE,ORANGE,92672,high,license_number,09-30-2027,Occupational Therapist
OT,15188,CHELSEA BESS TAVILL,"MOT, OTR/L",925-830-5133,,1568846202,2208 CAMINO RAMON,SAN RAMON,CA,94583,MISSION VIEJO,ORANGE,92692,high,license_number,07-31-2028,Occupational Therapist
OT,3898,CHERIE FRANCIS,,949-433-8577,,1235406703,27452 CALLE ARROYO,SAN JUAN CAPISTRANO,CA,92675,LAKE FOREST,ORANGE,92630,high,license_number,04-30-2027,Occupational Therapist
OT,9837,CHERISE YOSHINARI,OTR/L,323-409-7986,,1891051801,2051 MARENGO ST,LOS ANGELES,CA,90033,LAGUNA NIGUEL,ORANGE,92677,high,license_number,11-30-2027,Occupational Therapist
OT,9233,CHERRY ROSE GELUZ,OTR/L,714-398-7187,,1427416940,250 W WEEPING WILLOW AVE,ORANGE,CA,92865,ORANGE,ORANGE,92865,high,license_number,01-31-2027,Occupational Therapist
OT,958,CHERYL B REDFERN,,714-647-0300,,1023208436,200 W SANTA ANA BLVD,SANTA ANA,CA,92701,COTO DE CAZA,ORANGE,92679,high,license_number,09-30-2027,Occupational Therapist
OT,9706,CHERYL FREELS,OTR,562-865-5218,,1710749031,11614 183RD ST,ARTESIA,CA,90701,COSTA MESA,ORANGE,92626,high,license_number,10-31-2026,Occupational Therapist
OT,13963,CHERYL HENDERSON,OTR/L,714-558-5501,,1437512092,1601 E CHESTNUT AVE,SANTA ANA,CA,92701,LAGUNA NIGUEL,ORANGE,92677,high,license_number,05-31-2027,Occupational Therapist
OT,23907,CHIA WEN HUNG,"M.S., OTR/L",917-842-8163,,1629222765,16040 SUN SUMMIT PT,SAN DIEGO,CA,92127,FULLERTON,ORANGE,92833,high,license_number,10-31-2027,Occupational Therapist
OT,18478,CHIENYING YANG,"PhD, OTR/L",840-588-9908,,1801488358,680 BREA CANYON RD STE 158,WALNUT,CA,91789,BREA,ORANGE,92821,high,license_number,09-30-2027,Occupational Therapist
OT,9331,CHONDRA E TANNER,OTR,714-816-0540,,1225335409,501 S BEACH BLVD,ANAHEIM,CA,92804,YORBA LINDA,ORANGE,92886,high,license_number,08-31-2027,Occupational Therapist
OT,8803,CHOON K LEE,,310-488-9577,,1568799179,1516 E RIVERVIEW AVE,ORANGE,CA,92865,ANAHEIM,ORANGE,92808,high,license_number,01-31-2027,Occupational Therapist
OT,894,CHRISTINA C KATO,OTR/L,714-870-6116,,1811941750,233 ORANGEFAIR MALL,FULLERTON,CA,92832,CYPRESS,ORANGE,90630,high,license_number,10-31-2026,Occupational Therapist
OT,16287,CHRISTINA J RESTREPO,"MS, OTR/L",949-498-5100,,1316490089,1000 CALLE AMANECER,SAN CLEMENTE,CA,92673,LADERA RANCH,ORANGE,92694,high,license_number,05-31-2027,Occupational Therapist
OT,17600,CHRISTINA KWOK,OTR/L,714-639-4990,,1104321892,1301 W PROVIDENCE AVE,ORANGE,CA,92868,PLACENTIA,ORANGE,92870,high,license_number,02-29-2028,Occupational Therapist
OT,21656,CHRISTINA MARGARITA VILLASENOR,"MS, OTR/L",310-514-5377,,1063011104,1300 W 7TH ST,SAN PEDRO,CA,90732,SANTA ANA,ORANGE,92706,high,license_number,05-31-2028,Occupational Therapist
OT,11217,CHRISTINA MARIE MELLOUGH,,949-545-2260,,1457079048,1 AMISTAD DR,RANCHO MISSION VIEJO,CA,92694,IRVINE,ORANGE,92602,medium,name_exact,12-31-2027,Occupational Therapist
OT,6155,CHRISTINA MARIE SCHMIDT,"OTR,L, CHT",562-430-8700,,1306978143,4772 KATELLA AVE STE 100,LOS ALAMITOS,CA,90720,LAGUNA NIGUEL,ORANGE,92677,high,license_number,08-31-2027,Occupational Therapist
OT,15190,CHRISTINE ANN YOUNT,O.T.R.,949-375-3358,,1104203512,28265 LETICIA,MISSION VIEJO,CA,92692,MISSION VIEJO,ORANGE,92692,high,license_number,09-30-2027,Occupational Therapist
OT,11621,CHRISTINE KIM,,718-578-8166,,1518493758,4900 OVERLAND AVE UNIT 218,CULVER CITY,CA,90230,FULLERTON,ORANGE,92835,high,license_number,04-30-2028,Occupational Therapist
OT,5616,CHRISTINE MAKIMOTO-WILLIAMS,,714-646-8318,,1730966342,740 S PLACENTIA AVE,PLACENTIA,CA,92870,YORBA LINDA,ORANGE,92886,high,license_number,04-30-2028,Occupational Therapist
OT,10198,CHRISTINE NAGANO,OTR/L,714-289-2400,,1144552563,393 SOUTH TUSTIN STREET,ORANGE,CA,92866,TUSTIN,ORANGE,92782,high,license_number,09-30-2027,Occupational Therapist
OT,11828,CHRISTINE OLSON,M.A.,949-333-6400,,1558654673,980 ROOSEVELT,IRVINE,CA,92620,LAGUNA HILLS,ORANGE,92653,high,license_number,11-30-2027,Occupational Therapist
OT,12450,CHRISTOPHER ADAM GOFFREDO,OTR/L,714-993-2093,,1811261746,710 GOLDEN AVE,PLACENTIA,CA,92870,SANTA ANA,ORANGE,92705,high,license_number,10-31-2028,Occupational Therapist
OT,17993,CHUN YEN LIN,"MS, OTR/L",949-367-0310,,1902317985,26081 MERIT CIR,LAGUNA HILLS,CA,92653,RANCHO SANTA MARGARITA,ORANGE,92688,high,license_number,10-31-2026,Occupational Therapist
OT,18527,CINDY S YOON,OTR/L,818-522-7369,,1326545351,16501 VENTURA BLVD STE 400,ENCINO,CA,91436,BUENA PARK,ORANGE,90621,high,license_number,10-31-2026,Occupational Therapist
OT,8687,CLAIRE ELIZABETH MALAWY,OTR/L,909-518-5726,,1700141686,11090 MOUNTAIN VIEW DR,RANCHO CUCAMONGA,CA,91730,ANAHEIM,ORANGE,92805,high,license_number,02-28-2027,Occupational Therapist
OT,19456,CLAIRE JEE KOOK,,562-384-7111,,1508399023,7601 IMPERIAL HWY,DOWNEY,CA,90242,FULLERTON,ORANGE,92833,high,license_number,10-31-2027,Occupational Therapist
OT,2366,CLAUDELL GAPULTOS,,949-515-6624,,1073458253,2985 BEAR ST,COSTA MESA,CA,92626,BREA,ORANGE,92821,high,license_number,12-31-2027,Occupational Therapist
OT,12466,CLEO LE,OTR/L,559-582-4414,,1023381795,851 LESLIE LN,HANFORD,CA,93230,IRVINE,ORANGE,92614,high,license_number,01-31-2027,Occupational Therapist
OT,19950,COLE DISTANISLAO,,949-973-4918,,1952965469,30422 VIA CANTABRIA,SAN JUAN CAPISTRANO,CA,92675,ANAHEIM,ORANGE,92805,high,license_number,05-31-2028,Occupational Therapist
OT,5582,COLEEN SONGCUYA,OTR,909-802-8883,,1972950111,"1066 S GRAND AVENUE, #E22",DIAMOND BAR,CA,91765,TUSTIN,ORANGE,92780,high,license_number,02-28-2027,Occupational Therapist
OT,23770,CONNOR LOWDER,,949-334-2631,,1891414165,300 FREEDOM LN,ALISO VIEJO,CA,92656,SAN CLEMENTE,ORANGE,92673,high,license_number,07-31-2028,Occupational Therapist
OT,23771,CORTNEY KIRBY YAP,,760-637-9996,,1134751613,2928 JEFFERSON ST STE 100,CARLSBAD,CA,92008,RSM,ORANGE,92688,high,license_number,12-31-2026,Occupational Therapist
OT,20940,CREIG SMITH,OTR/L,310-328-0276,,1134729932,1815 W 213TH ST STE 100,TORRANCE,CA,90501,ANAHEIM,ORANGE,92805,high,license_number,09-30-2027,Occupational Therapist
OT,23377,CRISCA JANINE DISWE MONTEMAYOR,,626-367-3206,crisca.d@wonderkindtherapy.com,1962134718,414 E SAN BERNARDINO RD,COVINA,CA,91723,LA PALMA,ORANGE,90623,medium,name_exact,03-31-2028,Occupational Therapist
OT,23365,CRYSTAL KATHLEEN KING,OTR/L,631-385-7780,,1134844962,8135 PAINTER AVE STE 201,WHITTIER,CA,90602,LA HABRA HEIGHTS,ORANGE,90631,high,license_number,09-30-2027,Occupational Therapist
OT,13917,CRYSTAL ZHENG,,562-412-4947,,1467701276,177 WINDY LN,TUSTIN,CA,92782,IRVINE,ORANGE,92620,high,license_number,01-31-2027,Occupational Therapist
OT,20421,CYNTHIA M NGUYEN,OTR/L,714-529-5022,,1841832458,500 W CENTRAL AVE STE B,BREA,CA,92821,GARDEN GROVE,ORANGE,92841,high,license_number,05-31-2027,Occupational Therapist
OT,5838,CYNTHIA SCHATZ,,949-313-8668,,1285445874,24441 CALLE SONORA,LAGUNA WOODS,CA,92637,IRVINE,ORANGE,92618,high,license_number,12-31-2027,Occupational Therapist
OT,19021,DALA AHDAB,,949-222-2214,,1295016756,17861 VON KARMAN AVE,IRVINE,CA,92614,LAGUNA NIGUEL,ORANGE,92677,high,license_number,06-30-2027,Occupational Therapist
OT,18503,DANIEL GUIRAO,,562-693-5449,,1760971212,12411 SLAUSON AVE,WHITTIER,CA,90606,LOS ALAMITOS,ORANGE,90720,high,license_number,10-31-2027,Occupational Therapist
OT,7740,DANIELLE BROOKE HARRIS-NGUYEN,"M.A., OTR/L",949-458-2040,,1023257052,24361 EL TORO RD,LAGUNA WOODS,CA,92637,TRABUCO CANYON,ORANGE,92679,high,license_number,01-31-2027,Occupational Therapist
OT,19280,DANIELLE LOMBARDI,,323-442-3340,,1417422999,1640 MARENGO ST STE 500,LOS ANGELES,CA,90033,FOOTHILL RANCH,ORANGE,92610,medium,name_exact,12-31-2027,Occupational Therapist
OT,22102,DANIELLE M PERKOSKI,OTR/L,714-834-3101,,1063265056,405 W 5TH ST,SANTA ANA,CA,92701,LAGUNA NIGUEL,ORANGE,92677,high,license_number,09-30-2026,Occupational Therapist
OT,9650,DANIELLE MARIE JETTE-LEE,OTR/L,949-587-9000,,1689133100,24962 CALLE ARAGON,LAGUNA HILLS,CA,92637,FOUNTAIN VALLEY,ORANGE,92708,high,license_number,08-31-2027,Occupational Therapist
OT,1589,DANIELLE YVONNE ROGHAIR,,714-999-3511,,1619812161,501 N CRESCENT WAY,ANAHEIM,CA,92801,IRVINE,ORANGE,92603,high,license_number,11-30-2026,Occupational Therapist
OT,10248,DARIUS MCLEAN,PA-C,888-663-6331,,1184162810,1775 TYSONS BLVD STE 300,MC LEAN,VA,22102,ORANGE,ORANGE,92869,high,license_number,01-31-2028,Occupational Therapist
OT,19604,DAVID BADOUD,OTR/L,714-468-1100,,1548725815,505 CITY PKWY W,ORANGE,CA,92868,GARDEN GROVE,ORANGE,92840,high,license_number,03-31-2027,Occupational Therapist
OT,28081,DAVID HOANG VO,OTD,800-282-0300,,1245816487,12400 HIGH BLUFF DR,SAN DIEGO,CA,92130,HUNTINGTON BEACH,ORANGE,92647,high,license_number,06-30-2028,Occupational Therapist
OT,24730,DAVID-MICHAEL FELIX,OTR/L,408-265-4211,,1447721204,1267 MERIDIAN AVE,SAN JOSE,CA,95125,APOPKA,ORANGE,32712,high,license_number,09-30-2026,Occupational Therapist
OT,16768,DEANNA NGO,"OTR/L, HTC, PAMS",714-771-8222,,1003337361,1310 W STEWART DR STE 203,ORANGE,CA,92868,SANTA ANA,ORANGE,92705,high,license_number,11-30-2027,Occupational Therapist
OT,3200,DEBBIE ITO,OTR/L,714-821-3620,,1730430661,8699 HOLDER ST,BUENA PARK,CA,90620,LA PALMA,ORANGE,90623,high,license_number,01-31-2027,Occupational Therapist
OT,10351,DEBBIE WANG,,562-385-7473,,1639605280,7601 IMPERIAL HWY,DOWNEY,CA,90242,CYPRESS,ORANGE,90630,high,license_number,11-30-2027,Occupational Therapist
OT,22481,DEBORAH HAN,OTR/L,714-336-4211,,1295305696,929 CREEKSIDE DR,FULLERTON,CA,92833,ANAHEIM,ORANGE,92808,high,license_number,04-30-2027,Occupational Therapist
OT,6960,DEBRA LAWSON,OTR,949-929-5092,,1780761288,23232 PERALTA,LAGUNA HILLS,CA,92653,IRVINE,ORANGE,92604,high,license_number,06-30-2027,Occupational Therapist
OT,2472,DEBRA WIEDERECHT,,949-234-9270,,1477479202,33122 VALLE RD,SAN JUAN CAPISTRANO,CA,92675,CAPISTRANO BEACH,ORANGE,92624,high,license_number,08-31-2028,Occupational Therapist
OT,17814,DEMI NELSON,"MS, OTR/L",562-714-6728,,1710471602,5423 TURNER CT,LAKEWOOD,CA,90712,LA HABRA,ORANGE,90631,high,license_number,12-31-2026,Occupational Therapist
OT,2417,DENISE HARUKO HA,,562-385-7722,,1932622933,7601 IMPERIAL HWY,DOWNEY,CA,90242,LA HABRA,ORANGE,90631,high,license_number,04-30-2028,Occupational Therapist
OT,7697,DENISE MARIE HAREWOOD-BERGMANN,OTR/L,562-405-7794,,1891963245,1918 NORTH ELDER GLEN CIR,ANAHEIM,CA,92807,ANAHEIM HILLS,ORANGE,92807,high,license_number,03-31-2028,Occupational Therapist
OT,9775,DENNIS CHEN,MS/OTR/L,714-647-0300,,1265612790,200 W SANTA ANA BLVD,SANTA ANA,CA,92701,HUNTINGTON BEACH,ORANGE,92649,medium,name_exact,08-31-2027,Occupational Therapist
OT,7467,DENNIS RAY LAYSON BALOY,OTR-L,501-551-1319,,1437357308,2900 MADISON AVE,FULLERTON,CA,92831,LA HABRA,ORANGE,90631,high,license_number,03-31-2027,Occupational Therapist
OT,1912,DENNIS YEICHI MIYADI,OTR,714-401-5563,,1326170606,3732 AVENUE SAUSALITO,IRVINE,CA,92606,FOUNTAIN VALLEY,ORANGE,92708,high,license_number,05-31-2028,Occupational Therapist
OT,6651,DESIREE GAPULTOS,OTR/L,323-361-2118,,1144890369,4650 W SUNSET BLVD,LOS ANGELES,CA,90027,BREA,ORANGE,92821,high,license_number,06-30-2027,Occupational Therapist
OT,20958,DEVON BOWEN,,714-966-7200,,1952176042,17100 EUCLID ST,FOUNTAIN VALLEY,CA,92708,COSTA MESA,ORANGE,92626,medium,name_exact,12-31-2026,Occupational Therapist
OT,16958,DIANA BYSTRY,,216-772-1030,,1770222424,1510 E COMMONWEALTH AVE,FULLERTON,CA,92831,FULLERTON,ORANGE,92831,medium,name_exact,12-31-2027,Occupational Therapist
OT,21037,DIANA DINH,"OTD, OTR/L",714-837-5259,,1790311546,6521 SILENT HARBOR DR,HUNTINGTON BEACH,CA,92648,HUNTINGTON BEACH,ORANGE,92648,high,license_number,03-31-2027,Occupational Therapist
OT,172,DIANE DOBNER,O.T.,714-634-4567,,1962887620,280 S MAIN ST,ORANGE,CA,92868,MISSION VIEJO,ORANGE,92691,high,license_number,09-30-2027,Occupational Therapist
OT,20183,DIANE GANEV,OTR/L,323-836-4162,,1447959481,4077 WARD STREET,FULLERTON,CA,92833,DANA POINT,ORANGE,92629,medium,name_exact,05-31-2027,Occupational Therapist
OT,6666,DIANNA EDMUNDS,OTR/L,714-821-3620,,1730430646,8699 HOLDER ST,BUENA PARK,CA,90620,HUNTINGTON BEACH,ORANGE,92649,high,license_number,10-31-2027,Occupational Therapist
OT,9181,DIANNA M GAGLIANO,OT,714-892-6828,,1528371390,12881 KNOTT ST,GARDEN GROVE,CA,92841,ORANGE,ORANGE,92868,high,license_number,08-31-2028,Occupational Therapist
OT,15026,DIANNE GOUDIN,,208-934-3700,,1740827120,24391 AVENIDA DE LA CARLOTA APT 495,LAGUNA HILLS,CA,92653,LAKE FOREST,ORANGE,92610,high,license_number,08-31-2027,Occupational Therapist
OT,21462,DONOVAN ANTHONY JOHNSON,OTR/L CNS,562-864-2541,,1083363964,10625 LEFFINGWELL RD,NORWALK,CA,90650,LA PALMA,ORANGE,90623,high,license_number,12-31-2027,Occupational Therapist
OT,18579,DOROTHY UONG,,714-731-4668,,1760971519,3002 DOW AVE STE 114,TUSTIN,CA,92780,GARDEN GROVE,ORANGE,92844,high,license_number,06-30-2028,Occupational Therapist
OT,24722,DUSTIN THOMAS GONZAGA-BEAVER,OTR/L,310-325-7404,,1164124962,2601 AIRPORT DR STE 115,TORRANCE,CA,90505,ANAHEIM,ORANGE,92807,high,license_number,05-31-2027,Occupational Therapist
OT,17897,DUY NGUYEN,,714-204-8402,,1033686548,12662 KATHY LN,GARDEN GROVE,CA,92840,GARDEN GROVE,ORANGE,92840,medium,name_exact,10-31-2028,Occupational Therapist
OT,1096,ED A DETELS,OT,949-644-1322,,1427033604,200 NEWPORT CENTER DR,NEWPORT BEACH,CA,92660,DANA POINT,ORANGE,92629,high,license_number,10-31-2026,Occupational Therapist
OT,4709,EDITH FELLER,OTR,562-484-3860,,1598821522,13330 BLOOMFIELD AVE,NORWALK,CA,90650,ANAHEIM HILLS,ORANGE,92808,high,license_number,01-31-2028,Occupational Therapist
OT,11318,EDLYN NGUYEN,O.T.,951-697-2205,,1568772788,17050 ARNOLD DR,RIVERSIDE,CA,92518,SANTA ANA,ORANGE,92706,high,license_number,05-31-2027,Occupational Therapist
OT,8213,EDWARD TZUANG,,562-433-6791,,1730713637,1020 TERMINO AVE,LONG BEACH,CA,90804,BUENA PARK,ORANGE,90620,high,license_number,05-31-2027,Occupational Therapist
OT,10310,EILEEN WANG,,800-741-1164,,1700752532,1317 W FOOTHILL BLVD STE 130,UPLAND,CA,91786,ALISO VIEJO,ORANGE,92656,medium,name_exact,12-31-2026,Occupational Therapist
OT,28312,ELENA VINCENT,OTD,760-634-1125,,1861369449,12395 LEWIS ST STE 102,GARDEN GROVE,CA,92840,ANAHEIM,ORANGE,92814,medium,name_exact,07-31-2027,Occupational Therapist
OT,4932,ELENI HAPSIS,OTR/L,949-529-1567,,1518884667,711 W 17TH ST STE C9,COSTA MESA,CA,92627,HUNTINGTON BEACH,ORANGE,92648,high,license_number,08-31-2028,Occupational Therapist
OT,9684,ELISSA O ARNOLD,OTR/L,714-928-1281,,1609008895,1361 S WALNUT ST,ANAHEIM,CA,92802,LA HABRA,ORANGE,90631,high,license_number,09-30-2026,Occupational Therapist
OT,26433,ELISSA SCHWEBACH,,949-474-4525,,1386474831,19772 MACARTHUR BLVD,IRVINE,CA,92612,LAGUNA BEACH,ORANGE,92651,high,license_number,05-31-2028,Occupational Therapist
OT,5044,ELIZABETH ANN DERRY,,562-592-3214,,1619187127,16521 23RD STREET,SUNSET BEACH,CA,90742,SUNSET BEACH,ORANGE,90742,high,license_number,04-30-2028,Occupational Therapist
OT,13756,ELIZABETH MARIE DAVIS,,714-628-4080,,1871883975,1401 N HANDY ST,ORANGE,CA,92867,ORANGE,ORANGE,92865,high,license_number,08-31-2028,Occupational Therapist
OT,17121,ELSPETH KOHLER,,818-241-6780,,1407353501,3111 N TUSTIN ST STE 100,ORANGE,CA,92865,MISSION VIEJO,ORANGE,92692,medium,name_exact,07-31-2028,Occupational Therapist
OT,20853,EMILIE MEGAN LIRON,OTR/L,530-222-3630,,1992329890,3550 CHURN CREEK RD,REDDING,CA,96002,BREA,ORANGE,92821,high,license_number,12-31-2026,Occupational Therapist
OT,21609,EMILIO VILLAVICENCIO,"MSOT, OTR/L, CNS",760-791-6763,,1225626914,424 ENCLAVE CIR APT 204,COSTA MESA,CA,92626,SANTA ANA,ORANGE,92706,high,license_number,04-30-2027,Occupational Therapist
OT,21376,EMILY ARTHUR,OTR/L,949-836-0617,,1104435049,5360 E RURAL RIDGE CIR,ANAHEIM,CA,92807,ANAHEIM,ORANGE,92807,high,license_number,05-31-2027,Occupational Therapist
OT,15656,EMILY BLOCK,,949-206-1700,,1801299565,26302 LA PAZ RD STE 105,MISSION VIEJO,CA,92691,DANA POINT,ORANGE,92629,medium,name_zip,11-30-2027,Occupational Therapist
OT,21790,EMILY MORTON,OTR/L,949-395-5549,,1922690411,31501 RANCHO VIEJO RD STE 102,SAN JUAN CAPISTRANO,CA,92675,DANA POINT,ORANGE,92629,high,license_number,12-31-2026,Occupational Therapist
OT,21297,EMILY RAUH,"MOT, OTR/L",949-276-2426,,1407465347,31351 RANCHO VIEJO RD STE 107,SAN JUAN CAPISTRANO,CA,92675,RSM,ORANGE,92688,high,license_number,03-31-2028,Occupational Therapist
OT,10047,EMMANUEL CLEMENTE,,626-695-1694,,1235585506,10488 SANTA CLARA ST,CYPRESS,CA,90630,CYPRESS,ORANGE,90630,high,license_number,10-31-2026,Occupational Therapist
OT,7275,EMY REIKO TOME AHN,OTR,949-707-2190,,1336209089,24171 PAVION,MISSION VIEJO,CA,92692,IRVINE,ORANGE,92617,high,license_number,10-31-2026,Occupational Therapist
OT,10724,ENJOLI PAGE FILEMU,"OTD, OTR/L, CPAM",626-755-4412,,1154703189,16761 VIEWPOINT LN APT 3,HUNTINGTON BEACH,CA,92647,ORANGE,ORANGE,92868,high,license_number,06-30-2027,Occupational Therapist
OT,11063,ERIC CALVARIO,OT,310-530-7482,,1689960908,24313 MARIGOLD AVE,HARBOR CITY,CA,90710,TUSTIN,ORANGE,92782,high,license_number,11-30-2027,Occupational Therapist
OT,9604,ERIC JENGLIANG HWANG,,714-590-0100,,1841668381,9764 GARDEN GROVE BLVD,GARDEN GROVE,CA,92844,ANAHEIM,ORANGE,92808,high,license_number,03-31-2027,Occupational Therapist
OT,18131,ERIN LYNN MONROE,OT,949-222-2214,,1477064350,17861 VON KARMAN AVE,IRVINE,CA,92614,NEWPORT BEACH,ORANGE,92660,high,license_number,06-30-2027,Occupational Therapist
OT,19010,ERIN PURDOM,"MS, OTR/L",310-328-0276,,1811462591,1815 W 213TH ST STE 100,TORRANCE,CA,90501,YORBA LINDA,ORANGE,92887,high,license_number,02-29-2028,Occupational Therapist
OT,11326,ERINN ASKIN,OTR/L,818-763-0136,,1356646194,6400 LAUREL CANYON BLVD STE 560,NORTH HOLLYWOOD,CA,91606,MISSION VIEJO,ORANGE,92692,high,license_number,12-31-2026,Occupational Therapist
OT,10656,ETHIE M TATE-QUINALTY,OTR/L,951-643-3699,,1689286957,7898 CALIFORNIA AVE,RIVERSIDE,CA,92504,ANAHEIM,ORANGE,92808,high,license_number,05-31-2028,Occupational Therapist
OT,21036,EUN JI KOO YOO,OTR/L,310-371-8555,,1407478787,3460 TORRANCE BLVD STE 100,TORRANCE,CA,90503,BUENA PARK,ORANGE,90620,high,license_number,09-30-2028,Occupational Therapist
OT,13777,EUN YU,,310-715-2020,,1205127552,130 W VICTORIA ST,GARDENA,CA,90248,CYPRESS,ORANGE,90630,high,license_number,09-30-2027,Occupational Therapist
OT,23667,EUNG GYEONG PARK,,818-241-6780,,1619509155,3111 N TUSTIN ST STE 100,ORANGE,CA,92865,BUENA PARK,ORANGE,90621,high,license_number,01-31-2028,Occupational Therapist
OT,4981,EUNICE PIOCHE,OTR/L,949-709-3907,,1760796460,33 KILBANNAN CT,LADERA RANCH,CA,92694,LADERA RANCH,ORANGE,92694,high,license_number,08-31-2028,Occupational Therapist
OT,14400,EVAN KRUISHEER,,619-640-4444,,1255874897,8787 CENTER DR,LA MESA,CA,91942,TRABUCO CANYON,ORANGE,92679,high,license_number,03-31-2028,Occupational Therapist
OT,18069,EVELYN LAW,OTR/L,323-442-1529,,1699289231,1540 ALCAZAR ST LOS ANGELES CA 90089,LOS ANGELES,CA,90089,ANAHEIM,ORANGE,92805,high,license_number,07-31-2028,Occupational Therapist
OT,665,EVELYN MACHAN ANDAMO,O.T.,714-530-1566,,1144507914,11391 ACACIA PKWY,GARDEN GROVE,CA,92840,HUNTINGTON BEACH,ORANGE,92646,high,license_number,04-30-2028,Occupational Therapist
OT,8547,EVER C MANACAP,O.T.,818-549-9764,,1891914834,411 N CENTRAL AVE,GLENDALE,CA,91203,ALISO VIEJO,ORANGE,92656,high,license_number,07-31-2027,Occupational Therapist
OT,475,FRAN M SHAPIRO,"MA, OTR L",714-647-0300,,1376595330,200 W SANTA ANA BLVD,SANTA ANA,CA,92701,LAKE FOREST,ORANGE,92630,high,license_number,05-31-2027,Occupational Therapist
OT,13567,FRANCES A. PULIDO,OT,949-288-4242,,1245663483,27762 ANTONIO PKWY STE L1203,LADERA RANCH,CA,92694,RANCHO MISSION VIEJO,ORANGE,92694,high,license_number,08-31-2027,Occupational Therapist
OT,8804,FRANCESCA DORSEY-ORESTO,,619-615-0701,,1710345947,2535 KETTNER BLVD STE 1A4,SAN DIEGO,CA,92101,LAKE FOREST,ORANGE,92630,high,license_number,10-31-2026,Occupational Therapist
OT,9072,GENEVA D GUTIERREZ VASQUEZ,OTD,714-686-3132,,1376910174,517 W PORTER AVE,FULLERTON,CA,92832,FULLERTON,ORANGE,92832,high,license_number,12-31-2027,Occupational Therapist
OT,15512,GENEVIEVE AGUILAR REYES,R.N.,714-801-5308,,1144768243,10742 HOWARD DALLIES JR CIR,GARDEN GROVE,CA,92843,GARDEN GROVE,ORANGE,92843,high,license_number,08-31-2028,Occupational Therapist
OT,6791,GEORGE SIEGEL,M.A.,949-650-0456,,1316926462,1600 W COAST HWY STE G,NEWPORT BEACH,CA,92663,COSTA MESA,ORANGE,92627,high,license_number,08-31-2028,Occupational Therapist
OT,23326,GIANNA NILSSON,,949-936-5000,,1790623429,5050 BARRANCA PKWY,IRVINE,CA,92604,RANCHO STA MARG,ORANGE,92688,high,license_number,12-31-2027,Occupational Therapist
OT,25263,GLORIA NORTON,OTR,949-333-6400,,1790459675,1251 E DYER RD STE 150,SANTA ANA,CA,92705,TUSTIN,ORANGE,92780,medium,name_exact,07-31-2028,Occupational Therapist
OT,14889,GRACE REAL,,949-690-5082,,1831051713,25000 CALLE DE LOS CABALLEROS BLVD,LAGUNA HILLS,CA,92653,ALISO VIEJO,ORANGE,92656,high,license_number,12-31-2026,Occupational Therapist
OT,7986,GRACE YOCOM,,714-369-2448,,1720476203,1216 MAIN ST,HUNTINGTON BEACH,CA,92648,HUNTINGTON BEACH,ORANGE,92648,medium,name_exact,11-30-2027,Occupational Therapist
OT,24602,GREGORY WARNER,OT,949-669-2129,,1437715497,32170 NIGUEL RD,LAGUNA NIGUEL,CA,92677,MISSION VIEJO,ORANGE,92691,high,license_number,02-28-2027,Occupational Therapist
OT,6286,GWYNETH HOOPER,,949-290-5946,,1164357430,24312 OLIVERA DR,MISSION VIEJO,CA,92691,MISSION VIEJO,ORANGE,92691,high,license_number,12-31-2026,Occupational Therapist
OT,28936,HAILEY ROSE LIPPINCOTT,OT,970-201-2113,,1316886146,34052 MAZO DR,DANA POINT,CA,92629,DANA POINT,ORANGE,92629,medium,name_exact,08-31-2027,Occupational Therapist
OT,17523,HALEY ARNOLD,,657-246-3075,,1710435300,265 S RANDOLPH AVE,BREA,CA,92821,FULLERTON,ORANGE,92835,high,license_number,10-31-2027,Occupational Therapist
OT,26542,HALEY BARGER,,714-474-1212,,1417785379,8193 NOELLE DR,HUNTINGTON BEACH,CA,92646,HUNTINGTON BEACH,ORANGE,92646,medium,name_exact,10-31-2027,Occupational Therapist
OT,19648,HALLE KATHRYN DONOHO,Occupational Therapi,800-273-4292,,1871159137,1901 CARNEGIE AVE STE 1C,SANTA ANA,CA,92705,IRVINE,ORANGE,92618,high,license_number,08-31-2027,Occupational Therapist
OT,29503,HALLIE EMI KAICHI,,626-289-7472,,1275418352,1000 S FREMONT AVE UNIT 27,ALHAMBRA,CA,91803,LA PALMA,ORANGE,90623,high,license_number,12-31-2027,Occupational Therapist
OT,17562,HANALYNN HUNT,"OTD, MS, OTR/L",562-385-6847,,1902448996,7601 IMPERIAL HWY,DOWNEY,CA,90242,COSTA MESA,ORANGE,92626,high,license_number,07-31-2028,Occupational Therapist
OT,17232,HANNAH KLEIN,OTR/L,909-459-2500,,1437700739,950 W D ST,ONTARIO,CA,91762,RANCHO CUCAMONGA,ORANGE,91730,high,license_number,09-30-2026,Occupational Therapist
OT,23731,HANNAH MORAD,,818-319-1901,,1992445662,1030 E PALMER AVE APT 6,GLENDALE,CA,91205,IRVINE,ORANGE,92620,medium,name_exact,08-31-2027,Occupational Therapist
OT,19737,HANNAH SILVA,,949-579-0820,,1710440177,2517 SANTA ANA AVE APT C,COSTA MESA,CA,92627,COSTA MESA,ORANGE,92627,medium,name_exact,04-30-2028,Occupational Therapist
OT,26395,HARRY PHAN,,714-256-1000,,1700775111,2525 BREA BLVD,FULLERTON,CA,92835,GARDEN GROVE,ORANGE,92841,high,license_number,01-31-2027,Occupational Therapist
OT,21153,HAYOUNG BAIK,,949-241-9991,,1619696630,4557 1/2 PICKFORD ST,LOS ANGELES,CA,90019,IRVINE,ORANGE,92606,medium,name_exact,03-31-2027,Occupational Therapist
OT,14257,HEARNG CHOY,,626-675-5877,,1194176552,12690 MADRID CT,GARDEN GROVE,CA,92840,GARDEN GROVE,ORANGE,92840,medium,name_exact,08-31-2027,Occupational Therapist
OT,3618,HEATHER BETH DREYER,M.A.,949-367-0310,,1851602668,26081 MERIT CIR STE 107,LAGUNA HILLS,CA,92653,ALISO VIEJO,ORANGE,92656,high,license_number,12-31-2026,Occupational Therapist
OT,23932,HEATHER NICHOLE BIXBY BOCIANSKI,OTR/L,562-693-5449,,1558912576,12411 SLAUSON AVE STE G,WHITTIER,CA,90606,LAKE FOREST,ORANGE,92630,high,license_number,04-30-2027,Occupational Therapist
OT,13009,HEATHER WOODS HOW,OTR/L,888-711-6272,,1184978918,5220 W 104TH ST,LOS ANGELES,CA,90045,FULLERTON,ORANGE,92833,high,license_number,12-31-2027,Occupational Therapist
OT,8486,HEEYEON KIM,,714-393-2990,,1083910434,1001 S BROOKHURST RD,FULLERTON,CA,92833,CYPRESS,ORANGE,90630,medium,name_exact,03-31-2027,Occupational Therapist
OT,15545,HEIDI HYOJUNG CHOI,,714-947-1213,,1134598956,312 W CERRITOS AVE,ANAHEIM,CA,92805,FULLERTON,ORANGE,92833,high,license_number,11-30-2026,Occupational Therapist
OT,2142,HENRY HOANH TRAN,OTR/L,714-858-1289,,1013306695,4711 AVENIDA DE LAS ESTELL,YORBA LINDA,CA,92886,YORBA LINDA,ORANGE,92886,high,license_number,10-31-2026,Occupational Therapist
OT,18906,HILARY LYNN WEK,OTR/L,714-750-9700,,1548756364,12900B GARDEN GROVE BLVD STE 235,GARDEN GROVE,CA,92843,LAGUNA NIGUEL,ORANGE,92677,high,license_number,02-29-2028,Occupational Therapist
OT,8183,HILDA KIM,OTR/L,562-296-5456,,1699135822,11182 NOEL ST,LOS ALAMITOS,CA,90720,CYPRESS,ORANGE,90630,high,license_number,12-31-2027,Occupational Therapist
OT,26431,HILLARY ELIZABETH RUSH,,714-646-8318,,1528874211,740 S PLACENTIA AVE,PLACENTIA,CA,92870,MISSION VIEJO,ORANGE,92692,high,license_number,12-31-2027,Occupational Therapist
OT,9787,HO RHEE,,562-385-6277,,1912433566,7601 IMPERIAL HWY,DOWNEY,CA,90242,GARDEN GROVE,ORANGE,92845,high,license_number,03-31-2027,Occupational Therapist
OT,11502,HONG KECH NGO,OTR,917-572-1233,,1801009071,31942 VIA COYOTE,COTO DE CAZA,CA,92679,COTO DE CAZA,ORANGE,92679,high,license_number,05-31-2028,Occupational Therapist
OT,26215,HSIHSIN LIU,OTR/L,543-794-9600,,1922858976,29811 SANTA MARGARITA PKWY STE 600,RANCHO SANTA MARGARITA,CA,92688,IRVINE,ORANGE,92620,high,license_number,11-30-2026,Occupational Therapist
OT,10255,HUBERT HYUN YUN,OTR,714-402-3750,,1366064974,5201 LOS ENCANTOS CIR,LA PALMA,CA,90623,LA PALMA,ORANGE,90623,high,license_number,10-31-2026,Occupational Therapist
OT,12212,HYOJIN KIM,"OTD, OTR/L",818-788-1003,,1851667356,16500 VENTURA BLVD STE 414,ENCINO,CA,91436,FULLERTON,ORANGE,92835,high,license_number,06-30-2028,Occupational Therapist
OT,7337,HYUN CHUNG,"OTD, OTR/L",714-222-0711,,1932477148,1180 CORNWELL DR,FULLERTON,CA,92833,GARDEN GROVE,ORANGE,92840,high,license_number,03-31-2027,Occupational Therapist
OT,9765,IHDA ARCE IBASCO,OTR,714-647-0300,,1801076906,200 W SANTA ANA BLVD STE 100,SANTA ANA,CA,92701,PLACENTIA,ORANGE,92870,medium,name_exact,12-31-2026,Occupational Therapist
OT,13796,IRENE LEE,OTR/L,714-776-1231,,1649696501,217 W CERRITOS AVE,ANAHEIM,CA,92805,FULLERTON,ORANGE,92833,high,license_number,06-30-2028,Occupational Therapist
OT,647,IRENE WONG UOTA,OTR/L,562-697-7751,,1386071660,1001 VERNON ST,LA HABRA,CA,90631,BREA,ORANGE,92821,high,license_number,08-31-2028,Occupational Therapist
OT,9764,JACKIE KAY PAVLOSKI-CARTER,"MS,CCC,SLP",760-242-6336,,1316262298,17800 US HIGHWAY 18,APPLE VALLEY,CA,92307,FULLERTON,ORANGE,92831,high,license_number,11-30-2027,Occupational Therapist
OT,8143,JACQUELINE DY,,562-607-1668,,1497112221,323 W PEBBLE CREEK LN,ORANGE,CA,92865,ORANGE,ORANGE,92865,high,license_number,11-30-2026,Occupational Therapist
OT,9835,JACQUELINE JOERRES,,714-558-5501,,1730024944,1601 E CHESTNUT AVE,SANTA ANA,CA,92701,SAN JUAN CAPISTRANO,ORANGE,92675,high,license_number,05-31-2027,Occupational Therapist
OT,28760,JACQUELYN RODRIGUEZ,,949-779-6809,,1497695852,1 AMISTAD DR,MISSION VIEJO,CA,92694,MISSION VIEJO,ORANGE,92691,high,license_number,08-31-2027,Occupational Therapist
OT,9178,JAEHYUN KIM,O.T.,213-480-0021,,1942608302,520 S VIRGIL AVE,LOS ANGELES,CA,90020,YORBA LINDA,ORANGE,92886,high,license_number,06-30-2028,Occupational Therapist
OT,6549,JAMES D SMITH,otr,951-340-3402,,1134879463,1280 CORONA POINTE CT STE 118,CORONA,CA,92879,ORANGE,ORANGE,92869,high,license_number,01-31-2028,Occupational Therapist
OT,18969,JAMES KIM,OTR,562-943-7156,,1679054894,11926 LA MIRADA BLVD.,LA MIRADA,CA,90638,BUENA PARK,ORANGE,90620,high,license_number,01-31-2028,Occupational Therapist
OT,23662,JAMIE LUONG,"OTD, OTR/L",714-360-8828,,1154841864,12131 BROOKHURST ST,GARDEN GROVE,CA,92840,COSTA MESA,ORANGE,92626,medium,name_exact,06-30-2028,Occupational Therapist
OT,19906,JAMIE MCDONALD,OTR/L,949-328-7714,,1528600210,24441 CALLE SONORA,LAGUNA WOODS,CA,92637,IRVINE,ORANGE,92614,high,license_number,09-30-2026,Occupational Therapist
OT,11539,JAMILA ESCOBAR,OTR,951-684-6500,,1851689202,6180 BROCKTON AVE,RIVERSIDE,CA,92506,FULLERTON,ORANGE,92838,high,license_number,07-31-2027,Occupational Therapist
OT,13107,JANA WYNNE LAMARCA,"OTRL, OTD, ATP",562-826-8000,,1457893919,5901 E 7TH ST,LONG BEACH,CA,90822,GARDEN GROVE,ORANGE,92845,high,license_number,10-31-2027,Occupational Therapist
OT,22229,JANE E NAVA,OTR/L,714-602-6660,,1528731353,303 W KATELLA AVE STE 205,ORANGE,CA,92867,ORANGE,ORANGE,92868,medium,name_exact,10-31-2026,Occupational Therapist
OT,10856,JANE HWANG MOORE,O.T,949-702-1819,,1689997918,7 BLACK CHERRY ST,LADERA RANCH,CA,92694,LADERA RANCH,ORANGE,92694,high,license_number,03-31-2028,Occupational Therapist
OT,16472,JANELLE CHRISTINE UHT MCINTOSH,"OTR/L, MOT",951-788-7305,,1073970927,2760 JANE ST,RIVERSIDE,CA,92506,ORANGE,ORANGE,92868,high,license_number,09-30-2026,Occupational Therapist
OT,10328,JANET KASENGA,,219-742-7668,,1942624309,30856 AGOURA RD,AGOURA HILLS,CA,91301,IRVINE,ORANGE,92618,high,license_number,04-30-2027,Occupational Therapist
OT,57,JANET ROYAL,OTR,714-556-2288,,1770677486,1700 ADAMS AVENUE,COSTA MESA,CA,92626,HUNTINGTON BEACH,ORANGE,92646,high,license_number,05-31-2027,Occupational Therapist
OT,8239,JANET S CHUNG,"MS, OTR/L",714-889-4111,,1962454579,7200 TRASK AVE,WESTMINSTER,CA,92683,PLACENTIA,ORANGE,92870,high,license_number,08-31-2028,Occupational Therapist
OT,2695,JANETTE L. MOREY,OTR,949-770-5843,,1942335716,23293 S POINTE DR,LAGUNA HILLS,CA,92653,SAN CLEMENTE,ORANGE,92673,high,license_number,11-30-2027,Occupational Therapist
OT,8625,JANICE RAGUINI ANCHETA,OTR/L,562-826-8000,,1942220512,5901 E 7TH ST,LONG BEACH,CA,90822,BUENA PARK,ORANGE,90620,high,license_number,01-31-2027,Occupational Therapist
OT,12966,JANINE P SCHOTT,OT,562-484-3860,,1255682548,13330 BLOOMFIELD AVE STE 101,NORWALK,CA,90650,LOS ALAMITOS,ORANGE,90720,high,license_number,05-31-2028,Occupational Therapist
OT,14959,JANIS LAURSEN DAVIS,OTR/L PhD,949-429-3220,,1811400773,27136 PASEO ESPADA,SAN JUAN CAPISTRANO,CA,92675,HUNTINGTON BEACH,ORANGE,92647,medium,name_initial_zip,10-31-2027,Occupational Therapist
OT,9558,JARAE QUINTANA,OTR/L,949-770-5843,,1578744579,23293 S POINTE DR,LAGUNA HILLS,CA,92653,LAGUNA HILLS,ORANGE,92653,high,license_number,04-30-2028,Occupational Therapist
OT,28683,JARED EDWARD BAGUE,"OTR/L, OTD",415-334-2500,,1477400786,302 SILVER AVE,SAN FRANCISCO,CA,94112,IRVINE,ORANGE,92602,high,license_number,05-31-2028,Occupational Therapist
OT,24478,JASEN PACIS,OTR/L,949-590-9350,,1467158980,111 FASHION LN UNIT 210,TUSTIN,CA,92780,HUNTINGTON BEACH,ORANGE,92646,high,license_number,01-31-2028,Occupational Therapist
OT,28781,JASMINE N/A PAKTAN,OTR/L,714-363-2665,,1760303192,326 E FOOTHILL BLVD,AZUSA,CA,91702,HUNTINGTON BEACH,ORANGE,92647,high,license_number,09-30-2028,Occupational Therapist
OT,22830,JASMINE TAGORDA,OTR,949-335-7967,,1366119349,1640 NEWPORT BLVD STE 260,COSTA MESA,CA,92627,ALISO VIEJO,ORANGE,92656,medium,name_exact,03-31-2028,Occupational Therapist
OT,7949,JAYSHREE S BHAKTA,OTR/L,714-777-9666,,1518166776,17801 IMPERIAL HWY,YORBA LINDA,CA,92886,BUENA PARK,ORANGE,90620,high,license_number,09-30-2027,Occupational Therapist
OT,12214,JAZMINNE OROZCO,"OTD, OTR/L",323-361-2350,,1083922975,3250 WILSHIRE BLVD,LOS ANGELES,CA,90010,ANAHEIM,ORANGE,92805,high,license_number,04-30-2028,Occupational Therapist
OT,4948,JC FRANCES CASTILLO BALOY,,562-691-8810,,1528456969,1770 W LA HABRA BLVD,LA HABRA,CA,90631,ANAHEIM HILLS,ORANGE,92808,high,license_number,10-31-2026,Occupational Therapist
OT,25974,JEANIE KIM,OTR/L,562-991-1324,,1467215871,17042 BELLFLOWER BLVD,BELLFLOWER,CA,90706,FULLERTON,ORANGE,92833,high,license_number,07-31-2027,Occupational Therapist
OT,18039,JEANIE MARIE PHELPS,,714-997-6271,,1245167055,379 N VIRAGE ST,ORANGE,CA,92869,SEAL BEACH,ORANGE,90740,high,license_number,09-30-2026,Occupational Therapist
OT,15024,JEANNE FREI,OTR/L,949-222-2214,,1548651581,17861 VON KARMAN AVE,IRVINE,CA,92614,NEWPORT BEACH,ORANGE,92663,high,license_number,11-30-2026,Occupational Therapist
OT,17603,JEFF MAGALLANES,,714-530-9100,,1437667474,12151 DALE AVE,STANTON,CA,90680,BUENA PARK,ORANGE,90621,high,license_number,07-31-2028,Occupational Therapist
OT,28487,JENNA HAZAMA,,714-292-9434,,1396314621,1319 STRATTFORD ST,BREA,CA,92821,BREA,ORANGE,92821,medium,name_exact,10-31-2027,Occupational Therapist
OT,14438,JENNA YOUNG,,949-234-9200,,1114852878,33122 VALLE RD,SAN JUAN CAPISTRANO,CA,92675,MISSION VIEJO,ORANGE,92691,high,license_number,05-31-2027,Occupational Therapist
OT,14698,JENNELL M KIM,OTR/L,714-349-3491,,1780136440,9764 GARDEN GROVE BLVD,GARDEN GROVE,CA,92844,IRVINE,ORANGE,92618,high,license_number,01-31-2028,Occupational Therapist
OT,18809,JENNESSA CHAN,OTR/L,562-430-8700,,1720567860,4772 KATELLA AVE STE 100,LOS ALAMITOS,CA,90720,TUSTIN,ORANGE,92780,high,license_number,05-31-2028,Occupational Therapist
OT,7462,JENNIE NI,"MS, OTR/L",949-252-9946,,1780358978,16631 NOYES AVE,IRVINE,CA,92606,IRVINE,ORANGE,92620,high,license_number,12-31-2027,Occupational Therapist
OT,8651,JENNIFER BROMBERG,,949-581-8239,,1023136702,23361 MADERO STE 200,MISSION VIEJO,CA,92691,LAKE FOREST,ORANGE,92630,high,license_number,04-30-2028,Occupational Therapist
OT,17341,JENNIFER CHIN,OTR/L,949-333-6400,,1548793391,980 ROOSEVELT STE 100,IRVINE,CA,92620,TUSTIN,ORANGE,92780,high,license_number,01-31-2028,Occupational Therapist
OT,9776,JENNIFER IRENE CEDILLO,OTR,714-647-0300,,1154501583,200 W SANTA ANA BLVD STE 100,SANTA ANA,CA,92701,PLACENTIA,ORANGE,92870,medium,name_exact,05-31-2027,Occupational Therapist
OT,4256,JENNIFER JAWILI RAMOS,OTR/L,714-865-9500,,1164051140,1798 N GAREY AVE,POMONA,CA,91767,ANAHEIM,ORANGE,92808,high,license_number,02-29-2028,Occupational Therapist
OT,8110,JENNIFER JUNE HANSEN,OTR,949-770-5843,,1194941260,23293 S POINTE DR,LAGUNA HILLS,CA,92653,SANTA ANA,ORANGE,92705,high,license_number,10-31-2027,Occupational Therapist
OT,20594,JENNIFER MARIE LEE,OTR/L,949-240-8441,,1740824416,26284 OSO RD,SAN JUAN CAPISTRANO,CA,92675,LAKE FOREST,ORANGE,92630,high,license_number,09-30-2026,Occupational Therapist
OT,11901,JENNIFER MICHELLE KORNOFF,M.S. OT,858-496-8232,,1205063351,6991 BALBOA AVE,SAN DIEGO,CA,92111,ALISO VIEJO,ORANGE,92656,high,license_number,12-31-2026,Occupational Therapist
OT,28157,JENNIFER NGUYEN,,424-225-1481,,1750955423,3858 W CARSON ST STE 100,TORRANCE,CA,90503,WESTMINSTER,ORANGE,92683,high,license_number,10-31-2026,Occupational Therapist
OT,3892,JENNIFER NOEL KOBAYASHI,OTR/L,714-827-2137,,1801313812,1230 S WESTERN AVE APT 114,ANAHEIM,CA,92804,ANAHEIM,ORANGE,92804,high,license_number,12-31-2026,Occupational Therapist
OT,25632,JENNIFER QUOC NGUYEN,OTR/L,714-546-6450,,1790559342,1030 W WARNER AVE,SANTA ANA,CA,92707,SANTA ANA,ORANGE,92707,high,license_number,08-31-2027,Occupational Therapist
OT,14277,JENNIFER ROSE FAITH,OTR/L,858-605-7189,,1174935456,15004 INNOVATION DR,SAN DIEGO,CA,92128,FOUNTAIN VALLEY,ORANGE,92708,high,license_number,11-30-2026,Occupational Therapist
OT,24976,JENNIFER TODD SKINNER,OTR/L,949-632-3522,,1053124883,31661 VIA COYOTE,TRABUCO CANYON,CA,92679,TRABUCO CANYON,ORANGE,92679,high,license_number,03-31-2027,Occupational Therapist
OT,9021,JENNIPHER HANRATTY,,949-697-2579,,1477470698,33122 VALLE RD,SAN JUAN CAPISTRANO,CA,92675,LAGUNA NIGUEL,ORANGE,92677,high,license_number,10-31-2027,Occupational Therapist
OT,22435,JENNY KWON,,909-597-0504,,1194491548,14850 CENTRAL AVE,CHINO,CA,91710,IRVINE,ORANGE,92602,medium,name_exact,03-31-2027,Occupational Therapist
OT,25169,JENNY PHUNG,OTR/L,714-684-8188,,1285408120,12131 BROOKHURST ST,GARDEN GROVE,CA,92840,ANAHEIM,ORANGE,92804,high,license_number,12-31-2026,Occupational Therapist
OT,26911,JENNY ROSSOPOULOS,,949-748-8571,,1659196707,2500 REDHILL AVE STE 100,SANTA ANA,CA,92705,HUNTINGTON BEACH,ORANGE,92648,high,license_number,08-31-2027,Occupational Therapist
OT,5004,JESS ANTHONY HOLGUIN,OTD,323-442-5370,,1285039230,1500 SAN PABLO ST,LOS ANGELES,CA,90033,FULLERTON,ORANGE,92831,high,license_number,03-31-2027,Occupational Therapist
OT,24647,JESSICA CLAIRE WALTERS,OTR/L,909-247-6751,,1962194969,7601 IMPERIAL HWY,DOWNEY,CA,90242,COSTA MESA,ORANGE,92627,high,license_number,11-30-2026,Occupational Therapist
OT,16168,JESSICA CLEMENTE,OTR/L,949-257-2213,,1992169510,21641 CANADA RD APT 8K,LAKE FOREST,CA,92630,LAKE FOREST,ORANGE,92630,high,license_number,07-31-2028,Occupational Therapist
OT,17447,JESSICA JIN,"MS, OTR/L",714-397-5745,,1871029157,2702 N KENT ST,ORANGE,CA,92867,BREA,ORANGE,92821,high,license_number,01-31-2028,Occupational Therapist
OT,15594,JESSICA KIM,,424-522-7100,,1831733229,2070 CENTURY PARK E,LOS ANGELES,CA,90067,IRVINE,ORANGE,92618,high,license_number,04-30-2027,Occupational Therapist
OT,19261,JESSICA MICHELLE ROJAS,OTR/L,760-902-9696,,1326674482,696 TULAROSA,IRVINE,CA,92618,LADERA RANCH,ORANGE,92694,high,license_number,12-31-2027,Occupational Therapist
OT,102,JESSICA SHLAGER,OTR,661-480-6443,,1962857235,43845 10TH ST W STE 1A,LANCASTER,CA,93534,SANTA ANA,ORANGE,92706,high,license_number,06-30-2028,Occupational Therapist
OT,19694,JESSICA SOON HOANG,,714-539-3155,,1508420365,12431 MAGNOLIA ST,GARDEN GROVE,CA,92841,BUENA PARK,ORANGE,90620,high,license_number,07-31-2028,Occupational Therapist
OT,23480,JESSICA TOMLINSON,,626-367-3206,jessica.h@wonderkindtherapy.com,1336852748,414 E SAN BERNARDINO RD,COVINA,CA,91723,BREA,ORANGE,92823,high,license_number,09-30-2028,Occupational Therapist
OT,17763,JESSICA Y LEE,OTR/L,714-373-4555,,1720708902,15201 BEACH BLVD STE A,WESTMINSTER,CA,92683,HUNTINGTON BEACH,ORANGE,92647,high,license_number,06-30-2028,Occupational Therapist
OT,722,JILL BAKER,,949-492-7933,,1548299142,410 CALLE MACHO,SAN CLEMENTE,CA,92673,SAN CLEMENTE,ORANGE,92673,high,license_number,03-31-2027,Occupational Therapist
OT,22683,JISUN KIM,OTR/L,714-529-6842,,1346859592,875 N BREA BLVD,BREA,CA,92821,IRVINE,ORANGE,92606,high,license_number,11-30-2026,Occupational Therapist
OT,24598,JIYUN KIM,,424-522-7857,,1265369656,2070 CENTURY PARK E,LOS ANGELES,CA,90067,BUENA PARK,ORANGE,90620,medium,name_exact,05-31-2028,Occupational Therapist
OT,14948,JOANN JU,,714-315-1990,,1902296429,7431 FRANKLIN ST,BUENA PARK,CA,90621,BUENA PARK,ORANGE,90621,high,license_number,11-30-2027,Occupational Therapist
OT,4070,JOANNE MARIE ALLAWAY,OTR/L,714-876-8343,,1669789897,5540 FEATHER GRASS LN,YORBA LINDA,CA,92887,YORBA LINDA,ORANGE,92887,high,license_number,09-30-2027,Occupational Therapist
OT,762,JOANNE RAMOS,OTR/L,909-865-9810,,1912536467,1798 N GAREY AVE,POMONA,CA,91767,ANAHEIM,ORANGE,92808,high,license_number,11-30-2026,Occupational Therapist
OT,26614,JOCELYN MACIAS,OTR/L,949-273-6503,,1942038682,22691 LAMBERT ST STE 502,LAKE FOREST,CA,92630,SANTA ANA,ORANGE,92707,high,license_number,03-31-2027,Occupational Therapist
OT,13947,JOCELYN MAO FISHER,M.A.,562-801-0318,,1083059653,"11741 E. TELEGRAPH RD., STE. A-C",SANTA FE SPRINGS,CA,90670,IRVINE,ORANGE,92602,high,license_number,08-31-2027,Occupational Therapist
OT,12969,JODY LYNN JOHNSON MELARKEY,OTR/L,702-379-2812,,1750875043,1820 WEST ORANGEWOOD SUITE 104,ORANGE,CA,92868,YORBA LINDA,ORANGE,92887,high,license_number,02-28-2027,Occupational Therapist
OT,7404,JOEY NAWA,,323-309-5945,,1366518516,3710 ROBERTSON BLVD STE 225,CULVER CITY,CA,90232,LOS ALAMITOS,ORANGE,90720,high,license_number,02-28-2027,Occupational Therapist
OT,23569,JOLEENA PAULINE ACOLOLA,OTR/L,714-870-6116,,1770260440,233 ORANGEFAIR MALL,FULLERTON,CA,92832,LAGUNA HILLS,ORANGE,92653,high,license_number,09-30-2028,Occupational Therapist
OT,22802,JONATHAN LEE,,760-701-5046,,1053076893,43875 WASHINGTON ST STE G,PALM DESERT,CA,92211,FULLERTON,ORANGE,92833,high,license_number,04-30-2027,Occupational Therapist
OT,16606,JONATHAN MOH,OTR/L,562-826-8000,,1740737543,5901 E 7TH ST,LONG BEACH,CA,90822,BUENA PARK,ORANGE,90620,high,license_number,01-31-2028,Occupational Therapist
OT,19302,JONATHAN YEH,,626-788-8232,,1871037846,951 S FAIR OAKS AVE,PASADENA,CA,91105,IRVINE,ORANGE,92606,medium,name_exact,01-31-2027,Occupational Therapist
OT,26417,JORDAN WRIGHT,OTR/L,913-682-7500,,1629751094,4200 S 4TH ST,LEAVENWORTH,KS,66048,SANTA ANA,ORANGE,92705,high,license_number,12-31-2026,Occupational Therapist
OT,18178,JORDYN ELIZABETH HALTERMAN,,949-222-2214,,1043718042,17861 VON KARMAN AVE,IRVINE,CA,92614,COSTA MESA,ORANGE,92627,high,license_number,04-30-2028,Occupational Therapist
OT,12694,JOSE MIGUEL LANDICHO LLAMAS,OTR/L,310-328-0276,,1568918720,1815 W 213TH ST STE 100,TORRANCE,CA,90501,BUENA PARK,ORANGE,90620,high,license_number,12-31-2027,Occupational Therapist
OT,16130,JOSE RIVAS,OTR/L,310-275-2130,,1700231701,8600 W. 3RD. STREET,LOS ANGELES,CA,90048,ANAHEIM,ORANGE,92801,high,license_number,06-30-2027,Occupational Therapist
OT,8592,JOSEFINA SURRETT,OT,562-413-1429,,1265146997,1738 N WARBLER PL,ORANGE,CA,92867,ORANGE,ORANGE,92867,high,license_number,08-31-2027,Occupational Therapist
OT,18447,JOSEPH SUAREZ,OTR/L,562-693-5449,,1518464577,12411 SLAUSON AVE,WHITTIER,CA,90606,YORBA LINDA,ORANGE,92886,high,license_number,08-31-2027,Occupational Therapist
OT,2532,JOSEPHINE FUERTE TOGLE,,949-642-0387,,1760047567,340 VICTORIA ST,COSTA MESA,CA,92627,HUNTINGTON BEACH,ORANGE,92646,high,license_number,09-30-2026,Occupational Therapist
OT,13435,JOSEPHINE P TUVERA,OT,714-590-0100,,1174965107,9764 GARDEN GROVE BLVD,GARDEN GROVE,CA,92844,ANAHEIM,ORANGE,92805,high,license_number,04-30-2027,Occupational Therapist
OT,26319,JOSHUA LEE,OTR/L,714-831-5599,,1194539767,1740 W KATELLA AVE STE D,ORANGE,CA,92867,ANAHEIM,ORANGE,92808,high,license_number,12-31-2026,Occupational Therapist
OT,5611,JOY T LOVERRO,"MS, OTR",510-797-9299,,1912063348,2296 COUNTRY DR,FREMONT,CA,94536,LAGUNA HILLS,ORANGE,92653,high,license_number,10-31-2026,Occupational Therapist
OT,4817,JUDI H SHIBA,"OTR,L",800-642-5031,,1639380876,9227 HAVEN AVE,RANCHO CUCAMONGA,CA,91730,LOS ALAMITOS,ORANGE,90720,high,license_number,08-31-2028,Occupational Therapist
OT,23436,JULIA ANNE GARCIA-MARSHALL,"M.S., OTR/L",310-328-0276,,1215668157,1815 W 213TH ST STE 100,TORRANCE,CA,90501,ANAHEIM,ORANGE,92806,high,license_number,11-30-2027,Occupational Therapist
OT,28803,JULIANNA BUI,,951-826-6476,,1689506644,3939 13TH ST,RIVERSIDE,CA,92501,ORANGE,ORANGE,92868,high,license_number,12-31-2026,Occupational Therapist
OT,17194,JULIE KIM NGUYEN,OTR/L,760-432-2296,,1508375668,420 FALCONER RD,ESCONDIDO,CA,92027,SAN CLEMENTE,ORANGE,92673,high,license_number,07-31-2028,Occupational Therapist
OT,14058,JULIEANN TSAI,OTR/L,714-712-9222,,1528463601,2400 E KATELLA AVE,ANAHEIM,CA,92806,LOS ALAMITOS,ORANGE,90720,high,license_number,12-31-2026,Occupational Therapist
OT,20039,JUNG WON LEE,OTR/L,714-628-4080,,1023636354,1401 N HANDY ST,ORANGE,CA,92867,ANAHEIM,ORANGE,92805,high,license_number,11-30-2026,Occupational Therapist
OT,10850,JUNGMIN PARK,,917-992-2974,,1427446806,901 NORTHAMPTON WAY,FULLERTON,CA,92833,FULLERTON,ORANGE,92833,high,license_number,09-30-2027,Occupational Therapist
OT,18880,JUSTIN HONG,,562-242-4392,,1073081030,620 S VIRGIL AVE APT 344,LOS ANGELES,CA,90005,BREA,ORANGE,92823,high,license_number,05-31-2027,Occupational Therapist
OT,26303,JUSTIN LA,,562-691-1200,,1942198957,200 W WHITTIER BLVD,LA HABRA,CA,90631,FULLERTON,ORANGE,92833,high,license_number,06-30-2027,Occupational Therapist
OT,18024,JUSTINA ALFREDA WEN,,562-826-8000,,1750246385,5901 E 7TH ST BLDG 150R4,LONG BEACH,CA,90822,LAKE FOREST,ORANGE,92630,medium,name_exact,04-30-2027,Occupational Therapist
OT,21809,KAELYN ELIZABETH GREEN,MA OTR/L,949-378-7823,,1619566999,9 EL BALAZO,RANCHO SANTA MARGARITA,CA,92688,RANCHO STA MARG,ORANGE,92688,high,license_number,06-30-2027,Occupational Therapist
OT,19622,KAI GABRIEL GENUNG YAMAMOTO,OTR/L,714-640-4469,,1700343894,2501 CHERRY AVE,SIGNAL HILL,CA,90755,TUSTIN,ORANGE,92780,high,license_number,08-31-2027,Occupational Therapist
OT,17813,KALIN W. LE,"MS, OTR/L",949-333-6400,,1710404942,980 ROOSEVELT STE 100,IRVINE,CA,92620,GARDEN GROVE,ORANGE,92845,high,license_number,06-30-2028,Occupational Therapist
OT,6273,KAREN CROUCH,CHT,714-556-2288,,1043304520,1700 ADAMS AVENUE,COSTA MESA,CA,92626,TUSTIN,ORANGE,92782,high,license_number,09-30-2026,Occupational Therapist
OT,17992,KAREN KATE VILLANUEVA,"MS, OTR/L",951-259-9553,,1780245225,516 TWILIGHT ST,PLACENTIA,CA,92870,IRVINE,ORANGE,92618,high,license_number,06-30-2028,Occupational Therapist
OT,16716,KAREN NGO,,714-417-4027,,1093252314,2425 W GREENACRE AVE,ANAHEIM,CA,92801,ANAHEIM,ORANGE,92807,high,license_number,01-31-2027,Occupational Therapist
OT,2120,KAREN REZA,,714-628-4000,,1407783178,1401 N HANDY ST,ORANGE,CA,92867,ORANGE,ORANGE,92867,high,license_number,03-31-2027,Occupational Therapist
OT,1210,KAREN RIEGERT,"#1210, OT/L",949-234-9200,,1760317721,33122 VALLE RD,SAN JUAN CAPISTRANO,CA,92675,ALISO VIEJO,ORANGE,92656,high,license_number,11-30-2027,Occupational Therapist
OT,10182,KARINA NG,"MOT, OTR/L",858-259-2222,,1588917314,13101 HARTFIELD AVE,SAN DIEGO,CA,92130,BREA,ORANGE,92823,high,license_number,10-31-2026,Occupational Therapist
OT,7926,KARINA PALACIOS ERUM,OTR/L,949-468-7198,,1124254826,52 DISTANT STAR,IRVINE,CA,92618,IRVINE,ORANGE,92602,high,license_number,06-30-2027,Occupational Therapist
OT,22632,KARIS CHOE,OTR/L,562-381-0877,,1558031187,9530 IMPERIAL HWY STE A,DOWNEY,CA,90242,CYPRESS,ORANGE,90720,high,license_number,06-30-2028,Occupational Therapist
OT,20545,KARLY ELIZABETH HORNE AIKEN,OTR/L,323-461-9961,,1790323798,5310 FOUNTAIN AVE,LOS ANGELES,CA,90029,LAKE FOREST,ORANGE,92630,high,license_number,10-31-2026,Occupational Therapist
OT,6992,KARYN D ANDREASEN,,760-242-6336,,1619195773,17800 US HIGHWAY 18,APPLE VALLEY,CA,92307,MISSION VIEJO,ORANGE,92691,high,license_number,07-31-2027,Occupational Therapist
OT,28761,KATARINA CUMMINGS,"OTD, OTR/L",714-962-6760,,1376490599,18700 BEACH BLVD STE 120,HUNTINGTON BEACH,CA,92648,ANAHEIM,ORANGE,92808,high,license_number,05-31-2028,Occupational Therapist
OT,3419,KATHERINE HEESOON BEERS,COTA/L,619-424-9800,,1952011231,2435 E PLAZA BLVD,NATIONAL CITY,CA,91950,LA PALMA,ORANGE,90623,high,license_number,05-31-2028,Occupational Therapist
OT,8274,KATHERINE HYATT,OTR/L,310-940-2318,,1265859730,23133 HAWTHORNE BLVD,TORRANCE,CA,90505,SEAL BEACH,ORANGE,90740,high,license_number,06-30-2028,Occupational Therapist
OT,5976,KATHERINE SIRACUSA,OTD/L,562-997-8000,,1295661312,1515 HUGHES WAY,LONG BEACH,CA,90810,LONG BEACH,ORANGE,90803,high,license_number,08-31-2027,Occupational Therapist
OT,22114,KATHERINE WECHSLER,,323-442-3340,,1295349157,1640 MARENGO ST SUITE 500,LOS ANGELES,CA,90089,LAGUNA NIGUEL,ORANGE,92677,high,license_number,07-31-2028,Occupational Therapist
OT,23302,KATHLEEN DYAN APOSTOL LU,,949-235-5588,,1700533833,24547 LOS ALISOS BLVD APT 270,LAGUNA HILLS,CA,92653,ALISO VIEJO,ORANGE,92656,high,license_number,07-31-2028,Occupational Therapist
OT,10783,KATHLEEN GULBRANSON,,949-294-7710,,1386583417,4444 PLUMOSA DR,YORBA LINDA,CA,92886,COSTA MESA,ORANGE,92627,high,license_number,04-30-2027,Occupational Therapist
OT,11466,KATHLEEN JUNE WEBSTER,,310-533-4510,,1386847499,17800 VAN NESS AVE,TORRANCE,CA,90504,TUSTIN,ORANGE,92780,medium,name_exact,05-31-2028,Occupational Therapist
OT,2212,KATHLEEN MICHELLE SMITH,"OTD, OTR/L",818-947-5564,,1508054859,13130 BURBANK BLVD,SHERMAN OAKS,CA,91401,SEAL BEACH,ORANGE,90740,medium,name_exact,02-29-2028,Occupational Therapist
OT,17281,KATHRYN DIANE GIBSON,OTR,714-743-5284,,1891269833,19232 HARDING LN,HUNTINGTON BEACH,CA,92646,HUNTINGTON BEACH,ORANGE,92646,high,license_number,05-31-2027,Occupational Therapist
OT,9600,KATHRYN GRACE HAAS,"OTD, OTR/L, ATAC",907-570-1164,,1417191446,18072 CLEARWATER CIR,HUNTINGTON BEACH,CA,92648,HUNTINGTON BEACH,ORANGE,92648,high,license_number,05-31-2028,Occupational Therapist
OT,19263,KATHY CHO,OTR/L,949-788-9236,,1912477613,8 PASTEUR,IRVINE,CA,92618,ANAHEIM,ORANGE,92805,medium,name_exact,06-30-2027,Occupational Therapist
OT,6913,KATI FRENCH MCILROY,,714-347-0300,,1316072119,200 W SANTA ANA BLVD,SANTA ANA,CA,92701,LADERA RANCH,ORANGE,92694,high,license_number,03-31-2028,Occupational Therapist
OT,15532,KATRINA JEAN MONDEJAR YAN,OTR/L,714-646-8318,,1699145987,740 S. PACENTIA AVE.,PLACENTIA,CA,92870,LA HABRA,ORANGE,90631,high,license_number,04-30-2027,Occupational Therapist
OT,15014,KATY SCHLOSSBERG,,949-936-5800,,1003221128,5050 BARRANCA PKWY,IRVINE,CA,92604,MISSION VIEJO,ORANGE,92691,high,license_number,08-31-2028,Occupational Therapist
OT,17596,KAYLEE CARRIG,,510-752-1000,,1881565372,3600 BROADWAY,OAKLAND,CA,94611,LAGUNA NIGUEL,ORANGE,92677,medium,name_exact,02-28-2027,Occupational Therapist
OT,26331,KAYLIN KELLY,,562-927-2641,,1790502383,5648 GOTHAM ST,BELL GARDENS,CA,90201,COSTA MESA,ORANGE,92626,high,license_number,05-31-2027,Occupational Therapist
OT,29462,KAYLYN ASHLEY VO,OTR/L,949-910-4880,,1275441800,18362 WHITNEY DR,SANTA ANA,CA,92705,SANTA ANA,ORANGE,92705,high,license_number,02-29-2028,Occupational Therapist
OT,14971,KELLY ALYSSA CULHANE,OTR/L,949-833-2237,,1215322581,16782 VON KARMAN AVE,IRVINE,CA,92606,HUNTINGTON BEACH,ORANGE,92646,high,license_number,01-31-2028,Occupational Therapist
OT,1481,KELLY ELIZABETH SILLS,,208-888-7049,,1841642857,1351 W PINE AVE,MERIDIAN,ID,83642,IRVINE,ORANGE,92618,high,license_number,06-30-2028,Occupational Therapist
OT,25958,KELLY NGUYEN,,800-788-4815,,1366813479,8840 CYPRESS WATERS BLVD,COPPELL,TX,75019,SANTA ANA,ORANGE,92704,medium,name_exact,07-31-2028,Occupational Therapist
OT,27654,KELLY R KAY,OTR/L,714-944-8221,,1295671048,429 S POPLAR AVE,BREA,CA,92821,BREA,ORANGE,92821,high,license_number,05-31-2027,Occupational Therapist
OT,24432,KELLY YU CHIEN LIAO,OTR,323-442-3340,,1972198786,1640 MARENGO ST STE 500,LOS ANGELES,CA,90033,WHITTIER,ORANGE,90602,high,license_number,09-30-2027,Occupational Therapist
OT,23924,KELSEY HAMILTON,"OTD, OTR/L, RBT",949-474-1493,,1629585278,3652 MICHELSON DR,IRVINE,CA,92612,BREA,ORANGE,92821,high,license_number,02-29-2028,Occupational Therapist
OT,22498,KELSEY SANTOS,OTR,714-916-0641,,1619645587,7812 EDINGER AVE STE 400,HUNTINGTON BEACH,CA,92647,LAKE FOREST,ORANGE,92630,high,license_number,10-31-2027,Occupational Therapist
OT,25171,KELSI RAE GRAY,OTR/L,909-285-4199,,1447864186,632 W 13TH ST,MERCED,CA,95341,ORLANDO,ORANGE,32839,high,license_number,03-31-2028,Occupational Therapist
OT,3357,KENDRA MOORE,,714-628-4000,,1831029875,1401 N HANDY ST,ORANGE,CA,92867,ANAHEIM,ORANGE,92808,high,license_number,09-30-2028,Occupational Therapist
OT,29000,KENNEDY WYNN COX,OTR/L,949-748-8571,,1144165796,2500 RED HILL AVE STE 100,SANTA ANA,CA,92705,LOS ALAMITOS,ORANGE,90720,high,license_number,08-31-2027,Occupational Therapist
OT,1808,KENNETH GERARD O'NEILL,OTR/L,707-259-1152,,1649400169,3273 CLAREMONT WAY,NAPA,CA,94558,BUENA PARK,ORANGE,90620,high,license_number,11-30-2027,Occupational Therapist
OT,24175,KENZIE HOSSAM SALEH,"OTD, OTR/L",949-590-9350,,1598475378,15375 BARRANCA PKWY STE A103,IRVINE,CA,92618,LAKE FOREST,ORANGE,92630,high,license_number,05-31-2027,Occupational Therapist
OT,16633,KEREN SHIMONI,,949-274-9908,,1922453919,1000 E VICTORIA ST,CARSON,CA,90747,IRVINE,ORANGE,92618,medium,name_exact,01-31-2027,Occupational Therapist
OT,26219,KEVIN K VO,,323-857-3930,,1548933021,6041 CADILLAC AVE,LOS ANGELES,CA,90034,GARDEN GROVE,ORANGE,92843,high,license_number,04-30-2028,Occupational Therapist
OT,19325,KEVIN-PHI LE,OT,714-856-2568,,1265209118,1456 BUTLER AVE,LOS ANGELES,CA,90025,SANTA ANA,ORANGE,92706,high,license_number,11-30-2026,Occupational Therapist
OT,7157,KIANNA MARIE COLLIER,"MOT, OTR/L",650-617-3883,,1972743433,650 CLARK WAY,PALO ALTO,CA,94304,LAGUNA NIGUEL,ORANGE,92677,high,license_number,10-31-2027,Occupational Therapist
OT,8599,KIM MARIE ATWATER,OTR,310-549-4500,,1174724421,1 CIVIC PLAZA DR,CARSON,CA,90745,BREA,ORANGE,92821,high,license_number,04-30-2027,Occupational Therapist
OT,11316,KIMBERLY JOYCE EVANS,OT,714-831-5599,,1346541679,1740 W KATELLA AVE STE D,ORANGE,CA,92867,ANAHEIM,ORANGE,92805,high,license_number,07-31-2028,Occupational Therapist
OT,19167,KIMBERLY MICHELLE ORMAN,,714-816-0540,,1619442100,501 S BEACH BLVD,ANAHEIM,CA,92804,TUSTIN,ORANGE,92780,high,license_number,12-31-2026,Occupational Therapist
OT,19050,KIMMY PHAN,,714-467-9816,,1043843816,11911 WEST ST,GARDEN GROVE,CA,92840,ANAHEIM,ORANGE,92806,high,license_number,08-31-2028,Occupational Therapist
OT,5566,KIRSTIN WALSH,OTR,562-484-3860,,1497819346,8615 KNOTT AVE,BUENA PARK,CA,90620,NEWPORT BEACH,ORANGE,92661,high,license_number,04-30-2027,Occupational Therapist
OT,12839,KRISTA FRASCO,,714-742-1225,,1235527367,19167 CHANDON LN,HUNTINGTON BEACH,CA,92648,ORANGE,ORANGE,92869,high,license_number,07-31-2027,Occupational Therapist
OT,19553,KRISTEN BANG,,800-854-7771,,1194289918,510 S VERMONT AVE,LOS ANGELES,CA,90020,FULLERTON,ORANGE,92833,high,license_number,11-30-2027,Occupational Therapist
OT,13914,KRISTEN NICOLE YEE KAJITA,"M.A., OTR/L",714-628-4000,,1881019149,1401 N HANDY ST,ORANGE,CA,92867,HUNTINGTON BEACH,ORANGE,92646,high,license_number,03-31-2027,Occupational Therapist
OT,22695,KRISTIE DEVRIES,"OTD, OTR/L",619-239-6900,,1750056750,235 NUTMEG ST,SAN DIEGO,CA,92103,DANA POINT,ORANGE,92629,high,license_number,02-28-2027,Occupational Therapist
OT,3238,KRISTIN ELAINE PARNABY,,949-788-9236,,1730451907,16269 LAGUNA CANYON RD,IRVINE,CA,92618,LAGUNA NIGUEL,ORANGE,92677,high,license_number,07-31-2028,Occupational Therapist
OT,1881,KRISTIN K ALLEN,,909-463-7907,,1487929139,7161 EAST AVE APT 82,RANCHO CUCAMONGA,CA,91739,BREA,ORANGE,92821,high,license_number,01-31-2028,Occupational Therapist
OT,24613,KRISTIN RUTLEDGE,,949-498-5100,,1538874649,1000 CALLE AMANECER,SAN CLEMENTE,CA,92673,COSTA MESA,ORANGE,92627,medium,name_exact,06-30-2027,Occupational Therapist
OT,12333,KRISTIN TAYLOR,,626-487-5272,,1679021596,1256 RUTLAND RD APT 1,NEWPORT BEACH,CA,92660,NEWPORT BEACH ,ORANGE,92660,high,license_number,08-31-2028,Occupational Therapist
OT,9418,KRISTINA KJELLMAN GRAHAM,OTR,949-770-5843,,1982808770,23293 S POINTE DR,LAGUNA HILLS,CA,92653,TUSTIN,ORANGE,92782,high,license_number,06-30-2027,Occupational Therapist
OT,11013,KRISTY ANN YAYA,OTR,920-639-8479,,1902033483,2900 MADISON AVE UNIT D32,FULLERTON,CA,92831,FULLERTON,ORANGE,92831,high,license_number,12-31-2026,Occupational Therapist
OT,26696,KRYSTAL LOPEZ,,562-693-5449,,1306317607,12411 SLAUSON AVE STE A,WHITTIER,CA,90606,SANTA ANA,ORANGE,92704,high,license_number,06-30-2027,Occupational Therapist
OT,4342,KYLE ESCOVEDO,OTR/L,207-775-4000,,1003653148,335 BRIGHTON AVE STE 201,PORTLAND,ME,04102,FULLERTON,ORANGE,92835,high,license_number,08-31-2027,Occupational Therapist
OT,21961,KYLENE VELAZQUEZ,,626-285-7337,,1346835618,2322 S GARFIELD AVE,MONTEREY PARK,CA,91754,PLACENTIA,ORANGE,92870,medium,name_exact,12-31-2026,Occupational Therapist
OT,28723,KYLIE ANDREA CASSOTTA,"OTD, OTR/L",562-507-1568,,1801741947,3840 WOODRUFF AVE STE 211,LONG BEACH,CA,90808,HUNTINGTON BEACH,ORANGE,92647,high,license_number,08-31-2027,Occupational Therapist
OT,13830,LACEY L TYGENHOF,OTR/L,714-870-5970,,1841636610,1400 N HARBOR BLVD STE 300,FULLERTON,CA,92835,FULLERTON,ORANGE,92835,high,license_number,11-30-2027,Occupational Therapist
OT,9608,LAURA LYNN NUNEZ,,760-945-3033,,1285272880,247 E BOBIER DR,VISTA,CA,92084,LAGUNA NIGUEL,ORANGE,92677,high,license_number,09-30-2026,Occupational Therapist
OT,8842,LAUREN BEHNKE HARRELL,"MS, OTR/L",888-266-8921,,1245177278,2812 BELLO PANORAMA,SAN CLEMENTE,CA,92673,SAN CLEMENTE,ORANGE,92673,high,license_number,02-28-2027,Occupational Therapist
OT,10874,LAUREN GOETZ,,419-779-7057,,1154775575,8665 LA MESA BLVD,LA MESA,CA,91942,TUSTIN,ORANGE,92780,high,license_number,04-30-2027,Occupational Therapist
OT,27511,LAUREN MARIE CHETWOOD,,949-388-8788,,1437764560,1031 AVENIDA PICO STE 201,SAN CLEMENTE,CA,92673,SAN CLEMENTE,ORANGE,92673,high,license_number,08-31-2028,Occupational Therapist
OT,17182,LAUREN STUART,,910-673-5437,,1144737271,1120 7 LAKES DR,WEST END,NC,27376,SEAL BEACH,ORANGE,90740,high,license_number,10-31-2026,Occupational Therapist
OT,7175,LAUREN WYNNE,"MA, OTR/L",949-973-2983,,1033989231,125 W AVENIDA CORDOBA,SAN CLEMENTE,CA,92672,SAN CLEMENTE,ORANGE,92672,high,license_number,04-30-2028,Occupational Therapist
OT,1108,LAURIE ANN VITIELLO,OTR/L CHT.,626-446-7027,,1801154661,671 W NAOMI AVE,ARCADIA,CA,91007,CYPRESS,ORANGE,90630,high,license_number,03-31-2027,Occupational Therapist
OT,1390,LAURIE CHUN GIT CHEW,OTR/L,949-340-8212,,1588484836,23442 EL TORO RD BLDG 2,LAKE FOREST,CA,92630,MISSION VIEJO,ORANGE,92692,high,license_number,02-28-2027,Occupational Therapist
OT,9437,LAURIE K WELCH,OTR/L,949-916-1654,,1366672255,24012 CALLE DE LA PLATA,LAGUNA HILLS,CA,92653,LAGUNA NIGUEL,ORANGE,92677,high,license_number,06-30-2027,Occupational Therapist
OT,2519,LAURIE KELLY,,562-774-1699,,1194678938,333 S BEAUDRY AVE FL 17,LOS ANGELES,CA,90017,CYPRESS,ORANGE,90630,high,license_number,04-30-2027,Occupational Therapist
OT,10361,LE HUYEN NGUYEN,,714-598-7991,,1730532706,11892 SEACREST DR,GARDEN GROVE,CA,92840,ANAHEIM,ORANGE,92806,medium,name_initial_zip,03-31-2028,Occupational Therapist
OT,2690,LEAH KENDALL,"OTR/L, CHT",714-456-5568,,1801257365,200 S MANCHESTER AVE STE 120,ORANGE,CA,92868,ORANGE,ORANGE,92869,high,license_number,01-31-2028,Occupational Therapist
OT,16263,LEANN RENEE VITALE,OT,609-338-7175,,1801558770,3324 ALABAMA CIR,COSTA MESA,CA,92626,COSTA MESA,ORANGE,92626,high,license_number,01-31-2027,Occupational Therapist
OT,22508,LEENA VO,OT,626-594-6280,leena.v@wonderkindtherapy.com,1891465241,414 E SAN BERNARDINO RD,COVINA,CA,91723,WESTMINSTER,ORANGE,92683,medium,name_exact,11-30-2026,Occupational Therapist
OT,7446,LEILANIE DAO,OT/L,949-600-5437,,1063579720,30322 ESPERANZA,RANCHO SANTA MARGARITA,CA,92688,IRVINE,ORANGE,92606,high,license_number,07-31-2027,Occupational Therapist
OT,8219,LEMUEL BARRIOS,,714-772-1353,,1407213911,1135 N LEISURE CT,ANAHEIM,CA,92801,ANAHEIM,ORANGE,92804,high,license_number,05-31-2027,Occupational Therapist
OT,13682,LEONA LIN,OTR,562-293-5260,,1003556341,3318 WILLOW PASS RD,CONCORD,CA,94519,MURRIETA,ORANGE,92563,medium,name_exact,06-30-2028,Occupational Therapist
OT,19031,LESLEY LAI,,310-234-0300,,1528549318,10780 SANTA MONICA BLVD STE 405,LOS ANGELES,CA,90025,ANAHEIM,ORANGE,92801,high,license_number,04-30-2027,Occupational Therapist
OT,10841,LESLIE ANDERSEN,OTR/L,714-670-8116,,1881030815,233 ORANGEFAIR MALL,FULLERTON,CA,92832,CYPRESS,ORANGE,90630,high,license_number,07-31-2028,Occupational Therapist
OT,9792,LESLIE C. VALMONTE,"M.A., OTR/L",714-750-9700,,1770874299,12900B GARDEN GROVE BLVD STE 235,GARDEN GROVE,CA,92843,WESTMINSTER,ORANGE,92683,high,license_number,02-28-2027,Occupational Therapist
OT,2322,LIDA JAZI BURKE,OTR/L,714-279-4450,,1518121755,441 N LAKEVIEW AVE,ANAHEIM,CA,92807,IRVINE,ORANGE,92612,high,license_number,10-31-2027,Occupational Therapist
OT,2368,LINDA KOCHAN,OTR,949-597-9436,,1013346139,25107 SOUTHPORT ST,LAGUNA HILLS,CA,92653,LAKE FOREST,ORANGE,92630,high,license_number,04-30-2028,Occupational Therapist
OT,21817,LINDA LEE,OTR/L,714-249-0997,,1255839874,9932 KIKA CT APT 3212,SAN DIEGO,CA,92129,YORBA LINDA,ORANGE,92887,medium,name_exact,03-31-2028,Occupational Therapist
OT,28317,LINDSAY MARIE MARQUARDT,OTD,949-364-1400,,1710846175,27700 MEDICAL CENTER RD,MISSION VIEJO,CA,92691,RANCHO MISSION VIEJO,ORANGE,92694,high,license_number,08-31-2028,Occupational Therapist
OT,25792,LINDSEY ANSALDO THEOS,OTR/L,714-750-9700,,1316714397,12900B GARDEN GROVE BLVD STE 235,GARDEN GROVE,CA,92843,ANAHEIM,ORANGE,92805,high,license_number,08-31-2027,Occupational Therapist
OT,19332,LINDSEY HAN,OTR/L,714-380-7076,,1720550023,10640 COSTELLO DR,TUSTIN,CA,92782,TUSTIN,ORANGE,92782,high,license_number,10-31-2027,Occupational Therapist
OT,12049,LINDSEY MARIE KENNEY,OTR/L,714-423-8120,,1164840468,1163 PAULARINO AVE,COSTA MESA,CA,92626,HUNTINGTON BEACH,ORANGE,92646,high,license_number,01-31-2028,Occupational Therapist
OT,10742,LINDSEY RAITHEL MORRIS,,949-234-9200,,1386579092,33122 VALLE RD,SAN JUAN CAPISTRANO,CA,92675,SAN CLEMENTE,ORANGE,92672,high,license_number,10-31-2027,Occupational Therapist
OT,18734,LISA ANN KIM,,714-889-8223,,1235752569,13562 PURDY ST,GARDEN GROVE,CA,92844,GARDEN GROVE,ORANGE,92844,medium,name_exact,10-31-2027,Occupational Therapist
OT,8729,LISA MICHELLE OSBORN,OTR/L,714-966-4000,,1952635914,200 KALMUS DR,COSTA MESA,CA,92626,SAN JUAN CAPISTRANO,ORANGE,92675,medium,name_exact,11-30-2027,Occupational Therapist
OT,18080,LISA YEE,,855-295-3276,,1912477936,1479 SARATOGA AVE,SAN JOSE,CA,95129,CYPRESS,ORANGE,90720,high,license_number,10-31-2026,Occupational Therapist
OT,192,LISE MARGUERITE BUSBY,OTR,949-770-5843,,1053443606,23293 S POINTE DR,LAGUNA HILLS,CA,92653,MISSION VIEJO,ORANGE,92692,high,license_number,08-31-2028,Occupational Therapist
OT,18563,LIZETTE ZUNIGZ,OTR/L,714-646-8318,,1780176297,740 S PLACENTIA AVE STE 100,PLACENTIA,CA,92870,SANTA ANA,ORANGE,92704,high,license_number,10-31-2027,Occupational Therapist
OT,8635,LORDELE PATO DE LOS REYES,OTR/L,714-534-1942,,1386843290,12072 TRASK AVE,GARDEN GROVE,CA,92843,TUSTIN,ORANGE,92782,high,license_number,09-30-2026,Occupational Therapist
OT,8360,LOREELEI C ABBARIAO,OTR,714-496-1459,,1619218179,8227 SANTA INEZ WAY,BUENA PARK,CA,90620,ORANGE,ORANGE,92865,high,license_number,02-29-2028,Occupational Therapist
OT,425,LORI WOODALL,,949-587-9500,,1932642840,24962 CALLE ARAGON,LAGUNA WOODS,CA,92637,LAGUNA HILLS,ORANGE,92653,high,license_number,02-29-2028,Occupational Therapist
OT,2413,LUCY DODAKIAN,,949-824-8748,,1770098329,843 HEALTH SCIENCES ROAD HEWITT HALL 1331,IRVINE,CA,92697,HUNTINGTON BEACH,ORANGE,92649,high,license_number,04-30-2028,Occupational Therapist
OT,4677,LUIZA HELENA WILSON,"MA,OTR/L",949-547-3305,,1568698975,28142 RUBICON COURT,LAGUNA NIGUEL,CA,92677,LAGUNA NIGUEL,ORANGE,92677,high,license_number,01-31-2028,Occupational Therapist
OT,9757,LYNN KANESHIRO,"M.S., OTR/L, PAM",562-385-6277,,1821524471,7601 IMPERIAL HWY,DOWNEY,CA,90242,PLACENTIA,ORANGE,92870,high,license_number,04-30-2027,Occupational Therapist
OT,5614,LYNN LAM-SALVAGGIO,OTR,949-495-0772,,1760670640,25312 VIA PIEDRA ROJA,LAGUNA NIGUEL,CA,92677,LAGUNA NIGUEL,ORANGE,92607,high,license_number,03-31-2028,Occupational Therapist
OT,2152,LYNNE EVA WIEGANDT,OTRl,949-707-5555,,1578776944,23271 VERDUGO DR,LAGUNA HILLS,CA,92653,COSTA MESA,ORANGE,92626,high,license_number,05-31-2028,Occupational Therapist
OT,9314,MA REGINA SUNICO,OTR/L,949-885-6933,,1023408432,31 LAURELHURST DR,LADERA RANCH,CA,92694,LADERA RANCH,ORANGE,92694,high,license_number,04-30-2028,Occupational Therapist
OT,16785,MACY BURR,OTR/L,206-240-8451,,1043752504,140 S CHAPARRAL CT,ANAHEIM,CA,92808,TRABUCO CANYON,ORANGE,92679,high,license_number,04-30-2027,Occupational Therapist
OT,20243,MADELINE ARTERBURN,OTR/L,949-630-8290,marterburn@coastalspeechtherapy.com,1891345815,1151 DOVE ST STE 150&202,NEWPORT BEACH,CA,92660,PLACENTIA,ORANGE,92870,high,license_number,12-31-2026,Occupational Therapist
OT,21666,MADISON MCCANN,"OTD, OTR/L",949-273-6503,,1922778745,22691 LAMBERT ST STE 502,LAKE FOREST,CA,92630,LAKE FOREST,ORANGE,92630,high,license_number,01-31-2028,Occupational Therapist
OT,9080,MAGNOLIA PANGANIBAN GOZUN,OTR,714-776-1720,,1295808111,917 S VELARE ST,ANAHEIM,CA,92804,ANAHEIM,ORANGE,92804,high,license_number,06-30-2027,Occupational Therapist
OT,15399,MAIPA VANG TOLONEN,OTR/L,323-419-3869,,1841043395,714 W OLYMPIC BLVD STE 614,LOS ANGELES,CA,90015,IRVINE,ORANGE,92620,high,license_number,05-31-2028,Occupational Therapist
OT,5172,MAISOON MANGRIO,OT/L,949-503-9664,,1578454567,3434 VIA LIDO STE 200,NEWPORT BEACH,CA,92663,MISSION VIEJO,ORANGE,92692,high,license_number,04-30-2028,Occupational Therapist
OT,4728,MANDY HO,,714-707-6466,,1285892521,1310 W STEWART DR STE 404,ORANGE,CA,92868,BREA,ORANGE,92823,high,license_number,03-31-2027,Occupational Therapist
OT,18772,MAREST ALIM LLAMAS,,562-693-5449,,1881118644,12411 SLAUSON AVE STE G,WHITTIER,CA,90606,BUENA PARK,ORANGE,90620,high,license_number,10-31-2027,Occupational Therapist
OT,3146,MARGERY SANCHEZ,"OT, CHT",951-274-3524,,1629293428,4444 MAGNOLIA AVE,RIVERSIDE,CA,92501,ANAHEIM,ORANGE,92805,high,license_number,05-31-2028,Occupational Therapist
OT,28849,MARI TOMOMI WADA,,909-519-8912,,1134077811,221 N SAN DIMAS AVE # 219,SAN DIMAS,CA,91773,LA PALMA,ORANGE,90623,high,license_number,01-31-2027,Occupational Therapist
OT,7631,MARIA JOSE GIL,OT,714-271-6866,,1588869275,5750 LOS AMIGOS ST,BUENA PARK,CA,90620,BUENA PARK,ORANGE,90620,high,license_number,11-30-2027,Occupational Therapist
OT,26753,MARIA LUONG,OTR/L,909-971-3092,,1285522144,4959 PALO VERDE ST STE 109C,MONTCLAIR,CA,91763,GARDEN GROVE,ORANGE,92840,high,license_number,01-31-2027,Occupational Therapist
OT,3843,MARIBELLE TAN LOPEZ,OT/L,562-698-6600,,1306249271,8135 PAINTER AVE,WHITTIER,CA,90602,LA HABRA,ORANGE,90631,high,license_number,04-30-2028,Occupational Therapist
OT,11221,MARIE ARLYNNE LLANOS,OTR/L,323-783-1346,,1740501683,1526 N EDGEMONT ST,LOS ANGELES,CA,90027,LAKE FOREST,ORANGE,92630,high,license_number,05-31-2028,Occupational Therapist
OT,23126,MARILYN NGO,,949-936-5000,,1528916244,5050 BARRANCA PKWY,IRVINE,CA,92604,TUSTIN,ORANGE,92782,medium,name_exact,01-31-2028,Occupational Therapist
OT,16727,MARISA ROHRER,OTR/L,562-927-5820,,1376973297,7340 FIRESTONE BLVD,DOWNEY,CA,90241,PLACENTIA,ORANGE,92870,high,license_number,01-31-2028,Occupational Therapist
OT,18037,MARK DOMINGO,OTR/L,562-619-7818,,1730690280,25 PACIFICA APT 6205,IRVINE,CA,92618,ANAHEIM,ORANGE,92808,medium,name_exact,07-31-2027,Occupational Therapist
OT,4792,MARK WOLFSON,OTR/L,562-385-6285,,1700312964,7601 E IMPERIAL HWY.,DOWNEY,CA,90242,BREA,ORANGE,92823,high,license_number,01-31-2027,Occupational Therapist
OT,1908,MARSHA OWEN,"M.A., O.T.R./L",714-479-4280,,1801848858,200 W SANTA ANA BLVD 100,SANTA ANA,CA,92701,IRVINE,ORANGE,92604,high,license_number,07-31-2028,Occupational Therapist
OT,2679,MARY DILLON,OTR,951-688-3636,,1821647306,9025 COLORADO AVE,RIVERSIDE,CA,92503,YORBA LINDA,ORANGE,92885,high,license_number,09-30-2028,Occupational Therapist
OT,5561,MARY ELIZABETH BREMER,OT,949-788-9236,,1033405352,16269 LAGUNA CANYON RD,IRVINE,CA,92618,LAKE FOREST,ORANGE,92630,high,license_number,09-30-2026,Occupational Therapist
OT,24029,MARY KATHRYN CHEESEBOUROUGH,,949-586-1234,,1376478628,25631 PETER A HARTMAN WAY,MISSION VIEJO,CA,92691,MISSION VIEJO,ORANGE,92692,medium,name_exact,08-31-2028,Occupational Therapist
OT,22551,MARY KELLEY MCGRAIL,OTR,815-900-6171,,1730797457,616 13TH ST,HUNTINGTON BEACH,CA,92648,HUNTINGTON BEACH,ORANGE,92648,high,license_number,05-31-2027,Occupational Therapist
OT,5321,MARY THERESA PORCELLA,OTR/L,714-628-4080,,1255662367,1401 N HANDY ST,ORANGE,CA,92867,SANTA ANA,ORANGE,92705,high,license_number,08-31-2027,Occupational Therapist
OT,17839,MATTHEW TONG,,916-752-3920,,1306374293,128 S NORMANDIE AVE APT H,LOS ANGELES,CA,90004,FULLERTON,ORANGE,92833,medium,name_exact,08-31-2028,Occupational Therapist
OT,23290,MCKENZIE TAYLOR COLLINS,"MS, OTR/L",949-498-5100,,1558959098,1000 CALLE AMANECER,SAN CLEMENTE,CA,92673,ALISO VIEJO,ORANGE,92656,high,license_number,05-31-2027,Occupational Therapist
OT,10272,MEDHAT LABIB GHATTAS,,714-757-3801,,1376895615,1777 MITCHELL AVE,TUSTIN,CA,92780,MISSION VIEJO,ORANGE,92691,high,license_number,03-31-2028,Occupational Therapist
OT,5442,MEGAN DENISE CAULEY,OTR/L,415-378-9567,,1639473697,552 CYPRESS DR,LAGUNA BEACH,CA,92651,LAGUNA BEACH,ORANGE,92651,high,license_number,09-30-2027,Occupational Therapist
OT,21478,MEGAN HANA,OTR/L,562-433-6791,,1558978981,1020 TERMINO AVE,LONG BEACH,CA,90804,BUENA PARK,ORANGE,90620,high,license_number,06-30-2027,Occupational Therapist
OT,16400,MEGAN KEITHLY,"MOT, OTR/L",949-292-7457,,1205504644,2000 CORPORATE DR APT 516,LADERA RANCH,CA,92694,RANCHO MISSION VIEJO,ORANGE,92694,high,license_number,06-30-2027,Occupational Therapist
OT,10251,MEGHAN FOX,OTR/L,714-917-7975,,1205771789,5241 FAIRMONT BLVD,YORBA LINDA,CA,92886,YORBA LINDA,ORANGE,92886,high,license_number,09-30-2027,Occupational Therapist
OT,22225,MEGUMI KIKUCHI,,562-693-5449,,1487235628,12411 SLAUSON AVE STE G,WHITTIER,CA,90606,ANAHEIM,ORANGE,92801,high,license_number,09-30-2026,Occupational Therapist
OT,14496,MELANIE HAMEL,,714-556-2288,,1194084210,1700 ADAMS AVE,COSTA MESA,CA,92626,HUNTINGTON BEACH,ORANGE,92648,medium,name_exact,03-31-2027,Occupational Therapist
OT,6577,MELISSA B KORPI,"OTR/L,  hand therapy",949-374-1055,,1912615071,149 AVENIDA PRINCESA,SAN CLEMENTE,CA,92672,SAN CLEMENTE,ORANGE,92672,high,license_number,10-31-2027,Occupational Therapist
OT,22294,MELISSA KOO,OTR/L,833-247-9111,,1316795727,24012 CALLE DE LA PLATA STE 400,LAGUNA HILLS,CA,92653,GARDEN GROVE,ORANGE,92844,high,license_number,10-31-2026,Occupational Therapist
OT,20970,MELISSA MAGDANGAL,OTR/L,949-640-2121,,1467077016,2600 PACIFIC COAST HWY,CORONA DEL MAR,CA,92625,HUNTINGTON BEACH,ORANGE,92646,high,license_number,06-30-2028,Occupational Therapist
OT,16406,MELISSA THOMPSON,,877-991-0009,,1386030203,1420 KOLL CIR,SAN JOSE,CA,95112,HUNTINGTON BEACH,ORANGE,92648,high,license_number,04-30-2027,Occupational Therapist
OT,5970,MELVIN DATANGEL,,714-835-4900,,1730577875,1800 OLD TUSTIN AVE,SANTA ANA,CA,92705,TUSTIN,ORANGE,92780,high,license_number,04-30-2027,Occupational Therapist
OT,24310,MEREDITH BOWEN,,310-328-0276,,1679283063,1815 W 213TH ST,TORRANCE,CA,90501,MISSION VIEJO,ORANGE,92692,high,license_number,09-30-2027,Occupational Therapist
OT,1791,MEREDITH VAUGHAN,"OTR,CHT",714-556-2288,,1942466834,1700 ADAMS AVE,COSTA MESA,CA,92626,RANCHO SANTA MARGARI,ORANGE,92688,high,license_number,06-30-2027,Occupational Therapist
OT,887,MERI ESCOBAR,"OTR/L,MLD",714-812-0064,,1801211313,39 KENTWORTH,IRVINE,CA,92602,IRVINE,ORANGE,92602,high,license_number,02-28-2027,Occupational Therapist
OT,22473,MICAELLA SALUNGA-CHAN,,949-273-6503,,1538738356,160 S OLD SPRINGS RD STE 150,ANAHEIM,CA,92808,RCHO STA MARG,ORANGE,92688,medium,name_exact,12-31-2027,Occupational Therapist
OT,24742,MICHAEL THOMAS GOODE,OTR/L,951-735-0252,,1699479261,1400 CIRCLE CITY DR,CORONA,CA,92879,SANTA ANA,ORANGE,92701,high,license_number,12-31-2027,Occupational Therapist
OT,9591,MICHELLE C. BRONNER,OTR/L,949-394-6587,,1073854568,65 LONG MDW,IRVINE,CA,92620,IRVINE,ORANGE,92620,high,license_number,10-31-2027,Occupational Therapist
OT,28565,MICHELLE EMILY URQUIDI,"OTD, OTR/L",714-834-1111,,1487506184,1063 MCGAW AVE STE 100,IRVINE,CA,92614,BREA,ORANGE,92821,medium,name_exact,12-31-2026,Occupational Therapist
OT,5082,MICHELLE HUEFNER,OTR,949-922-2776,,1265565188,23232 PERALTA DR STE 113,LAGUNA HILLS,CA,92653,HUNTINGTON BEACH,ORANGE,92646,high,license_number,10-31-2026,Occupational Therapist
OT,19506,MICHELLE KATHERINE WOOD,OTR/L,714-693-5368,,1376105726,4792 LAKEVIEW AVE,YORBA LINDA,CA,92886,NEWPORT BEACH,ORANGE,92663,high,license_number,04-30-2027,Occupational Therapist
OT,15549,MICHELLE MARUMOTO,,760-518-0339,,1184094518,501 W OLYMPIC BLVD APT 523,LOS ANGELES,CA,90015,TUSTIN,ORANGE,92782,high,license_number,04-30-2027,Occupational Therapist
OT,23441,MICHELLE NGUYEN,OTR/L,949-929-9248,,1811675556,19782 MACARTHUR BLVD STE 315,IRVINE,CA,92612,CYPRESS,ORANGE,90630,high,license_number,06-30-2028,Occupational Therapist
OT,7266,MICHELLE ORTIGAS MARI,OTR/L,415-867-9660,,1740436211,647 LAS PALMAS DR,IRVINE,CA,92602,IRVINE,ORANGE,92602,high,license_number,12-31-2027,Occupational Therapist
OT,23786,MICHELLE PERKINS,"OTD, OTR/L",619-463-0281,,1154052611,5480 MARENGO AVE,LA MESA,CA,91942,TUSTIN,ORANGE,92780,high,license_number,11-30-2027,Occupational Therapist
OT,5659,MICHELLE WOO,OT,714-644-2472,,1114124096,3460 E LA PALMA AVE,ANAHEIM,CA,92806,YORBA LINDA,ORANGE,92886,high,license_number,09-30-2028,Occupational Therapist
OT,1836,MICHELLE ZULIANI COHEN,OTR/ L,310-658-0779,,1265277784,432 VISTA ROMA,NEWPORT BEACH,CA,92660,NEWPORT BEACH,ORANGE,92660,high,license_number,06-30-2027,Occupational Therapist
OT,6267,MIKI BERNAL,"MA, OT/L, CHT",949-338-9131,,1558443572,1 CORTE ESTANTE,SAN CLEMENTE,CA,92673,SAN CLEMENTE,ORANGE,92673,high,license_number,11-30-2026,Occupational Therapist
OT,10199,MILADYS M RIVAS,"MS, OTR/L",323-404-1027,,1154550887,1111 W 6TH ST STE 111,LOS ANGELES,CA,90017,ANAHEIM,ORANGE,92801,high,license_number,04-30-2028,Occupational Therapist
OT,14498,MINDY NGUYEN,,909-395-7193,,1629486147,401 S PACIFIC AVE,SANTA ANA,CA,92703,ANAHEIM,ORANGE,92802,high,license_number,08-31-2028,Occupational Therapist
OT,10527,MIRIAM SHABINA ASGAR,M.A.,949-770-5843,,1073754412,23293 S POINTE DR,LAGUNA HILLS,CA,92653,ANAHEIM,ORANGE,92808,high,license_number,09-30-2027,Occupational Therapist
OT,26054,MIRNA GONZALEZ,OT,714-776-1231,,1609634559,1360 S ANAHEIM BLVD,ANAHEIM,CA,92805,PLACENTIA,ORANGE,92870,high,license_number,09-30-2027,Occupational Therapist
OT,25222,MOHAMMAD MAABREH,OTR/L,949-837-8000,,1720864317,24452 HEALTH CENTER DR,LAGUNA HILLS,CA,92653,ANAHEIM,ORANGE,92804,high,license_number,02-28-2027,Occupational Therapist
OT,19229,MONICA KIM,,714-827-2440,,1811464274,3067 W ORANGE AVE,ANAHEIM,CA,92804,ANAHEIM,ORANGE,92802,high,license_number,10-31-2026,Occupational Therapist
OT,25567,MONICA PHAM,,408-855-6000,,1780144972,855 LENZEN AVE,SAN JOSE,CA,95126,ORANGE,ORANGE,92869,high,license_number,03-31-2028,Occupational Therapist
OT,20229,MONIQUE LE,OTR/L,714-615-1255,,1780404079,27413 LILAC AVE,MISSION VIEJO,CA,92692,GARDEN GROVE,ORANGE,92843,high,license_number,03-31-2027,Occupational Therapist
OT,3772,MONTHOR RENE KIM,OTR,562-961-5799,,1225241748,5199 E PACIFIC COAST HWY STE 610,LONG BEACH,CA,90804,NEWPORT COAST,ORANGE,92657,high,license_number,08-31-2027,Occupational Therapist
OT,20275,MORGAN KOLLENDA,OTR/L,949-600-5437,,1215579347,22431 ANTONIO PKWY STE B160-493,RANCHO SANTA MARGARITA,CA,92688,FOOTHILL RANCH,ORANGE,92610,high,license_number,01-31-2027,Occupational Therapist
OT,22570,MORGAN LEIGH BOYER,OTD,714-530-9100,,1518540137,12151 DALE AVE,STANTON,CA,90680,LAKE FOREST,ORANGE,92630,medium,name_exact,07-31-2028,Occupational Therapist
OT,28707,MORGAN MCSHEA,,714-893-7399,,1851244891,11205 KNOTT AVE STE E,CYPRESS,CA,90630,CYPRESS,ORANGE,90630,high,license_number,11-30-2026,Occupational Therapist
OT,5263,MUBINA CHAGPAR-SIVJEE,OTR/L,714-639-4990,,1831405653,1301 W PROVIDENCE AVE,ORANGE,CA,92868,IRVINE,ORANGE,92602,high,license_number,05-31-2028,Occupational Therapist
OT,24296,NADER ABOLHOSN,,949-302-3268,,1952866592,2525 BREA BLVD,FULLERTON,CA,92835,ANAHEIM,ORANGE,92806,medium,name_exact,01-31-2028,Occupational Therapist
OT,10667,NAI KINSBURSKY,OTR/L,714-468-1100,,1629648399,13300 GARDEN GROVE BLVD,GARDEN GROVE,CA,92843,ANAHEIM,ORANGE,92807,high,license_number,08-31-2028,Occupational Therapist
OT,7066,NANCY OLSEN,,714-813-6811,,1902266588,15101 COVENTRY WAY,TUSTIN,CA,92782,TUSTIN,ORANGE,92782,high,license_number,07-31-2028,Occupational Therapist
OT,3704,NATALIE ANG,OTR,562-484-3860,,1366471625,13330 BLOOMFIELD AVE,NORWALK,CA,90650,HUNTINGTON BEACH,ORANGE,92648,high,license_number,12-31-2026,Occupational Therapist
OT,17136,NATALIE HANNA,,949-680-9203,,1487187746,13 BLUFF VW,IRVINE,CA,92603,NEWPORT BEACH,ORANGE,92663,high,license_number,12-31-2026,Occupational Therapist
OT,46,NAVAZ ZUBIN TARAPOREVALA,,714-628-4080,,1376477042,1401 N HANDY ST,ORANGE,CA,92867,IRVINE,ORANGE,92620,high,license_number,08-31-2027,Occupational Therapist
OT,14349,NEGIN ZARE,,714-963-3322,,1003201245,18821 DELAWARE ST STE 106,HUNTINGTON BEACH,CA,92648,MIDWAY CITY,ORANGE,92655,high,license_number,12-31-2026,Occupational Therapist
OT,3053,NELS WILLIAM CAMERINO,,714-456-5957,,1548445844,101 THE CITY DR S,ORANGE,CA,92868,RANCHO MISSION VIEJO,ORANGE,92694,high,license_number,05-31-2028,Occupational Therapist
OT,22101,NGAN TRAN,,562-317-5030,,1104501741,3777 LONG BEACH BLVD,LONG BEACH,CA,90807,WESTMINSTER,ORANGE,92683,medium,name_exact,11-30-2027,Occupational Therapist
OT,16018,NICHOLAS LEIBNER,"M.S., OTR/L",949-727-2192,,1083066740,22 ODYSSEY STE 165,IRVINE,CA,92618,MISSION VIEJO,ORANGE,92691,high,license_number,06-30-2028,Occupational Therapist
OT,20146,NICHOLAS MICHAEL BARBERO,OTR/L,714-600-3929,,1235915265,13135 BARTON RD STE ABC,WHITTIER,CA,90605,ANAHEIM,ORANGE,92804,high,license_number,01-31-2027,Occupational Therapist
OT,25247,NICHOLAS VENTURA,OTR,310-275-2130,,1033891767,8600 W 3RD ST STE 3B,LOS ANGELES,CA,90048,ANAHEIM,ORANGE,92804,high,license_number,10-31-2026,Occupational Therapist
OT,21392,NICHOLE VASQUEZ,OTR/L,408-559-9020,,1063087617,4733 CHABOT DR STE 203,PLEASANTON,CA,94588,ORANGE,ORANGE,92869,high,license_number,08-31-2027,Occupational Therapist
OT,21576,NICOLE A NGUYEN,OTR/L,714-870-6116,,1205431319,233 ORANGEFAIR MALL,FULLERTON,CA,92832,SANTA ANA,ORANGE,92704,high,license_number,10-31-2027,Occupational Therapist
OT,15476,NICOLE ALEXIS FELKEL,"M.S., OTR/L",805-358-3251,,1851756746,8750 DORSETT DR,HUNTINGTON BEACH,CA,92646,BUENA PARK,ORANGE,90620,high,license_number,08-31-2027,Occupational Therapist
OT,10590,NICOLE KUBOTA LUSSIER,MOT R/L,949-498-5100,,1518199124,1120 VIA CALLEJON,SAN CLEMENTE,CA,92673,PLACENTIA,ORANGE,92870,high,license_number,01-31-2027,Occupational Therapist
OT,2859,NICOLE LEE MARSH,O.T.,626-964-1727,,1417125295,18391 COLIMA RD STE 203,ROWLAND HEIGHTS,CA,91748,SAN CLEMENTE,ORANGE,92672,high,license_number,01-31-2027,Occupational Therapist
OT,14414,NICOLE REAVES,"MS, OTR/L, CHT",714-282-7701,,1235544354,5630 E SANTA ANA CANYON RD STE 105,ANAHEIM,CA,92807,COSTA MESA,ORANGE,92626,high,license_number,09-30-2026,Occupational Therapist
OT,8215,NICOLE SMITH,,714-558-5501,,1376488585,1601 E CHESTNUT AVE,SANTA ANA,CA,92701,MISSION VIEJO,ORANGE,92692,high,license_number,10-31-2027,Occupational Therapist
OT,7382,NILIMA NIHAR TANNA,"OTR L, CLVT",949-824-2020,,1043369838,850 HEALTH SCIENCES RD,IRVINE,CA,92617,YORBA LINDA,ORANGE,92887,medium,name_exact,12-31-2027,Occupational Therapist
OT,17622,NINA H IM,,714-533-1230,,1437668621,217 W CERRITOS AVE,ANAHEIM,CA,92805,PLACENTIA,ORANGE,92870,high,license_number,10-31-2026,Occupational Therapist
OT,25033,NIYA ESPERANZA,MA,714-529-5022,,1275227647,500 W CENTRAL AVE STE B,BREA,CA,92821,COSTA MESA,ORANGE,92626,high,license_number,04-30-2028,Occupational Therapist
OT,24895,NORA G. CHUN-UBA,OTR,415-353-1756,,1164676813,400 PARNASSUS AVE,SAN FRANCISCO,CA,94143,FULLERTON,ORANGE,92833,high,license_number,11-30-2027,Occupational Therapist
OT,20224,OLIVIA ROSE VEGA,"OTD, OTR/L, CHT",818-894-2273,,1194401117,6320 CANOGA AVE FL 15,WOODLAND HILLS,CA,91367,SAN JUAN CAPISTRANO,ORANGE,92675,high,license_number,08-31-2028,Occupational Therapist
OT,18141,PAIGE ALISON MESHOT,OTR/L,949-788-9236,,1841799665,8 PASTEUR,IRVINE,CA,92618,ALISO VIEJO,ORANGE,92656,high,license_number,10-31-2027,Occupational Therapist
OT,26026,PAIGE BOGGESS,,949-525-5455,,1477352185,84 POMELO,RANCHO SANTA MARGARITA,CA,92688,RANCHO SANTA MARGARITA,ORANGE,92688,high,license_number,01-31-2027,Occupational Therapist
OT,26050,PAIGE SPARROW,OTR/L,714-870-6116,,1073276887,233 ORANGEFAIR MALL,FULLERTON,CA,92832,PLACENTIA,ORANGE,92870,high,license_number,05-31-2027,Occupational Therapist
OT,712,PAMELA NAKADA LEW,OT,949-599-0218,,1275736944,23361 MADERO,MISSION VIEJO,CA,92691,CYPRESS,ORANGE,90630,high,license_number,05-31-2027,Occupational Therapist
OT,14974,PANNA PATEL,,949-375-8058,,1093105504,114 BORREGO,IRVINE,CA,92618,IRVINE,ORANGE,92618,high,license_number,03-31-2028,Occupational Therapist
OT,22405,PARISA SOROUSH,OTR/L,562-923-4704,,1821665787,12555 LAKEWOOD BLVD,DOWNEY,CA,90242,ANAHEIM,ORANGE,92808,high,license_number,05-31-2027,Occupational Therapist
OT,650,PATRICIA ANN KOERNER,O.T.,714-730-1525,,1578636445,17352 VINEWOOD AVE,TUSTIN,CA,92780,TUSTIN,ORANGE,92780,high,license_number,04-30-2027,Occupational Therapist
OT,20949,PATRICIA PAYSAN,"MS, OTR/L",661-400-9260,,1073007779,1722 ROANOKE AVE,TUSTIN,CA,92780,IRVINE,ORANGE,92620,high,license_number,02-29-2028,Occupational Therapist
OT,10877,PATRICK MICHAEL DUFFY,"MSN, ARNP, FNP-C",951-601-4100,,1649485517,16110 COSMOS ST,MORENO VALLEY,CA,92551,ANAHEIM,ORANGE,92808,high,license_number,09-30-2026,Occupational Therapist
OT,14503,PATRICK W WILLSON,OT,714-964-0727,,1790193860,10540 TALBERT AVE STE 250W,FOUNTAIN VALLEY,CA,92708,FOUNTAIN VALLEY,ORANGE,92708,high,license_number,01-31-2027,Occupational Therapist
OT,15124,PATTY GEE,,714-296-5700,,1780061614,1612 CLEAR CREEK DR,FULLERTON,CA,92833,FULLERTON,ORANGE,92833,high,license_number,12-31-2026,Occupational Therapist
OT,7468,PAUL EMERSON BALOY,,562-691-8810,,1679961015,1770 W LA HABRA BLVD,LA HABRA,CA,90631,ORANGE,ORANGE,92868,high,license_number,01-31-2027,Occupational Therapist
OT,17541,PAYAL SAXENA,,408-743-5332,,1053790949,1290 LAWRENCE STATION RD,SUNNYVALE,CA,94089,SAN CLEMENTE,ORANGE,92673,high,license_number,09-30-2027,Occupational Therapist
OT,28109,PEARL DAEUN KIM,"OTD, OTR/L",714-834-1111,,1689553034,1063 MCGAW AVE STE 100,IRVINE,CA,92614,CYPRESS,ORANGE,90630,high,license_number,06-30-2027,Occupational Therapist
OT,18078,PETER TRAN,OTR/L,714-891-2739,,1417430760,14221 EUCLID ST STE F,GARDEN GROVE,CA,92843,GARDEN GROVE,ORANGE,92844,high,license_number,08-31-2028,Occupational Therapist
OT,17626,PHUONG NAM NGUYEN,,714-901-4200,,1902368475,1922 N BROADWAY,SANTA ANA,CA,92706,HUNTINGTON BEACH,ORANGE,92646,high,license_number,02-28-2027,Occupational Therapist
OT,29324,PIPER BRUCKMEIER,,901-857-3084,,1124935499,3 TERRAZA DEL MAR,DANA POINT,CA,92629,DANA POINT,ORANGE,92629,high,license_number,08-31-2027,Occupational Therapist
OT,10513,POOJA SHAH,,714-879-7301,,1699074377,1821 E CHAPMAN AVE,FULLERTON,CA,92831,FULLERTON,ORANGE,92835,high,license_number,09-30-2028,Occupational Therapist
OT,21136,POURYA POURESMAIL,OTR/L,949-727-2192,,1356961346,22 ODYSSEY STE 165,IRVINE,CA,92618,IRVINE,ORANGE,92618,high,license_number,05-31-2027,Occupational Therapist
OT,5702,PRISCILLA HUANG,,949-707-5555,,1356539506,23271 VERDUGO DR STE B,LAGUNA HILLS,CA,92653,ALISO VIEJO,ORANGE,92656,high,license_number,11-30-2027,Occupational Therapist
OT,22778,PRISCILLA M GIM,"OTD, OTR/L",714-280-2695,,1497337372,1201 ROSECRANS AVE,FULLERTON,CA,92833,ORANGE,ORANGE,92869,high,license_number,03-31-2027,Occupational Therapist
OT,12098,PRIYA SADARANGANI AGARWAL,OTR/L,818-554-2016,,1255613634,16397 VETERANS WAY,IRVINE,CA,92782,TUSTIN,ORANGE,92782,high,license_number,10-31-2026,Occupational Therapist
OT,22444,RACHAEL ROSE GRANT,OTR/L,949-649-4791,,1841862877,300 FREEDOM LN,ALISO VIEJO,CA,92656,HUNTINGTON BEACH,ORANGE,92647,high,license_number,08-31-2027,Occupational Therapist
OT,19129,RACHEL A. EMAS,OT,949-333-6400,,1851871586,980 ROOSEVELT STE 100,IRVINE,CA,92620,PLACENTIA,ORANGE,92870,medium,name_exact,09-30-2027,Occupational Therapist
OT,28528,RACHEL ELIZABETH KUAI BAUMBACH,,714-529-5022,,1467318345,500 W CENTRAL AVE STE B,BREA,CA,92821,FULLERTON,ORANGE,92831,high,license_number,11-30-2026,Occupational Therapist
OT,27428,RACHEL LWIN,,714-750-9700,,1831994227,12900B GARDEN GROVE BLVD STE 235,GARDEN GROVE,CA,92843,COSTA MESA,ORANGE,92626,high,license_number,12-31-2027,Occupational Therapist
OT,20718,RACHEL YEJIN CHYUN,,562-944-2794,,1225663982,13135 BARTON RD STE ABC,WHITTIER,CA,90605,BUENA PARK,ORANGE,90621,high,license_number,10-31-2026,Occupational Therapist
OT,6255,RACHEL YOUNG,,928-925-3407,,1366093478,1340 CEDAR ST,MONTARA,CA,94037,HUNTINGTON BEACH,ORANGE,92647,high,license_number,02-29-2028,Occupational Therapist
OT,11478,RACHELLE MARIE MURPHY,"MOT, OTR/L",951-235-7456,,1760742332,343 6TH ST,NORCO,CA,92860,ANAHEIM,ORANGE,92807,high,license_number,08-31-2028,Occupational Therapist
OT,73,RAKESH RAVINDRAN,,562-945-6366,,1598790669,13203 HADLEY ST,WHITTIER,CA,90601,PLACENTIA,ORANGE,92870,high,license_number,06-30-2028,Occupational Therapist
OT,20921,RANDY KWON,,949-535-6234,,1356974547,13305 MIRASOL,IRVINE,CA,92620,IRVINE,ORANGE,92602,medium,name_exact,03-31-2027,Occupational Therapist
OT,6133,RASHELL VOLPI,,714-252-7144,,1881357770,4889 KATELLA AVE,CYPRESS,CA,90720,SEAL BEACH,ORANGE,90740,high,license_number,07-31-2027,Occupational Therapist
OT,11355,REBECCA A MAY,"MSOT,OTR/L",714-558-5501,,1801194956,1601 E CHESTNUT AVE,SANTA ANA,CA,92701,TUSTIN,ORANGE,92782,high,license_number,01-31-2027,Occupational Therapist
OT,17377,REBECCA BRAY,OTR/L,949-581-6111,,1073042933,24552 PASEO DE VALENCIA,LAGUNA HILLS,CA,92653,RNCHO SNTA MARGARITA,ORANGE,92688,high,license_number,11-30-2026,Occupational Therapist
OT,26145,REBECCA CHRISTINE GRAHAM,,949-748-8571,,1013747906,2500 REDHILL AVE STE 100,SANTA ANA,CA,92705,TUSTIN,ORANGE,92782,high,license_number,05-31-2027,Occupational Therapist
OT,18244,REBECCA FAITH AIKEN,OTR/L,949-534-2960,,1629548573,26142 SERRANO CT UNIT 21,LAKE FOREST,CA,92630,MISSION VIEJO,ORANGE,92691,high,license_number,07-31-2027,Occupational Therapist
OT,16098,REBECCA K MILLER,"MS, OTR/L",714-209-2295,,1952031593,183 SAINT VINCENT,IRVINE,CA,92618,IRVINE,ORANGE,92618,high,license_number,06-30-2027,Occupational Therapist
OT,20769,REBECCA SARA SNYDER,OTR/L,714-517-8977,,1558993782,1001 S EAST ST,ANAHEIM,CA,92805,IRVINE,ORANGE,92623,high,license_number,06-30-2028,Occupational Therapist
OT,6820,RECHEL BORDOMEO,,818-367-1033,,1114633708,13333 FENTON AVE,SYLMAR,CA,91342,YORBA LINDA,ORANGE,92886,high,license_number,10-31-2026,Occupational Therapist
OT,26342,REMINGTON MAX MARKWELL,"MOT, OT",714-683-5876,,1053168922,2201 E 4TH ST,SANTA ANA,CA,92705,MISSION VIEJO,ORANGE,92691,medium,name_exact,02-28-2027,Occupational Therapist
OT,10417,RENEE MORENO,,562-256-7550,,1710227095,330 GOLDEN SHR STE 250,LONG BEACH,CA,90802,TUSTIN,ORANGE,92782,high,license_number,08-31-2028,Occupational Therapist
OT,19128,RIMA ARSENAULT,MA OTR/L,949-388-8788,,1013485275,1031 AVENIDA PICO STE 201,SAN CLEMENTE,CA,92673,LAGUNA NIGUEL,ORANGE,92677,high,license_number,03-31-2027,Occupational Therapist
OT,15102,ROBERT RUSSOW,"MA, OTR/L",708-351-3092,,1790164507,11490 BRADDOCK DR,CULVER CITY,CA,90230,LAKE FOREST,ORANGE,92630,medium,name_exact,02-29-2028,Occupational Therapist
OT,18954,ROBERTO ELI AYALA,,888-871-0766,,1922695816,901 VIA PIEMONTE STE 120,ONTARIO,CA,91764,ANAHEIM,ORANGE,92804,high,license_number,06-30-2028,Occupational Therapist
OT,19035,ROBYN CHO,"MS, OTR/L",213-241-1000,,1043163330,333 S BEAUDRY AVE,LOS ANGELES,CA,90017,FULLERTON,ORANGE,92835,high,license_number,10-31-2026,Occupational Therapist
OT,8837,RODRIGO ESGUERRA,,714-871-6020,,1710376793,245 E WILSHIRE AVE,FULLERTON,CA,92832,ANAHEIM,ORANGE,92804,high,license_number,09-30-2028,Occupational Therapist
OT,12285,ROHAN GUPTA,OTR/L,949-252-9946,,1922364868,16631 NOYES AVE,IRVINE,CA,92606,IRVINE,ORANGE,92604,high,license_number,04-30-2028,Occupational Therapist
OT,2818,RONALD OKIO OKUBO,OT,714-871-0460,,1316922594,101 LAGUNA RD,FULLERTON,CA,92835,SEAL BEACH,ORANGE,90740,high,license_number,10-31-2026,Occupational Therapist
OT,22040,ROSA NGUYEN,,209-946-3400,,1750156113,7777 FREEDOM ROAD,FRENCH CAMP,CA,95231,SANTA ANA,ORANGE,92704,high,license_number,11-30-2027,Occupational Therapist
OT,9205,ROSABELLE LOAN NGUYEN,O.T.R./L,714-835-6500,,1164557773,1140 W. LA VETA AVENUE,ORANGE,CA,92868,MISSION VIEJO,ORANGE,92691,high,license_number,11-30-2026,Occupational Therapist
OT,12095,ROSE CAMILLE R. PRIETO,OTR/L,310-715-2020,,1942582168,130 W VICTORIA ST,GARDENA,CA,90248,IRVINE,ORANGE,92614,high,license_number,11-30-2026,Occupational Therapist
OT,22104,RUSHIN KHATIBI,"MOT, OTR/L",760-552-6700,,1447842315,17800 US HIGHWAY 18,APPLE VALLEY,CA,92307,MISSION VIEJO,ORANGE,92692,high,license_number,04-30-2027,Occupational Therapist
OT,19849,RYAN L OLSON,OTR,949-727-3315,,1598226052,36 MAUCHLY STE A,IRVINE,CA,92618,TRABUCO CANYON,ORANGE,92679,medium,name_exact,04-30-2028,Occupational Therapist
OT,14164,RYAN WHYTE,"DPT, OTR/L, ATC",714-522-8020,,1992187827,40 CENTERPOINTE DR,LA PALMA,CA,90623,IRVINE,ORANGE,92620,high,license_number,04-30-2027,Occupational Therapist
OT,28047,SABRINA NASSIR,OTD,949-335-7967,,1356223440,1640 NEWPORT BLVD STE 260,COSTA MESA,CA,92627,HUNTINGTON BEACH,ORANGE,92648,medium,name_exact,01-31-2028,Occupational Therapist
OT,23008,SAE PARK,OTR/L,213-388-9995,,1659002376,2560 W OLYMPIC BLVD # 300,LOS ANGELES,CA,90006,BUENA PARK,ORANGE,90621,medium,name_exact,06-30-2028,Occupational Therapist
OT,21696,SALINA M JIVAN,"OTD, OTR/L",951-697-2100,,1912573874,17050 ARNOLD DR,RIVERSIDE,CA,92518,ANAHEIM,ORANGE,92808,high,license_number,08-31-2027,Occupational Therapist
OT,16576,SALONI PARIKH,,714-683-5876,,1346799566,140 S FLOWER ST STE 100,ORANGE,CA,92868,FULLERTON,ORANGE,92835,high,license_number,04-30-2027,Occupational Therapist
OT,27460,SAMANTHA JOY ESCOBAR,OTR,949-498-5100,,1902693245,1000 CALLE AMANECER,SAN CLEMENTE,CA,92673,IRVINE,ORANGE,92618,high,license_number,07-31-2028,Occupational Therapist
OT,25092,SAMANTHA NICOLE VETTER,"MS, OTR/L",949-600-5437,,1134808884,29811 SANTA MARGARITA PKWY STE 600,RANCHO SANTA MARGARITA,CA,92688,SAN CLEMENTE,ORANGE,92673,high,license_number,11-30-2027,Occupational Therapist
OT,21403,SAMANTHA SUMILE,OTR/L,714-317-8033,,1417560822,12688 CHAPMAN AVE UNIT 3210,GARDEN GROVE,CA,92840,GARDEN GROVE,ORANGE,92840,high,license_number,11-30-2026,Occupational Therapist
OT,19533,SAMUEL JOHN WONG,,323-409-7437,,1881586410,2051 MARENGO ST,LOS ANGELES,CA,90033,FULLERTON,ORANGE,92833,high,license_number,12-31-2027,Occupational Therapist
OT,7323,SANAE BRUNNER,,949-581-6111,,1871986364,24552 PASEO DE VALENCIA,LAGUNA HILLS,CA,92656,ALISO VIEJO,ORANGE,92656,high,license_number,07-31-2027,Occupational Therapist
OT,20356,SANAM AMINI,OTR/L,949-333-3833,,1407406838,101 PACIFICA STE 270,IRVINE,CA,92618,ANAHEIM,ORANGE,92807,high,license_number,08-31-2028,Occupational Therapist
OT,11329,SANDHYA KARKUN,,714-978-6800,,1174912885,1835 W LA VETA AVE,ORANGE,CA,92868,VILLA PARK,ORANGE,92861,high,license_number,05-31-2027,Occupational Therapist
OT,12933,SARA ANNE HOWE,OTR/L,415-353-1756,,1912247875,400 PARNASSUS AVE # A68,SAN FRANCISCO,CA,94143,IRVINE,ORANGE,92604,medium,name_exact,03-31-2027,Occupational Therapist
OT,25325,SARA ELLEN ONEILL,,949-273-6503,,1053824540,22691 LAMBERT ST STE 502,LAKE FOREST,CA,92630,LADERA RANCH,ORANGE,92694,high,license_number,06-30-2028,Occupational Therapist
OT,11926,SARA MICHELLE NOVAK,MS OTR/L,650-497-8218,,1386966265,725 WELCH RD,PALO ALTO,CA,94304,LAGUNA NIGUEL,ORANGE,92677,medium,name_exact,06-30-2027,Occupational Therapist
OT,24060,SARAH ALLENDER,OTR/L,619-271-4385,,1487378840,2325 PROCTOR VALLEY RD,CHULA VISTA,CA,91914,SAN JUAN CAPISTRANO,ORANGE,92675,high,license_number,10-31-2027,Occupational Therapist
OT,10323,SARAH CHRISTINE SATINGIN,OTR/L,714-871-9202,,1174911259,2800 N HARBOR BLVD,FULLERTON,CA,92835,FULLERTON,ORANGE,92835,high,license_number,05-31-2027,Occupational Therapist
OT,11372,SARAH HYO-EUN PEARCE,OTR/L,714-458-1058,,1023318425,8017 E EUCALYPTUS TRL,ORANGE,CA,92869,ORANGE,ORANGE,92867,high,license_number,11-30-2027,Occupational Therapist
OT,13026,SARAH MEYLI TRUONG,"MOT, OTR/L",949-936-5050,,1851738728,5050 BARRANCA PKWY,IRVINE,CA,92604,RANCHO SANTA MARGARI,ORANGE,92688,high,license_number,01-31-2028,Occupational Therapist
OT,20752,SARINA TETLEY,"OTD, OTR/L",760-529-4975,,1114534989,3355 MISSION AVE STE 123,OCEANSIDE,CA,92058,TRABUCO CANYON,ORANGE,92679,high,license_number,12-31-2026,Occupational Therapist
OT,9586,SCOTT DAGENAIS,OTR/L,714-556-2288,,1952595852,1700 ADAMS AVE,COSTA MESA,CA,92626,RSM,ORANGE,92688,high,license_number,11-30-2027,Occupational Therapist
OT,10743,SCOTT ROBERT MONTGOMERY,OTR/L,949-391-6904,,1568070332,27783 CENTER DR,MISSION VIEJO,CA,92692,SAN CLEMENTE,ORANGE,92673,high,license_number,05-31-2028,Occupational Therapist
OT,7935,SCOTT W COSTELLO,OTR,714-842-6202,,1669534590,16152 BEACH BLVD,HUNTINGTON BEACH,CA,92647,COSTA MESA,ORANGE,92626,medium,name_exact,07-31-2028,Occupational Therapist
OT,28717,SEANNA ROSE GAREWAL,OTR/L,714-646-8318,,1700721164,774 S PLACENTIA AVE STE 100,PLACENTIA,CA,92870,ANAHEIM,ORANGE,92805,high,license_number,02-28-2027,Occupational Therapist
OT,18247,SEKA METRAN,OTRL,408-356-8136,,1649890674,14966 TERRENO DE FLORES LN,LOS GATOS,CA,95032,ANAHEIM,ORANGE,92804,high,license_number,08-31-2027,Occupational Therapist
OT,23010,SEPANTA YOUSEFIAN,"OTD, OTR/L",714-563-2318,,1093472201,401 N BROOKHURST ST STE 100,ANAHEIM,CA,92801,LAKE FOREST,ORANGE,92630,high,license_number,03-31-2028,Occupational Therapist
OT,16502,SHABNAM TAITANO,OTR/L,951-340-0431,,1760937536,2200 HAMNER AVE STE 107,NORCO,CA,92860,IRVINE,ORANGE,92618,high,license_number,10-31-2026,Occupational Therapist
OT,2994,SHANE YAP,DPT,323-831-2455,,1164880464,8354 SANTA MONICA BLVD,WEST HOLLYWOOD,CA,90069,LADERA RANCH,ORANGE,92694,high,license_number,12-31-2027,Occupational Therapist
OT,22320,SHANNON BASS,OTR/L,949-458-1176,,1457045239,23792 MARGUERITE PKWY,MISSION VIEJO,CA,92692,MISSION VIEJO,ORANGE,92691,high,license_number,08-31-2028,Occupational Therapist
OT,18026,SHANNON Y NG,,626-592-7897,,1609391077,1841 S ALTA VISTA AVE APT C,MONROVIA,CA,91016,IRVINE,ORANGE,92618,medium,name_exact,01-31-2028,Occupational Therapist
OT,26362,SHARLA JANEL C CHAN,OT,949-582-2010,,1386244515,26151 COUNTRY CLUB DR,MISSION VIEJO,CA,92691,RANCHO MISSION VIEJO,ORANGE,92694,high,license_number,08-31-2028,Occupational Therapist
OT,8869,SHARLEEN RENEE HERRERA,OTR,949-215-5246,,1083744296,26 HERITAGE,ALISO VIEJO,CA,92656,RANCHO SANTA MARGARITA,ORANGE,92688,high,license_number,04-30-2027,Occupational Therapist
OT,3523,SHARON HATAE-VARGAS,OTR,562-860-7575,,1063800357,7002 MOODY ST,LA PALMA,CA,90623,HUNTINGTON BEACH,ORANGE,92647,high,license_number,12-31-2027,Occupational Therapist
OT,10972,SHEILA CABRILLOS PIZARRO,,714-821-7310,,1508646233,141 S KNOTT AVE,ANEHEIM,CA,92804,BUENA PARK,ORANGE,90620,high,license_number,05-31-2027,Occupational Therapist
OT,10494,SHELBY CHRISTINE HERGESELL,"M.S., OTR/L",714-966-4000,,1700714375,200 KALMUS DR,COSTA MESA,CA,92626,SAN JUAN CAPISTRANO,ORANGE,92675,high,license_number,04-30-2027,Occupational Therapist
OT,15491,SHERYL ANN LEE,OT,949-679-3337,,1881663540,4482 BARRANCA PKWY,IRVINE,CA,92604,IRVINE,ORANGE,92614,medium,name_initial_city,08-31-2027,Occupational Therapist
OT,17882,SHIH-HUI CHU,,949-515-3930,,1326854381,1445 SUPERIOR AVE,NEWPORT BEACH,CA,92663,IRVINE,ORANGE,92604,high,license_number,04-30-2028,Occupational Therapist
OT,1257,SHUCHIN JESSICA PENG,"M.A., OTR/L",714-517-8977,,1154250215,1001 S EAST ST,ANAHEIM,CA,92805,ORANGE,ORANGE,92869,high,license_number,01-31-2028,Occupational Therapist
OT,11937,SILVINA BIBIANA CAIVANO-ALEJO,OT,714-821-6790,,1619265519,9085 GRAND CIR,CYPRESS,CA,90630,CYPRESS,ORANGE,90630,high,license_number,04-30-2028,Occupational Therapist
OT,8967,SIR AVILIN RIVERA YU,OTR/L,714-821-7310,,1720104730,141 S KNOTT AVE,ANAHEIM,CA,92804,GARDEN GROVE,ORANGE,92840,high,license_number,11-30-2027,Occupational Therapist
OT,594,SMITA DINESH MISTRY,"OTR/L, CHT",949-475-1002,,1871518944,4341 BIRCH ST,NEWPORT BEACH,CA,92660,IRVINE,ORANGE,92614,high,license_number,10-31-2027,Occupational Therapist
OT,15786,SO YOUNG CHOI,OTR/L,714-879-7301,,1063886794,1821 E CHAPMAN AVE,FULLERTON,CA,92831,FULLERTON,ORANGE,92833,high,license_number,01-31-2028,Occupational Therapist
OT,26173,SOHYUN ANGELA KIM,OTR/L,949-360-6927,,1447004387,18 ENDEAVOR STE 105,IRVINE,CA,92618,SANTA ANA,ORANGE,92705,high,license_number,05-31-2028,Occupational Therapist
OT,4836,SONSOLES FELPETO CALVINO,COTA/L,530-523-3588,,1003406513,560 HERMES AVE,ENCINITAS,CA,92024,ORANGE,ORANGE,92865,high,license_number,08-31-2028,Occupational Therapist
OT,19460,SOOBIN ERIN CHANG,OTR/L,714-406-3047,,1992592737,1731 W MEDICAL CENTER DR,ANAHEIM,CA,92801,LA HABRA,ORANGE,90631,medium,name_exact,09-30-2026,Occupational Therapist
OT,28535,SOPHIA SAMANIEGO,,800-741-1164,,1073447637,1317 W FOOTHILL BLVD STE 130,UPLAND,CA,91786,HUNTINGTON BEACH,ORANGE,92647,high,license_number,07-31-2027,Occupational Therapist
OT,13669,SORINA CHHAY,OTR/L,714-360-6308,,1881093631,2545 W CAMDEN PL,SANTA ANA,CA,92704,IRVINE,ORANGE,92606,high,license_number,02-29-2028,Occupational Therapist
OT,19054,STACEY HARUMI TSUBOI,OTR/L,562-693-5449,,1558841064,12411 SLAUSON AVE STE G,WHITTIER,CA,90606,GARDEN GROVE,ORANGE,92845,high,license_number,03-31-2028,Occupational Therapist
OT,1782,STACEY MARTINELLI,,562-430-8700,,1124440383,4772 KATELLA AVE,LOS ALAMITOS,CA,90720,MISSION VIEJO,ORANGE,92691,high,license_number,10-31-2026,Occupational Therapist
OT,13277,STACIE MIDDLEKAUFF,,949-586-1234,,1326965021,25631 PETER A HARTMAN WAY,MISSION VIEJO,CA,92691,LAGUNA NIGUEL,ORANGE,92677,high,license_number,09-30-2026,Occupational Therapist
OT,13373,STEFFI ELLEIN RIVERA DE LEON,OT,815-519-6388,,1952866444,6938 E MONACO PKWY,ORANGE,CA,92867,ANAHEIM ,ORANGE,92807,high,license_number,11-30-2027,Occupational Therapist
OT,12786,STEPHANIE BUFFUM,OT 12786,714-962-5650,,1952658130,18700 BEACH BLVD,HUNTINGTON BEACH,CA,92648,SAN CLEMENTE,ORANGE,92673,high,license_number,01-31-2027,Occupational Therapist
OT,706,STEPHANIE COE,,949-600-5437,,1992829147,20902 BAKE PKWY,LAKE FOREST,CA,92630,RANCHO SANTA MARGARI,ORANGE,92688,high,license_number,07-31-2028,Occupational Therapist
OT,11428,STEPHANIE COURTS,OTR/L,310-528-3762,,1700274883,2981 E WALKING BEAM PL,BREA,CA,92821,YORBA LINDA,ORANGE,92887,high,license_number,05-31-2027,Occupational Therapist
OT,14988,STEPHANIE HUI,,714-851-6342,,1770915340,233 ORANGEFAIR MALL,FULLERTON,CA,92832,PLACENTIA,ORANGE,92870,medium,name_exact,04-30-2027,Occupational Therapist
OT,6129,STEPHANIE NICOLE THORP,"OTD, OTR/L",310-614-7590,,1033649553,518 SAN BERNARDINO AVE,NEWPORT BEACH,CA,92663,NEWPORT BEACH,ORANGE,92663,high,license_number,07-31-2027,Occupational Therapist
OT,13614,SUK WHAN CHANG PARK,,517-896-6805,,1780974634,7601 IMPERIAL HWY,DOWNEY,CA,90242,CYPRESS,ORANGE,90630,medium,name_exact,09-30-2027,Occupational Therapist
OT,13305,SUN CHANG,,424-832-8456,,1043659931,11500 NIMITZ AVE,LOS ANGELES,CA,90049,FULLERTON,ORANGE,92831,medium,name_exact,10-31-2027,Occupational Therapist
OT,19383,SUN E CHOI,,714-776-1231,,1750086856,1360 S ANAHEIM BLVD STE 150,ANAHEIM,CA,92805,CYPRESS,ORANGE,90630,high,license_number,08-31-2028,Occupational Therapist
OT,2865,SUSAN ARAKAKI,OTR/L,562-385-7111,,1750817169,7601 IMPERIAL HWY,DOWNEY,CA,90242,FULLERTON,ORANGE,92831,high,license_number,03-31-2027,Occupational Therapist
OT,2527,SUSAN GAEBLER,BS,949-459-1568,,1477875276,30412 ESPERANZA,RANCHO SANTA MARGARITA,CA,92688,RANCHO SANTA MARGARI,ORANGE,92688,high,license_number,11-30-2026,Occupational Therapist
OT,18970,SUSAN NGUYEN,OTR/L,510-248-3000,,1235614470,39400 PASEO PADRE PKWY,FREMONT,CA,94538,ORANGE,ORANGE,92867,high,license_number,03-31-2028,Occupational Therapist
OT,9646,SUSAN SAFA HARTLEY,OT,949-566-1654,,1790917110,40 FABRIANO,IRVINE,CA,92620,MISSION VIEJO,ORANGE,92692,high,license_number,03-31-2027,Occupational Therapist
OT,8404,SUSANA GOMEZ,OTR/L,714-473-3252,,1316279359,5911 WESTERN AVE,BUENA PARK,CA,90621,BREA,ORANGE,92821,high,license_number,07-31-2027,Occupational Therapist
OT,6109,SUSANNE M SMITH ROLEY,MS OTR/L  FOATA,949-581-1380,,1104079854,15 SONGBIRD LN,ALISO VIEJO,CA,92656,ALISO VIEJO,ORANGE,92656,high,license_number,01-31-2028,Occupational Therapist
OT,22451,SUSIE PARK,OTR/L,949-474-4525,,1922676923,19772 MACARTHUR BLVD STE 260A,IRVINE,CA,92612,TUSTIN,ORANGE,92782,high,license_number,03-31-2028,Occupational Therapist
OT,330,SUZANNE LEE ITRICH,OTR/L,949-574-1200,,1194777615,425 E 18TH ST,COSTA MESA,CA,92627,IRVINE,ORANGE,92614,high,license_number,07-31-2027,Occupational Therapist
OT,23073,SYDNEY H LYNG,,213-385-5100,,1225603269,2121 W TEMPLE ST,LOS ANGELES,CA,90026,FULLERTON,ORANGE,92833,high,license_number,01-31-2027,Occupational Therapist
OT,20740,TABITHA LIN,"OTD, OTR/L",626-669-3117,,1083449789,133 N ALTADENA DR STE 415,PASADENA,CA,91107,ANAHEIM,ORANGE,92801,high,license_number,10-31-2027,Occupational Therapist
OT,16393,TAMARA MCCULLEY,OTR/L,714-282-7701,,1689025637,3111 N TUSTIN ST STE 180,ORANGE,CA,92865,YORBA LINDA,ORANGE,92887,high,license_number,09-30-2028,Occupational Therapist
OT,20516,TAMMY TRUONG,OTR/L,714-517-7500,,1457024556,1001 S EAST ST,ANAHEIM,CA,92805,ANAHEIM,ORANGE,92804,high,license_number,05-31-2028,Occupational Therapist
OT,26079,TANIA HERRERA,,323-361-3849,,1265123442,4650 W SUNSET BLVD # 53,LOS ANGELES,CA,90027,ORANGE,ORANGE,92867,high,license_number,12-31-2026,Occupational Therapist
OT,20614,TANIA MARTINEZ,OT,714-776-1231,,1144852443,1360 S ANAHEIM BLVD STE 150,ANAHEIM,CA,92805,SANTA ANA,ORANGE,92706,high,license_number,01-31-2028,Occupational Therapist
OT,1643,TANYA FAELNAR SIM,,949-389-8547,,1295941060,3 PURSUIT,ALISO VIEJO,CA,92656,LAGUNA NIGUEL,ORANGE,92677,high,license_number,07-31-2028,Occupational Therapist
OT,17338,TANYA NILCIA KINTON,"M.S., OT",949-498-5100,,1487928594,970 CALLE AMANECER,SAN CLEMENTE,CA,92673,LAKE FOREST,ORANGE,92630,high,license_number,10-31-2027,Occupational Therapist
OT,20042,TANYA RUANGTRAGOOL,OTR/L,323-783-1342,,1144819723,4867 W SUNSET BLVD,LOS ANGELES,CA,90027,VILLA PARK,ORANGE,92861,high,license_number,09-30-2026,Occupational Therapist
OT,16595,TARA LYNN FARRY,OTR/L,949-584-1603,tarafarry@icloud.com,1487297776,25 FELDSPAR WAY,RANCHO SANTA MARGARITA,CA,92688,DANA POINT,ORANGE,92629,high,license_number,08-31-2027,Occupational Therapist
OT,19161,TARYN MCCALL LOZON,MS,714-381-6982,,1073131249,4122 WINTERHAVEN ST,YORBA LINDA,CA,92886,PLACENTIA,ORANGE,92870,high,license_number,09-30-2026,Occupational Therapist
OT,16893,TATYANA MARIE CASTO,OTR/L,714-635-8131,,1639651953,861 S HARBOR BLVD,ANAHEIM,CA,92805,ORANGE,ORANGE,92867,high,license_number,07-31-2027,Occupational Therapist
OT,27000,TAYLOR ANN SAVAGE,,949-357-3279,,1508686668,26542 BROKEN BIT LN,LAGUNA HILLS,CA,92653,SAN CLEMENTE,ORANGE,92673,high,license_number,04-30-2028,Occupational Therapist
OT,15803,TED DAVIS LEE,,714-712-9922,,1285034512,2400 E KATELLA AVE,ANAHEIM,CA,92806,YORBA LINDA,ORANGE,92886,medium,name_exact,02-29-2028,Occupational Therapist
OT,4085,THOMAS R. TOUSIGNANT,O.T.R./L,562-826-8000,,1851319313,5901 E 7TH ST,LONG BEACH,CA,90822,ANAHEIM,ORANGE,92804,high,license_number,09-30-2026,Occupational Therapist
OT,23570,THONG H VO,,714-510-4670,,1730827668,323 N EUCLID ST SPC 100,SANTA ANA,CA,92703,SANTA ANA,ORANGE,92703,high,license_number,06-30-2027,Occupational Therapist
OT,25170,THU VU,,714-213-5413,,1033895750,4200 FRANKLIN AVE,FULLERTON,CA,92833,FULLERTON,ORANGE,92833,high,license_number,08-31-2028,Occupational Therapist
OT,20439,THY HONG LE,,714-787-9829,,1891344883,350 IRIS DR,SALINAS,CA,93906,GARDEN GROVE,ORANGE,92843,medium,name_exact,08-31-2027,Occupational Therapist
OT,15704,TIFFANY CHEN,"MOT, OTR/L",714-919-6899,,1679947113,4822 CORSICA DR,CYPRESS,CA,90630,CYPRESS,ORANGE,90630,high,license_number,02-29-2028,Occupational Therapist
OT,25812,TIFFANY HSU,,909-586-0509,,1073383097,8282 WHITE OAK AVE STE 107,RANCHO CUCAMONGA,CA,91730,SANTA ANA,ORANGE,92707,high,license_number,03-31-2028,Occupational Therapist
OT,319,TIFFANY KELLEY SAMPSON,"OTR L, BCP",949-496-3363,,1962440735,24242 LA CRESTA DR,DANA POINT,CA,92629,SAN CLEMENTE,ORANGE,92673,high,license_number,04-30-2028,Occupational Therapist
OT,22025,TIFFANY MONTES,OTR/L,949-936-5230,,1295305100,5050 BARRANCA PKWY,IRVINE,CA,92604,COSTA MESA,ORANGE,92626,high,license_number,04-30-2028,Occupational Therapist
OT,7461,TIMOTHY HENNESSEY,,949-707-5555,,1881809317,23271 VERDUGO DR,LAGUNA HILLS,CA,92653,GARDEN GROVE,ORANGE,92845,high,license_number,07-31-2028,Occupational Therapist
OT,3722,TIN-YUAN LO HUANG,O.T.R.,949-733-1841,,1215128038,240 WESTWIND DR,TUSTIN,CA,92782,TUSTIN,ORANGE,92782,high,license_number,09-30-2027,Occupational Therapist
OT,16843,TINA ANN DIMOPOULOS,OTR/L,212-472-1000,,1619368164,153 E 87TH ST APT 1A,NEW YORK,NY,10128,LOS ALAMITOS,ORANGE,90720,high,license_number,05-31-2027,Occupational Therapist
OT,8566,TINA CHANG,OTR/L,714-644-7040,,1669731931,3440 E LA PALMA AVE,ANAHEIM,CA,92806,YORBA LINDA,ORANGE,92887,high,license_number,02-29-2028,Occupational Therapist
OT,10410,TINA TOOCHINDA,OT/L,949-786-5665,,1639992282,33 CREEK RD,IRVINE,CA,92604,IRVINE,ORANGE,92614,high,license_number,04-30-2028,Occupational Therapist
OT,26573,TOMMY VU,OTR/L,714-693-5368,,1114753548,4792 LAKEVIEW AVE,YORBA LINDA,CA,92886,GARDEN GROVE,ORANGE,92844,medium,name_exact,12-31-2026,Occupational Therapist
OT,20871,TONY VAN TRAN,,714-616-8329,,1073144051,13491 SPRINGDALE ST,WESTMINSTER,CA,92683,WESTMINSTER,ORANGE,92683,high,license_number,10-31-2026,Occupational Therapist
OT,9384,TRACEE TSAI,OTR/L,949-646-7764,,1467110254,1555 SUPERIOR AVE,NEWPORT BEACH,CA,92663,IRVINE,ORANGE,92604,high,license_number,08-31-2028,Occupational Therapist
OT,28298,TRINA HOANG,,714-893-7399,,1679442164,11205 KNOTT AVE STE E,CYPRESS,CA,90630,GARDEN GROVE,ORANGE,92841,medium,name_exact,09-30-2027,Occupational Therapist
OT,26213,TUYEN M VU,,714-725-4784,,1477317311,910 ROSITA ST,SANTA ANA,CA,92703,SANTA ANA,ORANGE,92703,high,license_number,02-28-2027,Occupational Therapist
OT,8178,URITH K ALONZO-AGUILUS,OTR,714-577-8503,,1437424959,1421 RICHMOND DR,PLACENTIA,CA,92870,PLACENTIA,ORANGE,92870,high,license_number,10-31-2026,Occupational Therapist
OT,17769,VANESSA DOUGHERTY,OTR/L,714-697-1907,,1851866941,2845 MESA VERDE DR E STE 9,COSTA MESA,CA,92626,COSTA MESA,ORANGE,92626,high,license_number,06-30-2028,Occupational Therapist
OT,8258,VANESSA LEW,,714-628-4000,,1043148455,1401 N HANDY ST,ORANGE,CA,92867,ORANGE,ORANGE,92865,high,license_number,10-31-2026,Occupational Therapist
OT,22768,VANESSA ORTIZ,,310-748-3897,,1811665771,3424 W CARSON ST STE 230,TORRANCE,CA,90503,WESTMINSTER,ORANGE,92683,high,license_number,10-31-2026,Occupational Therapist
OT,6928,VENESSA D VIGIL,O.T.,562-595-4489,,1427009935,2888 LONG BEACH BLVD,LONG BEACH,CA,90806,HUNTINGTON BEACH,ORANGE,92648,high,license_number,09-30-2027,Occupational Therapist
OT,17376,VI CANIO,OTR/L,714-833-3823,,1528592334,25 TRESTLE DR,HAYWARD,CA,94544,BREA,ORANGE,92821,high,license_number,04-30-2028,Occupational Therapist
OT,3046,VICTORIA ADAMS,,949-644-6050,,1760418537,360 SAN MIGUEL DR,NEWPORT BEACH,CA,92660,LAGUNA BEACH,ORANGE,92651,high,license_number,09-30-2027,Occupational Therapist
OT,5664,VICTORIA K JOE,OTR/L,209-477-4817,,1932762713,6940 PACIFIC AVE,STOCKTON,CA,95207,IRVINE,ORANGE,92604,high,license_number,12-31-2026,Occupational Therapist
OT,7704,VIKTORIA TORSKY,O.T.,323-436-0006,,1578729505,7188 W SUNSET BLVD STE 200,LOS ANGELES,CA,90046,LA HABRA,ORANGE,90631,high,license_number,06-30-2027,Occupational Therapist
OT,18788,VINCE LONG DINH,"OTR/L, HTC",714-563-2318,,1497303234,401 N BROOKHURST ST STE 100,ANAHEIM,CA,92801,ANAHEIM,ORANGE,92802,high,license_number,11-30-2026,Occupational Therapist
OT,5191,VIRGINIA L CARLSON,OT,888-988-2800,,1164620068,411 N LAKEVIEW AVE,ANAHEIM,CA,92807,VILLA PARK,ORANGE,92861,high,license_number,08-31-2027,Occupational Therapist
OT,5499,WAYNE BRIAN CENTRA,MOTR/L,714-731-4668,,1841582020,3002 DOW AVE,TUSTIN,CA,92780,NEWPORT COAST,ORANGE,92657,high,license_number,06-30-2028,Occupational Therapist
OT,17465,WENDY HYUN JI,,714-628-4080,,1003722471,1401 N HANDY ST,ORANGE,CA,92867,IRVINE,ORANGE,92620,high,license_number,10-31-2026,Occupational Therapist
OT,12970,WENDY LANTZ,OTR,818-986-1977,,1770319113,16030 VENTURA BLVD STE 450,ENCINO,CA,91436,FULLERTON,ORANGE,92832,high,license_number,12-31-2026,Occupational Therapist
OT,11786,WENDY WANG,OTR/L,909-596-7733,,1033602545,255 E BONITA AVE,POMONA,CA,91767,BREA,ORANGE,92823,medium,name_exact,06-30-2028,Occupational Therapist
OT,7607,WESLEY E CHAM,OT,714-449-3305,,1578936563,1440 N HARBOR BLVD,FULLERTON,CA,92835,CYPRESS,ORANGE,90630,high,license_number,07-31-2027,Occupational Therapist
OT,18482,WHITNEY M BOETEL,"MS, OT, C/NDT",714-227-7783,,1861279101,7739 E PORTOFINO AVE,ANAHEIM,CA,92808,ORANGE,ORANGE,92867,high,license_number,10-31-2026,Occupational Therapist
OT,19034,WOO YANG CHUN,,714-949-0664,,1245800127,4 GILLY FLOWER ST,LADERA RANCH,CA,92694,LADERA RANCH,ORANGE,92694,high,license_number,08-31-2028,Occupational Therapist
OT,16686,YAN CHI POON,,562-865-3355,,1881145522,11618 SOUTH ST UNIT 201,ARTESIA,CA,90701,CYPRESS,ORANGE,90630,high,license_number,10-31-2026,Occupational Therapist
OT,24352,YANIRA BARAJAS,OTD,949-936-8535,,1275481913,5050 BARRANCA PKWY,IRVINE,CA,92604,WESTMINSTER,ORANGE,92683,medium,name_exact,10-31-2026,Occupational Therapist
OT,28235,YE KYEOM IM,OTD,714-953-7330,,1366315111,1520 BROOKHOLLOW DR STE 37,SANTA ANA,CA,92705,PLACENTIA,ORANGE,92870,high,license_number,09-30-2028,Occupational Therapist
OT,15075,YE YOO,OTR/L,888-808-7838,,1295115582,249 E OCEAN BLVD STE 440,LONG BEACH,CA,90802,BUENA PARK,ORANGE,90621,high,license_number,09-30-2026,Occupational Therapist
OT,11656,YEA JINE LEE,,949-275-2963,,1295057461,12411 SLAUSON AVE STE H,WHITTIER,CA,90606,BREA,ORANGE,92821,high,license_number,11-30-2026,Occupational Therapist
OT,15115,YEOJEAN CHOO,OTR,714-997-6202,,1821511130,5125 E GERDA DR,ANAHEIM,CA,92807,SANTA ANA,ORANGE,92707,high,license_number,02-29-2028,Occupational Therapist
OT,26973,YI-CHEN SHANG,OT,408-988-7667,,1205704368,991 CLYDE AVE,SANTA CLARA,CA,95054,LA HABRA,ORANGE,90631,high,license_number,09-30-2027,Occupational Therapist
OT,11483,YIJU KUO,OTR/L,714-892-6828,,1245532613,12881 KNOTT ST STE 103,GARDEN GROVE,CA,92841,ANAHEIM,ORANGE,92805,high,license_number,02-28-2027,Occupational Therapist
OT,17904,YOUNG VIN IM,,714-556-2288,,1497274617,1700 ADAMS AVE STE 103,COSTA MESA,CA,92626,LA PALMA,ORANGE,90623,high,license_number,08-31-2027,Occupational Therapist
OT,23719,YOUNGYOUN LEE,OT,213-674-7699,,1265166581,505 S VIRGIL AVE STE 204A,LOS ANGELES,CA,90020,FULLERTON,ORANGE,92835,high,license_number,04-30-2027,Occupational Therapist
OT,25620,YU HSIANG FANG,,714-870-6116,,1326980830,233 ORANGEFAIR MALL,FULLERTON,CA,92832,BUENA PARK,ORANGE,90621,high,license_number,07-31-2028,Occupational Therapist
OT,7637,YU-JU HUANG,,714-707-6466,,1356550628,1310 W STEWART DR STE 404,ORANGE,CA,92868,IRVINE,ORANGE,92618,high,license_number,07-31-2028,Occupational Therapist
OT,16460,YUKA CATHERINE REYES,OTR/L,310-702-8812,,1972448108,2985 BEAR ST,COSTA MESA,CA,92626,NEWPORT BEACH,ORANGE,92660,high,license_number,12-31-2026,Occupational Therapist
OT,8518,YVONNE MARIE HOWARD,"MA, OTR/L",714-647-0300,,1841245222,200W SANTA ANA BLVD.,SANTA ANA,CA,92701,PLACENTIA,ORANGE,92870,high,license_number,03-31-2027,Occupational Therapist
OT,19540,ZACK ELIAS PINTO,"OTD, OTR/L",310-344-2276,,1003576455,1932 14TH ST,SANTA MONICA,CA,90404,MISSION VIEJO,ORANGE,92692,high,license_number,08-31-2027,Occupational Therapist
OT,6718,ZOHRA ATIQ,O.T.R.,949-266-4341,,1386656643,318 STREAMWOOD,IRVINE,CA,92620,IRVINE,ORANGE,92620,medium,name_exact,01-31-2027,Occupational Therapist
OTA,7575,ABIGAIL YAP CASTILLO,COTA/L,626-275-6302,,1568174621,317 E FOOTHILL BLVD STE 100,ARCADIA,CA,91006,ANAHEIM,ORANGE,92804,high,license_number,03-31-2028,Occupational Therapy Assistant
OTA,2813,ABNER SUAREZ,COTA/L,818-881-4540,,1124493903,7120 CORBIN AVE,RESEDA,CA,91335,APOPKA,ORANGE,32704,high,license_number,11-30-2027,Occupational Therapy Assistant
OTA,1987,ADRIANNE GRACIA,,714-423-6687,,1922499672,375 S RANDOLPH AVE APT 307,BREA,CA,92821,BREA,ORANGE,92821,high,license_number,06-30-2027,Occupational Therapy Assistant
OTA,6069,AIMEE LARA-CARRANCO,,714-776-1231,,1649996661,1360 S ANAHEIM BLVD STE 150,ANAHEIM,CA,92805,HUNTINGTON BEACH,ORANGE,92646,high,license_number,05-31-2027,Occupational Therapy Assistant
OTA,2466,AIMEE ROSE LEANO SAYAO,COTA,714-876-5404,,1942172861,1209 W JACARANDA PL,FULLERTON,CA,92833,FULLERTON,ORANGE,92833,high,license_number,06-30-2028,Occupational Therapy Assistant
OTA,4530,ALEXANDRA GOULD,,714-870-6116,,1619818671,233 ORANGEFAIR MALL,FULLERTON,CA,92832,ORANGE,ORANGE,92867,medium,name_exact,09-30-2027,Occupational Therapy Assistant
OTA,4950,ALLISON TANAKA,,714-916-0641,,1245705615,7812 EDINGER AVE STE 400,HUNTINGTON BEACH,CA,92647,WESTMINSTER,ORANGE,92683,medium,name_exact,07-31-2027,Occupational Therapy Assistant
OTA,6585,ALLYSON BROOKE CONTRERAS,"COTA/L, B.S, CLT",714-293-2316,,1346177516,21551 BROOKHURST ST,HUNTINGTON BEACH,CA,92646,ORANGE,ORANGE,92867,high,license_number,03-31-2027,Occupational Therapy Assistant
OTA,7417,ALYSSA WHISLER,COTA/L,760-646-8000,,1336082965,17800 US HIGHWAY 18,APPLE VALLEY,CA,92307,ANAHEIM,ORANGE,92804,high,license_number,12-31-2027,Occupational Therapy Assistant
OTA,365,AMBER WEIDLER,COTA,951-522-6711,,1386032290,44022 EAGLEBLUFF CT,TEMECULA,CA,92592,SAN CLEMENTE,ORANGE,92672,high,license_number,02-29-2028,Occupational Therapy Assistant
OTA,3923,ANDREA CASTANEDA,COTA/L,714-833-3401,,1457877896,13161 CYPRESS ST,GARDEN GROVE,CA,92843,GARDEN GROVE,ORANGE,92843,high,license_number,05-31-2028,Occupational Therapy Assistant
OTA,4144,ANGELA CHAN,COTA/L,714-646-8318,,1649779117,740 S PLACENTIA AVE STE 100,PLACENTIA,CA,92870,IRVINE,ORANGE,92620,high,license_number,07-31-2027,Occupational Therapy Assistant
OTA,2864,ANGELICA MORENO,,714-472-0153,,1043170368,212 S JAMES ST,ORANGE,CA,92869,ORANGE,ORANGE,92869,high,license_number,08-31-2028,Occupational Therapy Assistant
OTA,6074,ANGELICA VILLANUEVA,,862-249-3596,angelicavillanueva@ascendrehabinc.com,1306574157,1825 DERBY ST APT D,BERKELEY,CA,94703,ANAHEIM,ORANGE,92806,high,license_number,08-31-2028,Occupational Therapy Assistant
OTA,3809,ANH TRAN,,714-530-6322,,1891284972,13075 BLACKBIRD ST,GARDEN GROVE,CA,92843,SANTA ANA,ORANGE,92707,high,license_number,02-28-2027,Occupational Therapy Assistant
OTA,2508,ANNACESS ARCADIO,,714-681-8510,,1538557871,1437 W WOODCREST AVE,FULLERTON,CA,92833,FULLERTON,ORANGE,92833,high,license_number,06-30-2027,Occupational Therapy Assistant
OTA,3222,ARASH ALEX BAHRAMI,,971-206-5202,,1053984997,4560 SE INTERNATIONAL WAY STE 101,MILWAUKIE,OR,97222,ORANGE,ORANGE,92865,medium,name_exact,01-31-2028,Occupational Therapy Assistant
OTA,4932,BEATRICE KUVUNA KATEMBO,COTA,951-688-3636,,1063053544,9025 COLORADO AVE,RIVERSIDE,CA,92503,ORANGE,ORANGE,92867,high,license_number,07-31-2027,Occupational Therapy Assistant
OTA,6080,BELEN JESSAMIN MORA,,714-683-5876,,1689306870,140 S FLOWER ST STE 100,ORANGE,CA,92868,BUENA PARK,ORANGE,90621,medium,name_exact,05-31-2028,Occupational Therapy Assistant
OTA,1865,BESSIE FITZMAURICE,,949-697-3985,,1245628288,24992 CAMBERWELL ST,LAGUNA HILLS,CA,92653,LAGUNA HILLS,ORANGE,92653,high,license_number,02-29-2028,Occupational Therapy Assistant
OTA,4374,BISENTA FLORES,COTA/L,714-639-4990,,1699256941,1301 W PROVIDENCE AVE,ORANGE,CA,92868,ORANGE,ORANGE,92869,high,license_number,04-30-2028,Occupational Therapy Assistant
OTA,5086,BRENDA RUIZ,slp,714-916-0641,,1366080251,7812 EDINGER AVE STE 400,HUNTINGTON BEACH,CA,92647,STANTON,ORANGE,90680,high,license_number,03-31-2028,Occupational Therapy Assistant
OTA,3259,BRIELLE MARIE DAVIS,COTA,760-945-6500,,1801262852,1949 AVENIDA DEL ORO,OCEANSIDE,CA,92056,ANAHEIM,ORANGE,92805,high,license_number,09-30-2026,Occupational Therapy Assistant
OTA,5927,BYRON ALFREDO VILLAGRAN,COTA,949-837-8000,,1427754050,24452 HEALTH CENTER DR,LAGUNA HILLS,CA,92653,RANCHO SANTA MARGARITA,ORANGE,92688,high,license_number,01-31-2028,Occupational Therapy Assistant
OTA,6678,CARMEN C DO,COTA,714-731-4668,,1801660543,3002 DOW AVE STE 114,TUSTIN,CA,92780,HUNTINGTON BEACH,ORANGE,92646,medium,name_exact,06-30-2027,Occupational Therapy Assistant
OTA,1208,CAROLYN GRAY HENRY,COTA,949-389-8547,,1841408838,3 PURSUIT,ALISO VIEJO,CA,92656,LAGUNA NIGUEL,ORANGE,92677,high,license_number,10-31-2026,Occupational Therapy Assistant
OTA,5462,CECILIA SANDOVAL,,510-597-6700,,1801482492,110 41ST ST,OAKLAND,CA,94611,FOUNTAIN VALLEY,ORANGE,92708,medium,name_exact,03-31-2028,Occupational Therapy Assistant
OTA,409,CHRISSY ALEXANDER,,714-776-1720,,1750779740,1720 W ORANGE AVE,ANAHEIM,CA,92804,BUENA PARK,ORANGE,90620,high,license_number,08-31-2027,Occupational Therapy Assistant
OTA,6285,CHRISTINA A BRANDLIN,,424-275-9968,,1467269522,2850 ARTESIA BLVD STE 107,REDONDO BEACH,CA,90278,SEAL BEACH,ORANGE,90740,high,license_number,06-30-2028,Occupational Therapy Assistant
OTA,5478,CHRISTINE SELNA,,714-776-1231,,1649921685,1360 S ANAHEIM BLVD STE 150,ANAHEIM,CA,92805,COSTA MESA,ORANGE,92626,high,license_number,04-30-2027,Occupational Therapy Assistant
OTA,1395,CHRISTOPHER TRAYLOR,,650-793-0136,,1336727262,22552 PETRA,MISSION VIEJO,CA,92692,MISSION VIEJO,ORANGE,92692,high,license_number,05-31-2028,Occupational Therapy Assistant
OTA,2716,CICERA LISBOA DE MELO,,978-401-8494,,1154163368,708 MARIGOLD AVE,CORONA DEL MAR,CA,92625,CORONA DEL MAR,ORANGE,92625,high,license_number,03-31-2027,Occupational Therapy Assistant
OTA,7336,CONNIE TRUONG,,760-646-8000,,1174466700,17800 US HIGHWAY 18,APPLE VALLEY,CA,92307,GARDEN GROVE,ORANGE,92844,high,license_number,09-30-2027,Occupational Therapy Assistant
OTA,2530,CRISTINA SOLOMITA ANNARELLA,COTA,714-319-1325,,1760829964,7 SEBASTIAN,IRVINE,CA,92602,IRVINE,ORANGE,92602,high,license_number,11-30-2027,Occupational Therapy Assistant
OTA,1561,CRYSTAL CHRISTINE LEVENSON,COTA/C,714-777-9666,,1134328206,17801 IMPERIAL HWY,YORBA LINDA,CA,92886,WESTMINSTER,ORANGE,92683,high,license_number,11-30-2027,Occupational Therapy Assistant
OTA,3021,CYNTHIA CORDOVA,COTA/L,562-789-9770,,1033659370,8135 PAINTER AVE STE 200,WHITTIER,CA,90602,BUENA PARK,ORANGE,90620,high,license_number,12-31-2027,Occupational Therapy Assistant
OTA,5371,DANDY HUYNH,,714-804-4338,,1568035293,7300 THUNDERBIRD LN,STANTON,CA,90680,STANTON,ORANGE,90680,medium,name_exact,09-30-2027,Occupational Therapy Assistant
OTA,3069,DARRYL BERNABE,COTA/L,951-735-0252,,1174266563,1400 CIRCLE CITY DR,CORONA,CA,92879,IRVINE,ORANGE,92602,high,license_number,05-31-2027,Occupational Therapy Assistant
OTA,482,DEANN OLSON,,949-837-8000,,1578262093,24452 HEALTH CENTER DR,LAGUNA HILLS,CA,92653,LAGUNA NIGUEL,ORANGE,92677,medium,name_initial_zip,05-31-2027,Occupational Therapy Assistant
OTA,3686,DEBRA SUE MCMILLEN,COTA,714-646-8318,,1114460383,740 S PLACENTIA AVE,PLACENTIA,CA,92870,ANAHEIM,ORANGE,92804,high,license_number,03-31-2028,Occupational Therapy Assistant
OTA,6461,DEIDRA MCGAUGHY,,714-794-5889,,1043033939,140 S CHAPARRAL CT STE 160,ANAHEIM,CA,92808,TUSTIN,ORANGE,92780,high,license_number,02-29-2028,Occupational Therapy Assistant
OTA,6305,DESTYNEE JUSTYNE CANARIS,COTA,714-683-5876,,1306532924,2201 E 4TH ST,SANTA ANA,CA,92705,IRVINE,ORANGE,92614,medium,name_exact,06-30-2027,Occupational Therapy Assistant
OTA,2937,DIANA DISTOR VALENZUELA,COTA,323-937-5466,,1972991651,915 CRENSHAW BLVD,LOS ANGELES,CA,90019,GARDEN GROVE,ORANGE,92845,high,license_number,01-31-2028,Occupational Therapy Assistant
OTA,1488,DIANA L FIERRO,cota,714-555-5555,,1902001316,2426 W EDINGER AVE,SANTA ANA,CA,92704,SANTA ANA,ORANGE,92704,medium,name_exact,07-31-2027,Occupational Therapy Assistant
OTA,2966,DINA DAVOLIO,COTA,949-916-1654,,1811532757,24422 AVENIDA DE LA CARLOTA STE 100,LAGUNA HILLS,CA,92653,DANA POINT,ORANGE,92629,high,license_number,03-31-2027,Occupational Therapy Assistant
OTA,174,DINA ISABEL OCHOA,,562-385-6271,,1699298141,"7601 E, IMPERAIL HWY.","DOWNEY,",CA,90242,LA HABRA,ORANGE,90631,high,license_number,05-31-2027,Occupational Therapy Assistant
OTA,3529,EARL JOSHUA HERNANDEZ,,562-428-4681,,1912409806,260 E MARKET ST,LONG BEACH,CA,90805,BUENA PARK,ORANGE,90620,high,license_number,10-31-2027,Occupational Therapy Assistant
OTA,3132,EDITA DE GUZMAN,,888-873-4221,,1649667676,919 N SUNSET AVE,WEST COVINA,CA,91790,ANAHEIM,ORANGE,92804,high,license_number,12-31-2027,Occupational Therapy Assistant
OTA,3363,ELIANA ALDERETE ROMON,,562-698-6600,,1508229196,8135 PAINTER AVE,WHITTIER,CA,90602,ORANGE,ORANGE,92689,high,license_number,06-30-2027,Occupational Therapy Assistant
OTA,2768,ELIAS PEREZ,COTA/L,714-546-6450,,1669978490,1030 W WARNER AVE,SANTA ANA,CA,92707,SANTA ANA,ORANGE,92703,high,license_number,03-31-2028,Occupational Therapy Assistant
OTA,6234,ELIZABETH CESPEDES,,949-877-8761,,1467303479,940 S COAST DR STE 185,COSTA MESA,CA,92626,LAKE FOREST,ORANGE,92630,high,license_number,01-31-2027,Occupational Therapy Assistant
OTA,2935,ELIZABETH MEDINA,COTA/L,714-474-9371,,1912396664,1835 W LA VETA AVE,ORANGE,CA,92868,ANAHEIM,ORANGE,92806,high,license_number,10-31-2027,Occupational Therapy Assistant
OTA,6050,ERIN KESSLER,COTA,949-388-8788,,1376944116,1031 AVENIDA PICO STE 201,SAN CLEMENTE,CA,92673,HUNTINGTON BEACH,ORANGE,92647,high,license_number,10-31-2026,Occupational Therapy Assistant
OTA,6555,ERIN SHERWOOD,COTA/L,949-837-8000,,1073398384,24452 HEALTH CENTER DR,LAGUNA HILLS,CA,92653,ANAHEIM,ORANGE,92807,high,license_number,09-30-2028,Occupational Therapy Assistant
OTA,6444,FABIAN GUILLEN,COTA,562-693-5449,,1912705815,12411 SLAUSON AVE STE G,WHITTIER,CA,90606,LA HABRA,ORANGE,90631,high,license_number,05-31-2028,Occupational Therapy Assistant
OTA,1622,HANH NGUYEN,,714-585-3604,,1902660632,16513 MOUNT NEOTA ST,FOUNTAIN VALLEY,CA,92708,SANTA ANA,ORANGE,92706,high,license_number,06-30-2028,Occupational Therapy Assistant
OTA,5237,HEATHER LUPPINO,OTA,714-558-5501,,1053256172,1601 E CHESTNUT AVE,SANTA ANA,CA,92701,GARDEN GROVE,ORANGE,92844,high,license_number,05-31-2028,Occupational Therapy Assistant
OTA,1906,HEIDI BROWN,,714-916-0641,,1316497290,7812 EDINGER AVE STE 400,HUNTINGTON BEACH,CA,92647,LAKE FOREST,ORANGE,92630,high,license_number,12-31-2027,Occupational Therapy Assistant
OTA,2123,HOLLIE FASSNACHT,COTA,714-892-6828,,1679864300,12881 KNOTT ST,GARDEN GROVE,CA,92841,ORANGE,ORANGE,92868,high,license_number,12-31-2026,Occupational Therapy Assistant
OTA,3540,IRENE LOZANO,COTA,000-000-0000,,1447025002,10800 DALE AVE,STANTON,CA,90680,ORANGE,ORANGE,92869,high,license_number,11-30-2026,Occupational Therapy Assistant
OTA,6255,IRVIN ALEXIS GUZMAN,COTA/L,949-380-9380,,1619782398,25652 OLD TRABUCO RD,LAKE FOREST,CA,92630,RANCHO SANTA MARGAR,ORANGE,92688,high,license_number,02-29-2028,Occupational Therapy Assistant
OTA,2382,ISABEL FLORES MENDEZ,cota,714-321-5606,,1265890875,1136 N CITRON ST APT B,ANAHEIM,CA,92801,ANAHEIM,ORANGE,92801,high,license_number,11-30-2026,Occupational Therapy Assistant
OTA,6839,IZAAC ALEXANDER PEREZ,,949-280-7236,,1437970738,1701 CORPORATE DR,LADERA RANCH,CA,92694,SANTA ANA,ORANGE,92703,high,license_number,12-31-2026,Occupational Therapy Assistant
OTA,6267,JACLYN VAN DE WETERING,,949-329-8161,,1225661341,22672 LAMBERT ST STE 611,LAKE FOREST,CA,92630,HUNTINGTON BEACH,ORANGE,92648,high,license_number,08-31-2027,Occupational Therapy Assistant
OTA,3462,JAEWON KIM,,808-636-0094,,1902353204,7400 ARTESIA BLVD APT 1107,BUENA PARK,CA,90621,BREA,ORANGE,92821,high,license_number,01-31-2028,Occupational Therapy Assistant
OTA,2597,JAMIE L ROWLAND,,888-808-7838,,1285076125,249 E OCEAN BLVD,LONG BEACH,CA,90802,SEAL BEACH,ORANGE,90740,high,license_number,04-30-2027,Occupational Therapy Assistant
OTA,4448,JAMIE URRUTIA,COTA,858-605-7189,,1063044121,15004 INNOVATION DR,SAN DIEGO,CA,92128,SAN CLEMENTE,ORANGE,92672,high,license_number,11-30-2027,Occupational Therapy Assistant
OTA,6577,JAN GONZALES,,949-727-3315,,1215519905,36 MAUCHLY STE A,IRVINE,CA,92618,ANAHEIM,ORANGE,92808,high,license_number,08-31-2027,Occupational Therapy Assistant
OTA,6141,JANESS ANDREI FUENTES DOROJA,OTA,805-241-2000,,1457075392,3557 CAMPUS DR,THOUSAND OAKS,CA,91360,ANAHEIM,ORANGE,92804,high,license_number,09-30-2026,Occupational Therapy Assistant
OTA,6711,JASMINE HERNANDEZ,,949-414-2696,,1730052473,29752 MELINDA RD APT 1922,RANCHO SANTA MARGARITA,CA,92688,LADERA RANCH,ORANGE,92694,high,license_number,02-28-2027,Occupational Therapy Assistant
OTA,3883,JEAH PERALTA,,626-374-5174,,1982184990,1008 OCEAN AVE APT 2,SEAL BEACH,CA,90740,FULLERTON,ORANGE,92835,high,license_number,02-29-2028,Occupational Therapy Assistant
OTA,6078,JENIFER W DAVIES,COTA,949-329-8161,,1538923289,22672 LAMBERT ST,LAKE FOREST,CA,92630,LAKE FOREST,ORANGE,92630,high,license_number,02-29-2028,Occupational Therapy Assistant
OTA,2207,JENNA HIEBERT,COTA,562-598-2477,,1922304765,3000 N GATE RD,SEAL BEACH,CA,90740,ORANGE,ORANGE,92865,high,license_number,06-30-2028,Occupational Therapy Assistant
OTA,56,JENNIFER BREEN,,714-478-4488,,1194778233,200 W SANTA ANA BLVD,SANTA ANA,CA,92701,IRVINE,ORANGE,92612,high,license_number,11-30-2027,Occupational Therapy Assistant
OTA,6475,JENNIFER LOPEZ,,714-981-9595,,1750102869,18837 BROOKHURST ST STE 109,FOUNTAIN VALLEY,CA,92708,SANTA ANA,ORANGE,92706,medium,name_initial_zip,04-30-2027,Occupational Therapy Assistant
OTA,6433,JESSICA ARELLANO,COTA/L,949-329-8161,,1487487153,22672 LAMBERT ST,LAKE FOREST,CA,92630,HUNTINGTON BEACH,ORANGE,92647,high,license_number,11-30-2027,Occupational Therapy Assistant
OTA,3272,JESSICA MCEWAN SOLIS,OTA,714-750-9700,,1376010116,12900B GARDEN GROVE BLVD STE 235,GARDEN GROVE,CA,92843,CYPRESS,ORANGE,90630,high,license_number,01-31-2027,Occupational Therapy Assistant
OTA,5502,JIHAE KIM,,714-635-8131,,1558067314,861 S HARBOR BLVD,ANAHEIM,CA,92805,FULLERTON,ORANGE,92831,high,license_number,02-29-2028,Occupational Therapy Assistant
OTA,4523,JININA CACHO AGUILAR,COTA/L,562-433-6791,,1649803362,1020 TERMINO AVE,LONG BEACH,CA,90804,GARDEN GROVE,ORANGE,92840,high,license_number,05-31-2028,Occupational Therapy Assistant
OTA,1056,JOEL MARVIN MALLARI,COTA,714-847-3800,,1457213787,7071 WARNER AVE STE A,HUNTINGTON BEACH,CA,92647,TUSTIN,ORANGE,92782,high,license_number,08-31-2027,Occupational Therapy Assistant
OTA,4705,JOHAN SANGALANG,,562-594-5788,,1972333631,3850 LAMPSON AVE,SEAL BEACH,CA,90740,BUENA PARK,ORANGE,90620,high,license_number,12-31-2027,Occupational Therapy Assistant
OTA,5593,JOHN BENEDICT SIANGIO,COTA,818-788-1003,,1831850775,5901 GREEN VALLEY CIR STE 466-467,CULVER CITY,CA,90230,ANAHEIM,ORANGE,92804,high,license_number,07-31-2027,Occupational Therapy Assistant
OTA,2553,JORDAN BOEDIARTO,COTA/L,714-821-7310,,1508473737,141 S KNOTT AVE,ANAHEIM,CA,92804,GARDEN GROVE,ORANGE,92841,high,license_number,11-30-2027,Occupational Therapy Assistant
OTA,1979,JORGE PERALTA,COTA/L,714-296-0695,,1457749970,2505 W POMONA ST,SANTA ANA,CA,92704,SANTA ANA,ORANGE,92703,high,license_number,11-30-2027,Occupational Therapy Assistant
OTA,2176,JOSEF ZILDJIAN ESCOBAR DEJOS,OTA,707-502-7261,,1487523601,6537 MOHICAN DR,BUENA PARK,CA,90620,BUENA PARK,ORANGE,90620,high,license_number,09-30-2027,Occupational Therapy Assistant
OTA,6634,JOSEPH ROBERT MILLAN,ota,714-916-0641,,1952177032,7812 EDINGER AVE STE 400,HUNTINGTON BEACH,CA,92647,GARDEN GROVE,ORANGE,92843,high,license_number,09-30-2027,Occupational Therapy Assistant
OTA,5436,JOYCE N/A CHO,,310-892-5812,,1245009844,12052 IMPERIAL HWY STE 204,NORWALK,CA,90650,BUENA PARK,ORANGE,90621,high,license_number,12-31-2026,Occupational Therapy Assistant
OTA,2355,JULIA A BOCK,COTA/L,714-525-5123,,1699020586,1240 N FRANCES AVENUE,FULLERTON,CA,92831,FULLERTON,ORANGE,92832,high,license_number,06-30-2027,Occupational Therapy Assistant
OTA,5325,KAREN VENTURA,COTA/L,714-767-8328,,1356179493,2005 W HARVARD ST,SANTA ANA,CA,92704,SANTA ANA,ORANGE,92704,high,license_number,05-31-2028,Occupational Therapy Assistant
OTA,1547,KARLA MUSSLY,OTA/L,949-587-9000,,1740723295,24962 CALLE ARAGON,LAGUNA WOODS,CA,92637,SAN JUAN CAPISTRANO,ORANGE,92675,high,license_number,09-30-2027,Occupational Therapy Assistant
OTA,5631,KATHERINE RUEDAS,,714-776-1231,,1790452753,1360 S ANAHEIM BLVD STE 150,ANAHEIM,CA,92805,ANAHEIM,ORANGE,92805,high,license_number,03-31-2028,Occupational Therapy Assistant
OTA,2151,KATHLEEN DANO,,714-267-8704,,1962890442,5732 OAK DR,LA PALMA,CA,90623,LA PALMA,ORANGE,90623,high,license_number,09-30-2027,Occupational Therapy Assistant
OTA,1636,KATHLEEN WACHTER,COTA,949-581-8239,,1053693259,23361 MADERO,MISSION VIEJO,CA,92691,RANCHO SANTA MARGARITA,ORANGE,92688,high,license_number,12-31-2026,Occupational Therapy Assistant
OTA,2213,KATHY CHUNG,,562-385-6848,,1598131229,7601 IMPERIAL HWY,DOWNEY,CA,90242,LA HABRA,ORANGE,90631,high,license_number,11-30-2026,Occupational Therapy Assistant
OTA,5397,KATIE SPABERG,,714-750-9700,,1184184178,12900B GARDEN GROVE BLVD STE 235,GARDEN GROVE,CA,92843,GARDEN GROVE,ORANGE,92845,high,license_number,12-31-2027,Occupational Therapy Assistant
OTA,1850,KELLY STAVELEY,COTA,714-556-2288,,1942629654,1700 ADAMS AVE,COSTA MESA,CA,92626,YORBA LINDA,ORANGE,92886,high,license_number,09-30-2027,Occupational Therapy Assistant
OTA,4182,KENNETH NERI CRUTCHFIELD,,714-535-7264,,1184321028,1440 S EUCLID ST,ANAHEIM,CA,92802,PLACENTIA,ORANGE,92870,high,license_number,07-31-2028,Occupational Therapy Assistant
OTA,5369,KENNY LAM,,714-776-1231,,1811565443,1360 S ANAHEIM BLVD STE 150,ANAHEIM,CA,92805,FOUNTAIN VALLEY,ORANGE,92708,medium,name_exact,10-31-2027,Occupational Therapy Assistant
OTA,1912,KESTREL SUZANNE WOOD HUTCHISON,COTA/L,949-498-5100,,1629394861,1120 VIA CALLEJON STE B,SAN CLEMENTE,CA,92673,SAN CLEMENTE,ORANGE,92672,high,license_number,12-31-2026,Occupational Therapy Assistant
OTA,1523,KIM MARIE NGUYEN,COTA,714-633-3568,,1396905691,920 W LA VETA AVE,ORANGE,CA,92868,SANTA ANA,ORANGE,92704,high,license_number,07-31-2028,Occupational Therapy Assistant
OTA,5667,KIMBERLY SILVA,,714-776-1231,,1497475099,1360 S ANAHEIM BLVD STE 150,ANAHEIM,CA,92805,ANAHEIM,ORANGE,92806,high,license_number,01-31-2027,Occupational Therapy Assistant
OTA,2911,KRISTEN KAYE RICHARDSON,,714-452-1735,,1942804497,17803 IMPERIAL HWY,YORBA LINDA,CA,92886,COSTA MESA,ORANGE,92626,high,license_number,06-30-2027,Occupational Therapy Assistant
OTA,3840,KRISTEN KEMPIAK,OTa,818-241-6780,,1962935601,25201 PASEO DE ALICIA,LAGUNA HILLS,CA,92653,YORBA LINDA,ORANGE,92886,high,license_number,04-30-2027,Occupational Therapy Assistant
OTA,3294,KRISTEN STEVENS,,424-269-3400,,1740651355,11840 S LA CIENEGA BLVD,HAWTHORNE,CA,90250,YORBA LINDA,ORANGE,92887,high,license_number,12-31-2027,Occupational Therapy Assistant
OTA,454,LARRY DEAN NAVARRO,C.O.T.A./C,562-988-8031,,1942468251,200 W WARDLOW RD,LONG BEACH,CA,90807,ANAHEIM,ORANGE,92806,high,license_number,10-31-2027,Occupational Therapy Assistant
OTA,830,LAUREL ANN CASEY,COTA,714-717-4309,,1508100033,7612 VANTAGE DR,HUNTINGTON BEACH,CA,92647,HUNTINGTON BEACH,ORANGE,92647,high,license_number,11-30-2027,Occupational Therapy Assistant
OTA,4858,LEAH ELMASRY,COTA/L,949-389-8500,,1407418460,3 PURSUIT,ALISO VIEJO,CA,92656,SAN JUAN CAPISTRANO,ORANGE,92675,high,license_number,05-31-2027,Occupational Therapy Assistant
OTA,835,LILY MAI JAMISON,OTA/L,714-556-2288,,1811361140,1700 ADAMS AVE,COSTA MESA,CA,92626,SAN JUAN CAPISTRANO,ORANGE,92675,high,license_number,10-31-2027,Occupational Therapy Assistant
OTA,6911,LINH ONG,,714-776-1231,,1295560241,1360 S ANAHEIM BLVD STE 150,ANAHEIM,CA,92805,SANTA ANA,ORANGE,92704,high,license_number,06-30-2028,Occupational Therapy Assistant
OTA,1847,LISA RUTH MEDVENE,COTA,714-222-5748,,1225427115,25501 POLARIS LN,LAKE FOREST,CA,92630,LAKE FOREST,ORANGE,92630,high,license_number,07-31-2027,Occupational Therapy Assistant
OTA,3200,LONGKIM LUONG,,714-204-9731,,1437526928,916 N MAGNOLIA AVE,ANAHEIM,CA,92801,ANAHEIM,ORANGE,92801,high,license_number,01-31-2027,Occupational Therapy Assistant
OTA,1407,LORI ANN MILLERICK,COTA,714-335-3614,,1174641609,1957 W HARLE AVE,ANAHEIM,CA,92804,ANAHEIM,ORANGE,92804,high,license_number,07-31-2027,Occupational Therapy Assistant
OTA,1690,LORRAINE ANN SHERRIE,COTA/C,949-743-4059,,1427476183,24242 LA CRESTA,DANA POINT,CA,92629,SAN CLEMENTE,ORANGE,92673,high,license_number,11-30-2027,Occupational Therapy Assistant
OTA,7442,LOUIE BARGAYO DIMAPILES,,442-317-0953,,1164362232,11392 BISCAYNE BLVD,GARDEN GROVE,CA,92841,GARDEN GROVE,ORANGE,92841,high,license_number,03-31-2028,Occupational Therapy Assistant
OTA,2389,MACKENZIE CARCAMO,COTA/L,949-459-1658,,1710323472,30252 TOMAS STE 100,RANCHO SANTA MARGARITA,CA,92688,COSTA MESA,ORANGE,92627,high,license_number,12-31-2027,Occupational Therapy Assistant
OTA,3431,MALINDA DELOIS HULLET,COTA/L,714-870-6116,,1427990290,233 ORANGEFAIR MALL,FULLERTON,CA,92832,SANTA ANA,ORANGE,92704,high,license_number,02-28-2027,Occupational Therapy Assistant
OTA,2816,MARIA LIZA CABREA,,714-978-6800,,1285023861,1835 W LA VETA AVE,ORANGE,CA,92868,YORBA LINDA,ORANGE,92887,high,license_number,05-31-2027,Occupational Therapy Assistant
OTA,5442,MARIA MAATOUK,COTA,714-776-1231,,1255010336,1360 S ANAHEIM BLVD STE 150,ANAHEIM,CA,92805,LA HABRA,ORANGE,90631,high,license_number,09-30-2026,Occupational Therapy Assistant
OTA,2058,MARIA MICHELLE AVERS,,800-683-1209,,1558286237,6215 FERRIS SQ,SAN DIEGO,CA,92121,SANTA ANA,ORANGE,92706,high,license_number,07-31-2028,Occupational Therapy Assistant
OTA,3276,MARIA PAULA ESPIRIDION,COTA/L,714-978-6800,,1477923415,1835 W LA VETA AVE,ORANGE,CA,92868,GARDEN GROVE,ORANGE,92840,high,license_number,08-31-2028,Occupational Therapy Assistant
OTA,6363,MARIAH MA'AE,COTA/L,714-908-9917,,1407534613,4755 KATELLA AVE APT 101,CYPRESS,CA,90720,HUNTINGTON BEACH,ORANGE,92647,high,license_number,11-30-2026,Occupational Therapy Assistant
OTA,3049,MARIAN KAYCEE CONCEPCION,COTA/L,949-939-4051,,1891183836,24992 CAMBERWELL ST,LAGUNA HILLS,CA,92653,LAGUNA HILLS,ORANGE,92653,high,license_number,12-31-2027,Occupational Therapy Assistant
OTA,4781,MARISOL SALINAS,COTA,818-241-6780,,1760945927,5312 BOLSA AVE STE 105,HUNTINGTON BEACH,CA,92649,COSTA MESA,ORANGE,92627,high,license_number,09-30-2028,Occupational Therapy Assistant
OTA,2099,MATTHEW EDWARD OSBOURN,,760-991-3020,,1033619580,18270 SISKIYOU RD STE B,APPLE VALLEY,CA,92307,COSTA MESA,ORANGE,92626,high,license_number,02-28-2027,Occupational Therapy Assistant
OTA,1174,MEGAN R KLESCHKA,Occupational Therapy,714-757-0447,,1437924354,9147 LA ESTRELLA AVE,FOUNTAIN VALLEY,CA,92708,FOUNTAIN VALLEY,ORANGE,92708,high,license_number,10-31-2027,Occupational Therapy Assistant
OTA,6197,MEVISA AKAGAWA,,909-581-2579,,1598510109,21065 ASHLEY LN,LAKE FOREST,CA,92630,LAKE FOREST,ORANGE,92630,medium,name_exact,04-30-2028,Occupational Therapy Assistant
OTA,5078,MICHAEL DEROSE,COTA/L,949-475-1002,,1417581646,1200 QUAIL ST STE 100,NEWPORT BEACH,CA,92660,NEWPORT BEACH,ORANGE,92663,high,license_number,12-31-2027,Occupational Therapy Assistant
OTA,6249,MICHELLE EATON,,714-529-5022,,1790466332,500 W CENTRAL AVE,BREA,CA,92821,IRVINE,ORANGE,92612,medium,name_exact,04-30-2027,Occupational Therapy Assistant
OTA,2936,MORAH STOKES,COTA/L,800-585-1299,,1760874432,4445 EASTGATE MALL,SAN DIEGO,CA,92121,FOUNTAIN VALLEY,ORANGE,92708,high,license_number,08-31-2028,Occupational Therapy Assistant
OTA,7540,MYLES NISMAL,,714-776-1231,,1528984366,1360 S ANAHEIM BLVD STE 150,ANAHEIM,CA,92805,ANAHEIM,ORANGE,92802,high,license_number,04-30-2028,Occupational Therapy Assistant
OTA,2614,NANCY SALAZAR,,714-772-7480,,1275991770,1130 W LA PALMA AVE,ANAHEIM,CA,92801,ANAHEIM,ORANGE,92804,high,license_number,10-31-2027,Occupational Therapy Assistant
OTA,2297,NASYM EMAMI,,714-646-8318,,1801152475,740 S PLACENTIA AVE,PLACENTIA,CA,92870,ANAHEIM,ORANGE,92808,high,license_number,07-31-2027,Occupational Therapy Assistant
OTA,2670,NAZAKATH KARGAR,COTA,951-688-3636,,1306235296,9025 COLORADO AVE,RIVERSIDE,CA,92503,ANAHEIM,ORANGE,92808,high,license_number,06-30-2027,Occupational Therapy Assistant
OTA,3865,NGOC HAN LE DANG,,714-777-9666,,1356074371,17803 IMPERIAL HWY,YORBA LINDA,CA,92886,WESTMINSTER,ORANGE,92683,high,license_number,09-30-2027,Occupational Therapy Assistant
OTA,1710,NICKY LAM,,714-869-8769,,1104214600,6422 LARKSPUR CIR,HUNTINGTON BEACH,CA,92647,HUNTINGTON BEACH,ORANGE,92646,high,license_number,12-31-2027,Occupational Therapy Assistant
OTA,6136,NICOLE A. BARRETT,COTA/L,714-529-3511,,1871210229,500 W CENTRAL AVE STE B500W,BREA,CA,92821,GARDEN GROVE,ORANGE,92843,medium,name_exact,11-30-2026,Occupational Therapy Assistant
OTA,3614,NICOLETTE FERNANDEZ,,562-426-4461,,1336788041,3401 CEDAR AVE,LONG BEACH,CA,90807,BUENA PARK,ORANGE,90620,high,license_number,07-31-2028,Occupational Therapy Assistant
OTA,887,NOEME ESPERO,COTA,714-633-3568,,1790945095,920 W LA VETA AVE,ORANGE,CA,92868,ORANGE,ORANGE,92869,high,license_number,11-30-2027,Occupational Therapy Assistant
OTA,5365,OLIVIA CLARK,,951-662-6479,,1083226419,2905 BEARCREEK CT,FULLERTON,CA,92835,FULLERTON,ORANGE,92835,high,license_number,01-31-2027,Occupational Therapy Assistant
OTA,6294,OLIVIA SUNSHYNE MOSCOSO,,949-727-3315,,1053016212,36 MAUCHLY STE A,IRVINE,CA,92618,RSM,ORANGE,92688,high,license_number,08-31-2028,Occupational Therapy Assistant
OTA,334,PAMELA JONES,,562-385-6285,,1427571728,7601 E. IMPERIAL HWY,DOWNEY,CA,90242,BUENA PARK,ORANGE,90621,high,license_number,08-31-2027,Occupational Therapy Assistant
OTA,2514,PATRICK DIZON TAN,,909-524-2889,,1508254111,1341 W DAHLIA ST,LA HABRA,CA,90631,BREA,ORANGE,92821,high,license_number,05-31-2028,Occupational Therapy Assistant
OTA,3287,PETER YANG,OTA,949-331-3294,,1952714305,3862 FAULKNER CT,IRVINE,CA,92606,IRVINE,ORANGE,92606,high,license_number,12-31-2027,Occupational Therapy Assistant
OTA,5976,RAYMOND BARROW,,714-561-2968,,1427751601,306 LOS PADRES LN,PLACENTIA,CA,92870,PLACENTIA,ORANGE,92870,medium,name_exact,03-31-2027,Occupational Therapy Assistant
OTA,4113,REAM HANNA,,310-618-4497,,1598270977,2C LIBERTY UNIT 129,ALISO VIEJO,CA,92656,ALISO VIEJO,ORANGE,92656,high,license_number,09-30-2027,Occupational Therapy Assistant
OTA,3633,REKHA TODKER,,951-303-8255,,1295201697,41769 ENTERPRISE CIR N STE 104,TEMECULA,CA,92590,PLACENTIA,ORANGE,92870,high,license_number,01-31-2028,Occupational Therapy Assistant
OTA,2634,RICHARD CAO,,714-838-2853,,1891106266,661 W 1ST ST STE E,TUSTIN,CA,92780,LADERA RANCH,ORANGE,92694,high,license_number,03-31-2027,Occupational Therapy Assistant
OTA,650,RICHARD PALMER,,949-707-5555,,1295940930,23271 VERDUGO DR,LAGUNA HILLS,CA,92653,SEAL BEACH,ORANGE,90740,high,license_number,05-31-2027,Occupational Therapy Assistant
OTA,94,RICK GUTIERREZ,COTA/L,562-430-8700,,1629588611,4772 KATELLA AVE STE 100,LOS ALAMITOS,CA,90720,CYPRESS,ORANGE,90630,high,license_number,06-30-2028,Occupational Therapy Assistant
OTA,3590,ROBERT THOMAS RUPPERT,COTA/L,415-584-3294,,1306535281,5767 SAN FRANSICO POST ACUTE,SAN FRANSICO,CA,94112,ALISO VIEJO,ORANGE,92656,high,license_number,01-31-2027,Occupational Therapy Assistant
OTA,3533,ROBIN LORANGER,COTA/L,714-501-4780,,1053192922,8841 PALOS VERDES AVE,WESTMINSTER,CA,92683,WESTMINSTER,ORANGE,92683,high,license_number,04-30-2027,Occupational Therapy Assistant
OTA,3987,SANDRA ANN STEURER,COTA/L,949-498-5100,,1952192411,1000 CALLE AMANECER,SAN CLEMENTE,CA,92673,NEWPORT BEACH,ORANGE,92660,medium,name_exact,03-31-2027,Occupational Therapy Assistant
OTA,1695,SEIJIN LEE,COTA,714-827-2440,,1386341626,3067 W ORANGE AVE,ANAHEIM,CA,92804,IRVINE,ORANGE,92602,high,license_number,03-31-2027,Occupational Therapy Assistant
OTA,3235,SHEHRAZAD VILLAFLORES,,714-770-7710,,1770969867,250 E ACACIA ST APT 206,BREA,CA,92821,YORBA LINDA,ORANGE,92886,high,license_number,11-30-2026,Occupational Therapy Assistant
OTA,1213,SHEILA PARIS,OTA,714-973-1656,,1689062028,13031 BARRETT LN,SANTA ANA,CA,92705,SANTA ANA,ORANGE,92705,high,license_number,01-31-2027,Occupational Therapy Assistant
OTA,646,STACEY LYNN LENNON,,808-260-9056,,1649101635,1425 KEOLU DR,KAILUA,HI,96734,WESTMINSTER,ORANGE,92683,medium,name_exact,03-31-2027,Occupational Therapy Assistant
OTA,1233,STACI L RAYGOZA,COTA,714-963-3770,,1043431950,17318 SAN LUIS ST.. #3,FOUNTAIN VALLEY,CA,92708,COSTA MESA,ORANGE,92627,high,license_number,09-30-2028,Occupational Therapy Assistant
OTA,2323,STEPHANIE A DOLAN,COTA/L,818-986-1977,,1285950824,16260 VENTURA BLVD,ENCINO,CA,91436,FULLERTON,ORANGE,92831,high,license_number,02-29-2028,Occupational Therapy Assistant
OTA,5098,STEPHANIE MICHELLE WASON,COTA/L,714-888-5141,,1467116509,2501 E CHAPMAN AVE,FULLERTON,CA,92831,GARDEN GROVE,ORANGE,92840,high,license_number,08-31-2028,Occupational Therapy Assistant
OTA,3909,SUL CHO,COTA,562-426-4461,,1124647219,3401 CEDAR AVE,LONG BEACH,CA,90807,ANAHEIM,ORANGE,92801,high,license_number,08-31-2027,Occupational Therapy Assistant
OTA,3449,TERA THORESON,,949-579-0424,,1881166502,2682 SANTA ANA AVE APT 4,COSTA MESA,CA,92627,COSTA MESA,ORANGE,92627,high,license_number,04-30-2027,Occupational Therapy Assistant
OTA,3859,TESSA BURTON,OTa,818-241-6780,,1881127520,25201 PASEO DE ALICIA,LAGUNA HILLS,CA,92653,IRVINE,ORANGE,92618,high,license_number,01-31-2028,Occupational Therapy Assistant
OTA,2839,TOAN NGUYEN,,714-262-7094,,1588052088,10866 WESTMINSTER AVE SPC 66,GARDEN GROVE,CA,92843,GARDEN GROVE,ORANGE,92843,high,license_number,01-31-2027,Occupational Therapy Assistant
OTA,5310,TONI MARIE SERRANO,COTA,714-861-9595,,1720873870,18837 BROOKHURST ST STE 109,FOUNTAIN VALLEY,CA,92708,BUENA PARK,ORANGE,90621,medium,name_exact,12-31-2027,Occupational Therapy Assistant
OTA,7504,VALERIE NHI PHAN,COTA,424-228-6963,,1760143598,3840 WOODRUFF AVE STE 211,LONG BEACH,CA,90808,SANTA ANA,ORANGE,92704,high,license_number,03-31-2028,Occupational Therapy Assistant
OTA,1457,VALSALA THOLATH ZACHARIAH,"COTA, RN",800-870-7989,,1578689535,1730 GRAND AVE,LONG BEACH,CA,90804,COSTA MESA,ORANGE,92627,high,license_number,09-30-2027,Occupational Therapy Assistant
OTA,3060,VANESSA LIRA,,818-263-6039,,1053098376,26681 AVENIDA LAS PALMAS UNIT A,DANA POINT,CA,92624,SAN JUAN CAPISTRANO,ORANGE,92675,high,license_number,08-31-2027,Occupational Therapy Assistant
OTA,6097,VICTORIA NICOLE SIMPLIS,,424-275-9585,,1053018481,2850 ARTESIA BLVD STE 103,REDONDO BEACH,CA,90278,HUNTINGTON BEACH,ORANGE,92649,high,license_number,05-31-2028,Occupational Therapy Assistant
OTA,4490,YVETTE STEPHANIE GONZALEZ,COTA/L,949-916-1654,,1306542105,92 ARGONAUT STE 170,ALISO VIEJO,CA,92656,SANTA ANA,ORANGE,92703,high,license_number,03-31-2027,Occupational Therapy Assistant
PT,39373,AARON CHUNG,,562-693-5449,,1033468749,12411 SLAUSON AVE,WHITTIER,CA,90606,TUSTIN,ORANGE,92782,high,license_number,09-30-2027,Physical Therapist
PT,294372,AARON FU,"PT, DPT",949-679-3337,,1942704226,4482 BARRANCA PKWY STE 195,IRVINE,CA,92604,LAGUNA BEACH,ORANGE,92651,high,license_number,08-31-2027,Physical Therapist
PT,34638,AARON LEE BERGER,PT,949-546-4086,,1265767198,1784 NEWPORT BLVD,COSTA MESA,CA,92627,NEWPORT BEACH,ORANGE,92660,high,license_number,12-31-2027,Physical Therapist
PT,32528,ABEGAIL TABURNAL,RPT,310-940-4385,,1285736405,1929 N FAIRVIEW ST,SANTA ANA,CA,92706,WESTMINSTER,ORANGE,92683,high,license_number,12-31-2027,Physical Therapist
PT,36510,ABIGAIL D JOHNSON,P.T.,949-222-6444,office@handsonrehab.com,1275856023,1601 DOVE ST STE 242,NEWPORT BEACH,CA,92660,BUENA PARK,ORANGE,90620,high,license_number,03-31-2027,Physical Therapist
PT,306052,ABRAHAM SOTO,DPT,562-433-6791,,1679313118,1020 TERMINO AVE,LONG BEACH,CA,90804,ORANGE,ORANGE,92867,high,license_number,10-31-2027,Physical Therapist
PT,40493,ABRALDO MARLO PEREZ,DPT,510-339-2116,,1235566878,473 34TH ST,OAKLAND,CA,94609,COSTA MESA,ORANGE,92627,high,license_number,02-28-2027,Physical Therapist
PT,43303,ADAM KLUEGER,DPT,562-989-1700,,1790142024,4401 ATLANTIC AVE,LONG BEACH,CA,90807,HUNTINGTON BEACH,ORANGE,92646,high,license_number,11-30-2027,Physical Therapist
PT,35652,ADAM LEE NADLER,MPT,714-547-1140,,1205064920,894 W TOWN AND COUNTRY RD,ORANGE,CA,92868,HUNTINGTON BEACH,ORANGE,92647,high,license_number,11-30-2026,Physical Therapist
PT,292866,ADAM SESON,DPT,310-606-5664,,1639742182,880 APOLLO ST STE 160,EL SEGUNDO,CA,90245,CYPRESS,ORANGE,90630,high,license_number,03-31-2028,Physical Therapist
PT,8627,ADEL A SALAM,RPT BS Physical Ther,562-633-3501,,1124191168,5750 DOWNEY AVE,LAKEWOOD,CA,90712,LAGUNA NIGUEL,ORANGE,92677,high,license_number,09-30-2026,Physical Therapist
PT,41955,ADRENA GHARIBJANIANS BAGHASHVILI,,949-202-9967,,1518359827,31 BARCELONA,IRVINE,CA,92614,IRVINE,ORANGE,92614,high,license_number,04-30-2028,Physical Therapist
PT,38575,ADRIAN RUIZ,"PT, DPT",650-438-7344,,1902179542,3086 E COALINGA DR,BREA,CA,92821,BREA,ORANGE,92821,high,license_number,03-31-2027,Physical Therapist
PT,26253,ADRIANA L RAMIREZ,PT,408-354-2222,,1073844585,291 E MAIN ST,LOS GATOS,CA,95030,MISSION VIEJO,ORANGE,92691,high,license_number,03-31-2027,Physical Therapist
PT,305227,ADRIANA ROSSI,,949-448-0872,,1235905647,27432 ALISO CREEK RD STE 100,ALISO VIEJO,CA,92656,IRVINE,ORANGE,92612,high,license_number,09-30-2027,Physical Therapist
PT,310584,AELLEN VELAZQUEZ,,562-342-9994,,1518882083,4220 KATELLA AVE,LOS ALAMITOS,CA,90720,CYPRESS,ORANGE,90630,high,license_number,06-30-2028,Physical Therapist
PT,41871,AHMED MOHAMED,,203-252-8735,,1205064904,11132 SPECTRUM,IRVINE,CA,92618,IRVINE,ORANGE,92618,high,license_number,07-31-2028,Physical Therapist
PT,36871,AIMEE A BURDICK,P.T.,323-722-8610,,1659684611,433 N 4TH ST,MONTEBELLO,CA,90640,HUNTINGTON BEACH,ORANGE,92647,high,license_number,10-31-2027,Physical Therapist
PT,18821,AIMEE OREILLY,,408-245-8070,,1134459530,1291 S BERNARDO AVE,SUNNYVALE,CA,94087,SAN CLEMENTE,ORANGE,92672,high,license_number,09-30-2026,Physical Therapist
PT,13815,ALAN E VOGEL,P.T.,714-847-3800,,1467401505,6930 WARNER AVE,HUNTINGTON BEACH,CA,92647,IRVINE,ORANGE,92614,high,license_number,07-31-2028,Physical Therapist
PT,24069,ALAN JIA CHENG,D.P.T.,714-758-9500,,1417002742,2101 W CRESCENT AVE,ANAHEIM,CA,92801,TUSTIN,ORANGE,92782,high,license_number,04-30-2028,Physical Therapist
PT,309178,ALAN JONES,,949-315-1521,,1194686881,27844 VIOLET,MISSION VIEJO,CA,92691,MISSION VIEJO,ORANGE,92691,high,license_number,12-31-2026,Physical Therapist
PT,292143,ALAN LEE,,949-787-2014,,1184175838,3919 WESTERLY PL STE 100,NEWPORT BEACH,CA,92660,NEWPORT BEACH,ORANGE,92660,high,license_number,04-30-2028,Physical Therapist
PT,302505,ALBERT TAI,,626-727-6688,,1255070603,501 S VINCENT AVE STE 200,WEST COVINA,CA,91790,ANAHEIM,ORANGE,92805,medium,name_exact,07-31-2028,Physical Therapist
PT,300388,ALBERT TAI WENG,"PT, DPT",949-340-6927,,1972270973,23141 MOULTON PKWY STE 111,LAGUNA HILLS,CA,92653,TUSTIN,ORANGE,92782,high,license_number,04-30-2027,Physical Therapist
PT,305399,ALBERTO BIE GATUS,DPT,949-876-5329,,1992570337,22342 EL PASEO STE G,RANCHO SANTA MARGARITA,CA,92688,RANCHO STA MARG,ORANGE,92688,medium,name_exact,07-31-2027,Physical Therapist
PT,17641,ALBERTO JOSE CACHERO,,714-850-7300,,1245301092,11160 WARNER AVE,FOUNTAIN VALLEY,CA,92708,NEWPORT BEACH,ORANGE,92660,high,license_number,04-30-2027,Physical Therapist
PT,306564,ALEJANDRA VASQUEZ,,310-453-6166,,1386474096,1821 WILSHIRE BLVD STE 311,SANTA MONICA,CA,90403,COSTA MESA,ORANGE,92627,high,license_number,08-31-2028,Physical Therapist
PT,310567,ALEKSANDER JOSEPH MORAWIEC,,949-759-1840,,1194648865,15 CORPORATE PLAZA DR,NEWPORT BEACH,CA,92660,SAN CLEMENTE,ORANGE,92673,medium,name_exact,11-30-2027,Physical Therapist
PT,301216,ALEX CHUNG,DPT,714-522-8020,,1235898644,40 CENTERPOINTE DR,LA PALMA,CA,90623,BUENA PARK,ORANGE,90620,high,license_number,02-28-2027,Physical Therapist
PT,294360,ALEX JESSE KIRKPATRICK,"PT, DPT",949-464-4009,,1447759618,23382 MADERO STE A,MISSION VIEJO,CA,92691,LADERA RANCH,ORANGE,92694,high,license_number,05-31-2027,Physical Therapist
PT,291652,ALEX JOSEPH MERSCH,"PT, DPT",949-271-0012,,1477092195,24301 MUIRLANDS BLVD,LAKE FOREST,CA,92630,ANAHEIM,ORANGE,92807,high,license_number,01-31-2028,Physical Therapist
PT,298926,ALEX KEUILIAN,DPT,714-988-8120,,1013519727,13931 CARROLL WAY STE B,TUSTIN,CA,92780,TUSTIN,ORANGE,92780,high,license_number,12-31-2027,Physical Therapist
PT,37558,ALEX MA,,626-905-8580,,1871890137,1509 GOLDEN ROSE AVE,HACIENDA HEIGHTS,CA,91745,YORBA LINDA,ORANGE,92887,high,license_number,07-31-2028,Physical Therapist
PT,302573,ALEXA GABRIELLE GONZALEZ,,949-388-5692,,1346960333,201 CALLE DE LOS MOLINOS,SAN CLEMENTE,CA,92672,ORANGE,ORANGE,92866,high,license_number,03-31-2028,Physical Therapist
PT,296157,ALEXA ZIENKA,DPT,714-776-1231,,1831655810,1360 S ANAHEIM BLVD STE 150,ANAHEIM,CA,92805,ORANGE,ORANGE,92868,high,license_number,12-31-2026,Physical Therapist
PT,303617,ALEXANDER ALBARIAN,"PT, DPT",310-477-4774,,1386341618,12121 WILSHIRE BLVD STE 100,LOS ANGELES,CA,90025,RANCHO MISSION VIEJO,ORANGE,92694,high,license_number,05-31-2028,Physical Therapist
PT,306328,ALEXANDER MINH PHAM,DPT,145-943-9727,,1003566217,10900 WARNER AVE STE 117,FOUNTAIN VALLEY,CA,92708,ORANGE,ORANGE,92869,medium,name_exact,09-30-2027,Physical Therapist
PT,306931,ALEXANDER PICCIRILLO,"DPT, PT",714-988-8120,,1952122343,13931 CARROLL WAY STE B,TUSTIN,CA,92780,COSTA MESA,ORANGE,92627,high,license_number,11-30-2027,Physical Therapist
PT,296726,ALEXANDER RICHARD WILLIAMSON,DPT,949-387-7333,,1265091862,23001 DEL LAGO DR STE C1,LAGUNA HILLS,CA,92653,FULLERTON,ORANGE,92832,high,license_number,07-31-2028,Physical Therapist
PT,305984,ALEXANDER TOLUWALOPE OJELABI,PT,310-791-3812,,1215759568,23430 HAWTHORNE BLVD STE 105,TORRANCE,CA,90505,STANTON,ORANGE,90680,medium,name_exact,11-30-2027,Physical Therapist
PT,40752,ALEXANDRA FIEDLER,"PT, DPT, OCS",714-375-1755,,1245651272,16271 BEACH BLVD,HUNTINGTON BEACH,CA,92647,HUNTINGTON BEACH,ORANGE,92646,medium,name_exact,10-31-2027,Physical Therapist
PT,297687,ALEXANDRA MARIA REULAND,DPT,949-582-8800,,1306482575,26932 OSO PKWY STE 260,MISSION VIEJO,CA,92691,RSM,ORANGE,92688,high,license_number,03-31-2027,Physical Therapist
PT,38487,ALEXANDRA NUGENT FRESQUEZ,DPT,800-561-5207,,1578835138,300 S HARBOR BLVD,ANAHEIM,CA,92805,PLACENTIA,ORANGE,92870,high,license_number,12-31-2026,Physical Therapist
PT,303700,ALEXANDRA ROLDA,PT,949-250-1112,,1801593850,2777 BRISTOL ST STE B,COSTA MESA,CA,92626,COSTA MESA,ORANGE,92626,high,license_number,03-31-2028,Physical Therapist
PT,22965,ALICE A GINTER,P.T.,949-331-6516,,1053352013,112 TEAROSE,IRVINE,CA,92603,IRVINE,ORANGE,92618,high,license_number,05-31-2027,Physical Therapist
PT,304913,ALICIA HENIGAN,"DPT, PT",804-228-5818,,1598496291,2924 BROOK RD,RICHMOND,VA,23220,CORONA DEL MAR,ORANGE,92625,medium,name_exact,08-31-2027,Physical Therapist
PT,34651,ALIREZA NASSERI,"PT, DPT",949-932-5000,,1821338138,6640 ALTON PKWY,IRVINE,CA,92618,IRVINE,ORANGE,92618,high,license_number,09-30-2027,Physical Therapist
PT,40744,ALISHA FERNANDEZ,,714-425-4183,,1730502865,422 ENCLAVE CIR,COSTA MESA,CA,92626,FOUNTAIN VALLEY,ORANGE,92708,high,license_number,12-31-2027,Physical Therapist
PT,296820,ALISHA MARY DEVERS,DPT,714-538-0025,,1689227274,239 E KATELLA AVE,ORANGE,CA,92867,IRVINE,ORANGE,92602,high,license_number,11-30-2026,Physical Therapist
PT,293202,ALISHA SOHAM JOSHI,DPT,949-271-0053,,1770849531,3300 IRVINE AVE.,NEWPORT BEACH,CA,92660,IRVINE,ORANGE,92618,high,license_number,03-31-2027,Physical Therapist
PT,37566,ALISON KAMADA,D.P.T.,209-467-6365,,1780028233,1800 N CALIFORNIA ST,STOCKTON,CA,95204,LOS ALAMITOS,ORANGE,90720,high,license_number,09-30-2028,Physical Therapist
PT,12126,ALISON LYNN MCKENZIE,"DPT, PhD",714-744-7827,,1871001511,9401 JERONIMO RD,IRVINE,CA,92618,IRVINE,ORANGE,92618,high,license_number,03-31-2027,Physical Therapist
PT,40946,ALISON WU,,909-861-8211,,1821412560,830 N DIAMOND BAR BLVD,DIAMOND BAR,CA,91765,PLACENTIA,ORANGE,92870,high,license_number,12-31-2027,Physical Therapist
PT,294148,ALLEA JEWEL FRANCIS,,714-770-8222,,1124532171,13891 NEWPORT AVE STE 285,TUSTIN,CA,92780,COSTA MESA,ORANGE,92627,high,license_number,12-31-2026,Physical Therapist
PT,291127,ALLEN CHAN NG,"DPT, PT, OCS",858-502-1350,,1780040204,4510 VIEWRIDGE AVE,SAN DIEGO,CA,92123,SAN JUAN CAPISTRANO,ORANGE,92675,medium,name_exact,02-29-2028,Physical Therapist
PT,36836,ALLISON CANDACE LEE,DPT,714-847-8751,,1063726297,7921 PROFESSIONAL CIR,HUNTINGTON BEACH,CA,92648,IRVINE,ORANGE,92602,high,license_number,10-31-2027,Physical Therapist
PT,298067,ALLISON HELEN TUTEN,DPT,949-498-5100,,1073137238,1000 CALLE AMANECER,SAN CLEMENTE,CA,92673,SAN CLEMENTE,ORANGE,92673,high,license_number,12-31-2027,Physical Therapist
PT,303774,ALLYSON L PHAM,DPT,714-546-4233,,1891493078,3100 W WARNER AVE,SANTA ANA,CA,92704,FOUNTAIN VALLEY,ORANGE,92708,high,license_number,03-31-2028,Physical Therapist
PT,294528,ALVIN YEH,DPT,610-761-8333,,1255832259,17332 VON KARMAN AVE STE 120,IRVINE,CA,92614,FULLERTON,ORANGE,92833,high,license_number,01-31-2028,Physical Therapist
PT,293300,ALVIN YU,"PT, DPT",626-759-2052,,1932624640,2152 DUPONT DR STE 101,IRVINE,CA,92612,IRVINE,ORANGE,92602,high,license_number,07-31-2027,Physical Therapist
PT,302762,ALYSHA TERRELL,PT,657-859-6458,,1861112765,15000 KENSINGTON PARK DR STE 110,TUSTIN,CA,92782,IRVINE,ORANGE,92618,high,license_number,08-31-2028,Physical Therapist
PT,42782,ALYSON O'CONNOR,DPT,714-891-2739,,1124492061,11190 WARNER AVE STE 309,FOUNTAIN VALLEY,CA,92708,LAGUNA NIGUEL,ORANGE,92677,high,license_number,02-28-2027,Physical Therapist
PT,303145,ALYSSA ASHLEY FARR,"PT, DPT",949-338-5897,,1326756388,22521 AVENIDA EMPRESA STE 116,RANCHO SANTA MARGARITA,CA,92688,LAGUNA HILLS,ORANGE,92653,high,license_number,08-31-2028,Physical Therapist
PT,291640,ALYSSA CAPLAN,"PT, DPT",949-387-7333,,1689128357,23001 DEL LAGO DR STE C1,LAGUNA HILLS,CA,92653,LAGUNA HILLS,ORANGE,92653,high,license_number,02-29-2028,Physical Therapist
PT,309642,ALYSSA CARMEN BRADLEY,,949-644-2022,,1235093931,19732 MACARTHUR BLVD STE 125,IRVINE,CA,92612,IRVINE,ORANGE,92620,medium,name_exact,05-31-2027,Physical Therapist
PT,305076,ALYSSA GUTIERREZ,,562-988-3570,,1083487441,3294 E SPRING ST,LONG BEACH,CA,90806,CYPRESS,ORANGE,90630,high,license_number,04-30-2027,Physical Therapist
PT,301354,AMALIA STEPHANY PORCEL,,949-547-1063,,1558028159,25101 MODOC DR,LAGUNA HILLS,CA,92653,IRVINE,ORANGE,92618,medium,name_exact,09-30-2027,Physical Therapist
PT,36925,AMANDA ROGERS,"P.T., D.P.T., IBCLC",866-525-3175,,1891031662,525 ROYAL PKWY UNIT 290609,NASHVILLE,TN,37229,COSTA MESA,ORANGE,92626,high,license_number,07-31-2028,Physical Therapist
PT,295849,AMANDA SUZAN MAFFRIS,"PT, DPT",949-916-2601,,1447720461,26471 CROWN VALLEY PKWY STE 200,MISSION VIEJO,CA,92691,LAGUNA NIGUEL,ORANGE,92677,high,license_number,06-30-2028,Physical Therapist
PT,297632,AMBER L GARRISON,PT DPT,949-275-5401,,1114566049,30100 TOWN CENTER DR # YZ,LAGUNA NIGUEL,CA,92677,ALISO VIEJO,ORANGE,92656,high,license_number,03-31-2027,Physical Therapist
PT,29050,AMBER MARIE TALBOT,MPT,714-889-4111,,1336309137,7200 TRASK AVE,WESTMINSTER,CA,92683,CYPRESS,ORANGE,90630,high,license_number,11-30-2027,Physical Therapist
PT,297582,AMER DANDASHI,"PT, DPT",949-759-1840,,1558906883,15 CORPORATE PLAZA DR,NEWPORT BEACH,CA,92660,HUNTINGTON BEACH,ORANGE,92646,high,license_number,10-31-2027,Physical Therapist
PT,28231,AMIT DINESH GANDHI,Physical Therapist,714-485-7642,,1205017936,2790 HARBOR BLVD STE 300,COSTA MESA,CA,92626,COSTA MESA,ORANGE,92626,high,license_number,09-30-2028,Physical Therapist
PT,35310,AMY BATES,"PT, DPT",714-997-5518,,1609013150,1111 W TOWN AND COUNTRY ROAD,ORANGE,CA,92868,YORBA LINDA,ORANGE,92887,high,license_number,06-30-2028,Physical Therapist
PT,24777,AMY FISCHER,,949-249-2456,,1285826206,210 NEWPORT CENTER DR,NEWPORT BEACH,CA,92660,LAGUNA NIGUEL,ORANGE,92677,high,license_number,06-30-2027,Physical Therapist
PT,294437,AMY LEE,"PT, DPT",949-679-3337,,1245707017,4482 BARRANCA PKWY STE 195,IRVINE,CA,92604,SANTA ANA,ORANGE,92704,high,license_number,05-31-2027,Physical Therapist
PT,23581,AMY MARIE GREER,MPT,714-986-7000,,1477495778,1301 E ORANGETHORPE AVE,PLACENTIA,CA,92870,YORBA LINDA,ORANGE,92886,high,license_number,06-30-2028,Physical Therapist
PT,21826,AMY MELISSA AMELOTTE,P.T.,714-841-6162,,1811045099,18800 MAIN ST STE 208,HUNTINGTON BEACH,CA,92648,HUNTINGTON BEACH,ORANGE,92646,high,license_number,03-31-2028,Physical Therapist
PT,295376,AMY N SYBESMA,DPT,714-256-5074,,1912489022,3230 E IMPERIAL HWY STE 100,BREA,CA,92821,PLACENTIA,ORANGE,92870,high,license_number,07-31-2028,Physical Therapist
PT,25243,AMY NAGELE,,562-484-3860,,1548574270,13330 BLOOMFIELD AVE STE 101,NORWALK,CA,90650,IRVINE,ORANGE,92602,high,license_number,07-31-2027,Physical Therapist
PT,11436,ANANT B DESAI,PT,714-870-1744,,1881621555,2000 E CHAPMAN AVE,FULLERTON,CA,92831,FULLERTON,ORANGE,92831,high,license_number,05-31-2028,Physical Therapist
PT,298391,ANASTASIYA WARHOP,PT,949-863-9103,,1407487085,2362 MORSE AVE,IRVINE,CA,92614,LADERA RANCH,ORANGE,92694,medium,name_exact,04-30-2028,Physical Therapist
PT,25823,ANDRA MARIE HART COLMAN,M.P.T.,714-904-2703,,1639407307,1001 S EAST ST,ANAHEIM,CA,92805,SEAL BEACH,ORANGE,90740,high,license_number,10-31-2028,Physical Therapist
PT,303999,ANDREA GUTIERREZ ARANGO,DPT,949-340-6927,,1982393344,23141 MOULTON PKWY STE 111,LAGUNA HILLS,CA,92653,LAGUNA HILLS,ORANGE,92653,medium,name_exact,12-31-2026,Physical Therapist
PT,29598,ANDREA LEE BELLITTI,DPT,949-250-1112,,1508814542,2777 BRISTOL ST,COSTA MESA,CA,92626,NEWPORT BEACH,ORANGE,92660,high,license_number,01-31-2028,Physical Therapist
PT,41346,ANDREA LOPEZ,DPT,714-392-9290,,1295143931,817 HICKORY ST,SANTA ANA,CA,92701,SANTA ANA,ORANGE,92701,high,license_number,05-31-2028,Physical Therapist
PT,17822,ANDREA LOUISE YOU,"M.S., P.T.",714-848-7191,,1902962087,17122 BEACH BLVD,HUNTINGTON BEACH,CA,92647,HUNTINGTON BEACH,ORANGE,92646,high,license_number,03-31-2027,Physical Therapist
PT,16879,ANDREA MACIAS,PT,949-736-6100,,1447831409,4041 MACARTHUR BLVD STE 400,NEWPORT BEACH,CA,92660,HUNTINGTON BEACH,ORANGE,92646,medium,name_exact,09-30-2028,Physical Therapist
PT,301813,ANDREA NICOLE ESCOTO,DPT,310-325-5111,,1568122885,25825 VERMONT AVE,HARBOR CITY,CA,90710,LAGUNA HILLS,ORANGE,92656,medium,name_exact,10-31-2027,Physical Therapist
PT,308559,ANDREA PATRICIA MEJIA,"PT, DPT",714-630-6252,,1508743865,755 N SHEPARD ST,ANAHEIM,CA,92806,ANAHEIM,ORANGE,92801,high,license_number,03-31-2027,Physical Therapist
PT,28007,ANDREA RUTH RAFTERY,P.T.,949-498-5100,,1609095058,1120 VIA CALLEJON,SAN CLEMENTE,CA,92673,RANCHO MISSION VIEJO,ORANGE,92694,high,license_number,05-31-2028,Physical Therapist
PT,37308,ANDREA SARA GLEDHILL,D.P.T.,714-374-0233,,1710280805,2100 MAIN ST,HUNTINGTON BEACH,CA,92648,HUNTINGTON BEACH,ORANGE,92646,high,license_number,06-30-2028,Physical Therapist
PT,309708,ANDREA STANCIK,,714-841-6162,,1184577629,19582 BEACH BLVD STE 130,HUNTINGTON BEACH,CA,92648,NEWPORT BEACH,ORANGE,92663,medium,name_exact,09-30-2027,Physical Therapist
PT,299831,ANDREW ARANT,"PT, DPT",559-679-4438,,1639761109,747 DOVER DR,NEWPORT BEACH,CA,92663,NEWPORT BEACH,ORANGE,92663,high,license_number,05-31-2028,Physical Therapist
PT,39961,ANDREW BANH,"P.T., D.P.T.",858-502-1350,,1982956843,4510 VIEWRIDGE AVE,SAN DIEGO,CA,92123,IRVINE,ORANGE,92618,high,license_number,06-30-2028,Physical Therapist
PT,308434,ANDREW BARIE,"DPT, PT",949-515-3930,,1962356527,1445 SUPERIOR AVE,NEWPORT BEACH,CA,92663,FOUNTAIN VALLEY,ORANGE,92708,high,license_number,12-31-2026,Physical Therapist
PT,309126,ANDREW CASSADY KING,DPT,714-546-4233,,1144180373,3100 W WARNER AVE,SANTA ANA,CA,92704,NEWPORT BEACH,ORANGE,92663,high,license_number,11-30-2027,Physical Therapist
PT,300854,ANDREW GABRIEL,DPT,888-859-0145,,1114698669,1600 MAIN ST FL 2,VENICE,CA,90291,ANAHEIM,ORANGE,92804,high,license_number,10-31-2026,Physical Therapist
PT,306870,ANDREW HAN,,949-429-2155,,1558194993,31371 RANCHO VIEJO RD,SAN JUAN CAPISTRANO,CA,92675,LAGUNA HILLS,ORANGE,92653,medium,name_zip,03-31-2028,Physical Therapist
PT,299005,ANDREW ISAAC BEYROOTY,DPT,714-870-8478,,1275133209,1027 N HARBOR BLVD STE B,FULLERTON,CA,92832,ANAHEIM,ORANGE,92807,high,license_number,01-31-2028,Physical Therapist
PT,307251,ANDREW LINCOLN,DPT,949-276-5401,,1699581728,24582 DEL PRADO STE C,DANA POINT,CA,92629,CAPISTRANO BEACH,ORANGE,92624,high,license_number,07-31-2028,Physical Therapist
PT,296693,ANDREW MINH DUONG,"PT, DPT",562-493-8800,,1164080461,12501 SEAL BEACH BLVD STE 210,SEAL BEACH,CA,90740,FULLERTON,ORANGE,92832,high,license_number,11-30-2026,Physical Therapist
PT,303866,ANDREW ORETA,"PT, DPT",562-379-9541,,1538860887,12359 IMPERIAL HWY UNIT 201,NORWALK,CA,90650,ANAHEIM,ORANGE,92804,high,license_number,06-30-2028,Physical Therapist
PT,299587,ANDREW RAMOS,PT,714-377-4314,,1548865413,7146 EDINGER AVE,HUNTINGTON BEACH,CA,92647,COSTA MESA,ORANGE,92627,high,license_number,09-30-2028,Physical Therapist
PT,32102,ANDREW SUNGJAE LEE,DPT,626-744-9222,,1306084504,345 S LAKE AVE,PASADENA,CA,91101,BREA,ORANGE,92823,high,license_number,09-30-2028,Physical Therapist
PT,299489,ANDREW SUNGMIN LEE,DPT,714-279-4000,,1972104925,3460 E LA PALMA AVE,ANAHEIM,CA,92806,SANTA ANA,ORANGE,92705,high,license_number,10-31-2026,Physical Therapist
PT,25014,ANDREW TAI,P.T.,916-927-1333,,1184706368,755 UNIVERSITY AVE,SACRAMENTO,CA,95825,LOS ANGELES,ORANGE,90089,high,license_number,10-31-2027,Physical Therapist
PT,40467,ANDREW VAN LEUVEN,DPT,949-502-3388,,1679994776,1600 DOVE ST STE 100,NEWPORT BEACH,CA,92660,NEWPORT BEACH,ORANGE,92660,high,license_number,01-31-2027,Physical Therapist
PT,42417,ANDREW YORKE,"PT, MPT",562-231-6652,,1790177533,2240 N LEGION DR UNIT 216,SIGNAL HILL,CA,90755,ORANGE,ORANGE,92868,medium,name_exact,05-31-2028,Physical Therapist
PT,38452,ANDY CHIU,,714-544-5959,,1932742293,12291 NEWPORT AVE,SANTA ANA,CA,92705,IRVINE,ORANGE,92618,high,license_number,11-30-2027,Physical Therapist
PT,307618,ANDY H HO,"PT, DPT",714-988-8120,,1265238034,13931 CARROLL WAY STE B,TUSTIN,CA,92780,GARDEN GROVE,ORANGE,92845,high,license_number,07-31-2028,Physical Therapist
PT,36457,ANDY KASIMATIS,D.P.T.,508-331-8838,,1932427390,19742 MACARTHUR BLVD,IRVINE,CA,92612,LAGUNA BEACH,ORANGE,92652,high,license_number,06-30-2027,Physical Therapist
PT,302817,ANDY MAI,,562-431-6004,,1215658844,5152 KATELLA AVE STE 106,LOS ALAMITOS,CA,90720,LOS ALAMITOS,ORANGE,92720,high,license_number,12-31-2027,Physical Therapist
PT,38984,ANDY QUOC TRAN,,714-505-2966,,1992066302,18102 IRVINE BLVD,TUSTIN,CA,92780,RANCHO SANTA MARGARI,ORANGE,92688,high,license_number,08-31-2027,Physical Therapist
PT,29269,ANDY TRAN,PT,714-891-2706,,1316078389,8341 WESTMINSTER BLVD,WESTMINSTER,CA,92683,TUSTIN,ORANGE,92782,high,license_number,09-30-2027,Physical Therapist
PT,303264,ANELI LIV WHITFORD,"PT, DPT",909-261-6819,,1396509097,13001 SEAL BEACH BLVD STE 100,SEAL BEACH,CA,90740,LAGUNA HILLS,ORANGE,92653,high,license_number,10-31-2026,Physical Therapist
PT,303151,ANGEL REIGN IGNACIO GALVAN,DPT,949-340-6927,,1770291726,23141 MOULTON PKWY STE 111,LAGUNA HILLS,CA,92653,IRVINE,ORANGE,92618,high,license_number,05-31-2028,Physical Therapist
PT,300690,ANGELA CHOIE,"PT, DPT",626-755-6118,,1043986839,10592 STANFORD AVE STE B,GARDEN GROVE,CA,92840,GARDEN GROVE,ORANGE,92841,high,license_number,04-30-2027,Physical Therapist
PT,300419,ANGELA MAR,,562-596-7074,,1730750142,6695 E PACIFIC COAST HWY,LONG BEACH,CA,90803,HUNTINGTON BEACH,ORANGE,92647,high,license_number,01-31-2027,Physical Therapist
PT,42670,ANGELINA MARIE ARTURO,PT,949-218-0853,,1417151705,23595 MOULTON PKWY STE E,LAGUNA HILLS,CA,92653,IRVINE,ORANGE,92604,high,license_number,04-30-2027,Physical Therapist
PT,32489,ANGELO S URQUICO,DPT,714-256-5074,,1467496752,1800 E LAMBERT RD,BREA,CA,92821,YORBA LINDA,ORANGE,92886,high,license_number,07-31-2027,Physical Therapist
PT,35349,ANITA JAYAKUMAR,,310-567-3378,,1285022665,1463 HILL ST,PLACENTIA,CA,92870,PLACENTIA,ORANGE,92870,high,license_number,06-30-2028,Physical Therapist
PT,294621,ANITA PADMANABHAN KRISHNAN,"P.T., D.P.T.",949-716-4548,,1235478298,5 JOURNEY STE 100,ALISO VIEJO,CA,92656,SAN CLEMENTE,ORANGE,92672,high,license_number,06-30-2027,Physical Therapist
PT,305036,ANJALIBEN PATEL,,949-443-5442,,1558134999,31271 NIGUEL RD STE J,LAGUNA NIGUEL,CA,92677,DANA POINT,ORANGE,92629,medium,name_exact,11-30-2026,Physical Therapist
PT,41224,ANN DORA LUDOLPH,MPT,949-861-8600,,1588081988,17332 VON KARMAN AVE,IRVINE,CA,92614,IRVINE,ORANGE,92618,high,license_number,06-30-2027,Physical Therapist
PT,27524,ANN H OKU,P.T.,408-885-9000,,1881990695,1150 S BASCOM AVE,SAN JOSE,CA,95128,IRVINE,ORANGE,92614,high,license_number,01-31-2028,Physical Therapist
PT,42531,ANN SACHIKO NAKAGAWA,"P.T, DPT",714-256-5074,,1699153122,1800 E LAMBERT RD,BREA,CA,92821,ORANGE,ORANGE,92865,high,license_number,03-31-2027,Physical Therapist
PT,302047,ANN THUAN THE MONG,DPT,310-768-8155,,1912645102,16630 S BROADWAY,GARDENA,CA,90248,HUNTINGTON BEACH,ORANGE,92646,high,license_number,09-30-2027,Physical Therapist
PT,21841,ANNA BRISTOL,,714-523-3822,,1043330822,1045 W REDONDO BEACH BLVD STE 130,GARDENA,CA,90247,SANTA ANA,ORANGE,92704,high,license_number,12-31-2027,Physical Therapist
PT,21055,ANNA LAMBOY,P.T.,949-367-1833,,1295750032,27071 CABOT RD,LAGUNA HILLS,CA,92653,FOOTHILL RANCH,ORANGE,92610,high,license_number,11-30-2026,Physical Therapist
PT,303527,ANNA MARIE REISER,"PT, DPT",949-750-8499,,1063127405,15771 ROCKFIELD BLVD STE 150,IRVINE,CA,92618,IRVINE,ORANGE,92618,high,license_number,12-31-2026,Physical Therapist
PT,306526,ANNA MUMM,,562-431-6004,,1780415638,5152 KATELLA AVE STE 106,LOS ALAMITOS,CA,90720,LOS ALAMITOS,ORANGE,90720,high,license_number,10-31-2027,Physical Therapist
PT,28167,ANNA YOON-AH CHO,MPT,949-271-0012,,1275775926,24301 MUIRLANDS BLVD STE T,LAKE FOREST,CA,92630,MISSION VIEJO,ORANGE,92692,high,license_number,03-31-2027,Physical Therapist
PT,291767,ANNE ARMANYOUS,DPT,562-991-1324,,1578013447,17042 BELLFLOWER BLVD,BELLFLOWER,CA,90706,LA PALMA,ORANGE,90623,high,license_number,01-31-2028,Physical Therapist
PT,33532,ANNE C CLARK,PT,714-374-4383,,1275571465,2500 MAIN STREET,HUNTINGTON BEACH,CA,92648,HUNTINGTON BEACH,ORANGE,92648,high,license_number,04-30-2028,Physical Therapist
PT,37406,ANNE MAGDITS,,949-498-5100,,1477859064,1120 VIA CALLEJON,SAN CLEMENTE,CA,92673,TUSTIN,ORANGE,92782,high,license_number,04-30-2028,Physical Therapist
PT,309374,ANNIE BETH YAM,DPT,714-468-4969,,1346102258,11141 WESTMINSTER AVE,GARDEN GROVE,CA,92843,GARDEN GROVE,ORANGE,92843,medium,name_exact,05-31-2027,Physical Therapist
PT,300437,ANNIE TAM TRAN,"PT, DPT",714-256-5074,,1619540317,3230 E IMPERIAL HWY STE 100,BREA,CA,92821,PLACENTIA,ORANGE,92870,high,license_number,05-31-2027,Physical Therapist
PT,307159,ANTHONY DANG,Physical Therapist,714-251-9271,,1184445280,1929 N FAIRVIEW ST,SANTA ANA,CA,92706,GARDEN GROVE,ORANGE,92844,high,license_number,12-31-2027,Physical Therapist
PT,309819,ANTHONY DANG,,714-979-3500,,1649122045,1520 NUTMEG PL STE 111,COSTA MESA,CA,92626,RSM,ORANGE,92688,high,license_number,02-29-2028,Physical Therapist
PT,27358,ANTHONY F BISACCIA,P.T.,949-727-3315,,1629089834,36 MAUCHLY,IRVINE,CA,92618,ALISO VIEJO,ORANGE,92656,high,license_number,09-30-2027,Physical Therapist
PT,17563,ANTHONY JOSEPH MARCIANO,,559-738-7500,,1538193990,5400 W HILLSDALE AVE,VISALIA,CA,93291,SAN CLEMENTE,ORANGE,92672,high,license_number,08-31-2028,Physical Therapist
PT,41386,ANTHONY MICHAEL PANDES DATO-ON,DPT,310-915-6100,,1710393244,11825 MAJOR ST,CULVER CITY,CA,90230,RANCHO SANTA MARGARI,ORANGE,92688,high,license_number,03-31-2028,Physical Therapist
PT,295759,ANTHONY THOMAS DEMONACO,DPT,714-256-5074,,1871071365,3230 E IMPERIAL HWY STE 100,BREA,CA,92821,BREA,ORANGE,92821,medium,name_exact,03-31-2028,Physical Therapist
PT,35683,ANTHONY TRAN,DPT,194-934-0692,,1265006746,23141 MOULTON PKWY STE 111,LAGUNA HILLS,CA,92653,FOUNTAIN VALLEY,ORANGE,92708,high,license_number,12-31-2026,Physical Therapist
PT,34551,ANTONIO C LUDOVICE,PT,559-686-8581,,1922342294,680 E MERRITT AVE,TULARE,CA,93274,ALISO VIEJO,ORANGE,92656,high,license_number,11-30-2027,Physical Therapist
PT,20922,ANUPAMA MINIR WORAH,PT,714-546-0811,,1568425155,3093 S HARBOR BLVD,SANTA ANA,CA,92704,LAGUNA BEACH,ORANGE,92651,high,license_number,02-28-2027,Physical Therapist
PT,306321,APRIL MANALAYSAY,PT,714-277-6579,,1154919249,12688 CHAPMAN AVE UNIT 3210,GARDEN GROVE,CA,92840,GARDEN GROVE,ORANGE,92840,high,license_number,04-30-2028,Physical Therapist
PT,26713,ARASH ALAVI-TEHRANI,P.T,714-961-5483,,1194924266,17801 IMPERIAL HWY,YORBA LINDA,CA,92886,YORBA LINDA,ORANGE,92887,high,license_number,05-31-2027,Physical Therapist
PT,41424,ARCEL LOPEZ ESCOTO,P.T.,714-646-8318,,1992101257,740 S. PLACENTIA AVE. SUITE 100,PLACENTIA,CA,92870,IRVINE,ORANGE,92618,high,license_number,12-31-2027,Physical Therapist
PT,42336,ARCHANA SHAH,,714-646-8318,,1821485897,740 S. PLACENTIA AVE. SUITE 100,PLACENTIA,CA,92870,PLACENTIA,ORANGE,92870,high,license_number,04-30-2028,Physical Therapist
PT,303631,ARIANA LAROCCA,,714-542-8904,,1487355079,1619 E EDINGER AVE,SANTA ANA,CA,92705,ALISO VIEJO,ORANGE,92656,medium,name_exact,07-31-2028,Physical Therapist
PT,43103,ARLYNN ARCENO YOUNG,R.P.T.,818-894-2273,,1093185514,5806 PACIFIC BLVD,HUNTINGTON PARK,CA,90255,ANAHEIM,ORANGE,92805,high,license_number,10-31-2026,Physical Therapist
PT,27735,ARMAGHAN ANGELA YEKRANGI,"PT, DPT",949-502-3388,,1164754081,1600 DOVE ST,NEWPORT BEACH,CA,92660,RANCHO SANTA MARGARI,ORANGE,92688,high,license_number,05-31-2028,Physical Therapist
PT,35430,ARMIA ABDO,DPT,714-801-4285,,1326288531,7 YERRA ST,RANCHO MISSION VIEJO,CA,92694,RANCHO MISSION VIEJO,ORANGE,92694,high,license_number,05-31-2028,Physical Therapist
PT,300252,ARRON HOWARD,"PT, DPT",818-241-2200,,1871264390,11770 WARNER AVE STE 101,FOUNTAIN VALLEY,CA,92708,FULLERTON,ORANGE,92832,high,license_number,06-30-2028,Physical Therapist
PT,296296,ARTI PATEL,,479-340-1100,,1629539309,2100 W HUDSON RD STE 3,ROGERS,AR,72756,FULLERTON,ORANGE,92833,medium,name_exact,09-30-2026,Physical Therapist
PT,295115,ARTURO RODRIGUEZ,"PT, DPT",949-590-9350,,1043798556,111 FASHION LN STE 210,TUSTIN,CA,92780,ANAHEIM,ORANGE,92806,high,license_number,11-30-2027,Physical Therapist
PT,292579,ASHLEY COMEFORD,DPT,714-538-1952,,1497291355,1026 E CHAPMAN AVE,ORANGE,CA,92866,LA HABRA,ORANGE,90631,high,license_number,05-31-2028,Physical Therapist
PT,40127,ASHLEY HELLER,PT,949-498-0599,,1235576133,235 VIA SAN ANDREAS,SAN CLEMENTE,CA,92672,SAN CLEMENTE,ORANGE,92673,high,license_number,01-31-2027,Physical Therapist
PT,300163,ASHLEY RENDON,DPT,949-791-9401,,1265006191,1609 BAKER ST,COSTA MESA,CA,92626,COSTA MESA,ORANGE,92626,high,license_number,11-30-2026,Physical Therapist
PT,293049,ASHLEY SIMPSON VITARELLI,DPT,949-715-0500,,1437687613,24361 EL TORO RD STE 140,LAGUNA WOODS,CA,92637,LAGUNA HILLS,ORANGE,92653,high,license_number,09-30-2026,Physical Therapist
PT,302261,ASHLEY VICTORIA HENKES,"PT, DPT",949-250-1112,,1659018307,2777 BRISTOL ST,COSTA MESA,CA,92626,COSTA MESA,ORANGE,92626,medium,name_exact,10-31-2027,Physical Therapist
PT,39078,ASHTEN YOSHIMASA KAWABE,DPT,808-782-3301,,1568747855,843 S ARDMORE AVE APT 201,LOS ANGELES,CA,90005,ANAHEIM,ORANGE,92806,medium,name_exact,06-30-2028,Physical Therapist
PT,38685,ASMEA JUDEH,"PT,DPT",714-256-5074,,1063730885,239 E KATELLA AVE,ORANGE,CA,92867,LAGUNA NIGUEL,ORANGE,92677,high,license_number,09-30-2027,Physical Therapist
PT,295935,AUBREE WYER,,714-816-0540,,1972086700,501 S BEACH BLVD,ANAHEIM,CA,92804,ANAHEIM,ORANGE,92805,high,license_number,12-31-2027,Physical Therapist
PT,19552,AUDRA BURTCH,PT,828-417-0160,,1083238067,101 E ALLEN ST STE 103,HENDERSONVILLE,NC,28792,RANCHO SANTA MARGARI,ORANGE,92688,high,license_number,12-31-2027,Physical Therapist
PT,302669,AUDREY MARGARET STEEN,,949-679-2933,,1932827979,6865 ALTON PKWY STE 110,IRVINE,CA,92618,ALISO VIEJO,ORANGE,92656,high,license_number,05-31-2028,Physical Therapist
PT,301844,AUTUMN LESSLIE REDETTE PERRY,"PT, DPT",714-544-2188,,1811646714,17872 GILLETTE AVE,IRVINE,CA,92614,WESTMINSTER,ORANGE,92683,high,license_number,09-30-2027,Physical Therapist
PT,293906,AVERY L JOHARCHI,O.T.,714-847-8751,,1629596622,7921 PROFESSIONAL CIR,HUNTINGTON BEACH,CA,92648,SUNSET BEACH,ORANGE,90742,high,license_number,02-28-2027,Physical Therapist
PT,14876,AYAKO NIVA SHONO,"BS, MPT",949-706-1001,,1306007208,1401 AVOCADO AVE STE 808,NEWPORT BEACH,CA,92660,NEWPORT BEACH,ORANGE,92660,high,license_number,08-31-2027,Physical Therapist
PT,28345,AZITA YAZDANI,DPT,213-749-5386,,1013094531,3320 S HILL ST,LOS ANGELES,CA,90007,IRVINE,ORANGE,92612,high,license_number,08-31-2028,Physical Therapist
PT,40729,BALACHANDAR JANAMALA,,646-750-2090,,1659828176,825 57TH ST,BROOKLYN,NY,11220,LAGUNA NIGUEL,ORANGE,92677,high,license_number,11-30-2027,Physical Therapist
PT,13997,BARRY HARVEY WONG,PT,949-276-1276,,1144423302,1710 N FERN ST,ORANGE,CA,92867,NORTH TUSTIN,ORANGE,92705,high,license_number,01-31-2027,Physical Therapist
PT,18644,BARRY THOMAS JONES,PT,562-622-4362,,1316069032,12200 BELLFLOWER BLVD,DOWNEY,CA,90242,HUNTINGTON BEACH,ORANGE,92646,high,license_number,12-31-2027,Physical Therapist
PT,26150,BELINDA JANE MCDONALD,"PT, COMT",949-481-0015,,1336207000,1393 CALLE AVANZADO,SAN CLEMENTE,CA,92673,SAN CLEMENTE,ORANGE,92673,high,license_number,06-30-2028,Physical Therapist
PT,39410,BENJAMIN BERNAL,DPT,248-245-3544,,1114277837,23625 HOLMAN HWY,MONTEREY,CA,93940,ORLANDO,ORANGE,32803,high,license_number,04-30-2028,Physical Therapist
PT,16394,BENJAMIN C ISIP,RPT/L,714-534-1100,,1568561579,12832 GARDEN GROVE BLVD.,GARDEN GROVE,CA,92843,ANAHEIM,ORANGE,92804,high,license_number,06-30-2027,Physical Therapist
PT,23767,BESSIE LE CHENG,M.P.T.,714-750-4097,,1629123591,13341 GARDEN GROVE BLVD,GARDEN GROVE,CA,92843,TUSTIN,ORANGE,92782,high,license_number,03-31-2028,Physical Therapist
PT,36765,BETH ANN KETCHMARK-RYAN,PT,303-929-4707,,1962596684,21302 HIGH COUNTRY DR,TRABUCO CANYON,CA,92679,RANCHO SANTA MARGARI,ORANGE,92688,high,license_number,07-31-2027,Physical Therapist
PT,14846,BETH RAMIREZ,RPT,562-498-3368,,1780073221,3850 E ESTHER ST,LONG BEACH,CA,90804,ANAHEIM,ORANGE,92814,high,license_number,08-31-2027,Physical Therapist
PT,25197,BETH RENEE REED,M.P.T,562-945-1587,,1598853335,15141 WHITTIER BLVD,WHITTIER,CA,90603,FULLERTON,ORANGE,92833,high,license_number,10-31-2027,Physical Therapist
PT,41639,BETHANY STRADER,DPT,714-325-1453,,1619485752,1234 S SILVER STAR WAY,ANAHEIM,CA,92808,ANAHEIM,ORANGE,92808,high,license_number,08-31-2028,Physical Therapist
PT,41812,BEVERLY ANN WEITHMAN-POSEY,"PT, DPT",844-316-7979,,1982009536,23161 LAKE CENTER DR STE 120,LAKE FOREST,CA,92630,IRVINE,ORANGE,92603,high,license_number,11-30-2027,Physical Therapist
PT,27138,BEY-YING CHERN ASADA,PT,855-881-0752,,1407063027,6670 ALTON PKWY,IRVINE,CA,92618,IRVINE,ORANGE,92620,high,license_number,12-31-2027,Physical Therapist
PT,40584,BHERUL PATEL,,248-812-7191,,1144641440,3060 MADISON AVE,FULLERTON,CA,92831,ANAHEIM,ORANGE,92808,high,license_number,06-30-2027,Physical Therapist
PT,296936,BONG SU JANG,DPT,949-245-6581,,1255961850,415 E AVENIDA PICO STE M,SAN CLEMENTE,CA,92672,LAGUNA HILLS,ORANGE,92653,high,license_number,05-31-2027,Physical Therapist
PT,307145,BORNA KHAVARI,,714-580-5913,,1225853443,9022 CHRISTINE DR,HUNTINGTON BEACH,CA,92646,SANTA ANA,ORANGE,92707,high,license_number,06-30-2028,Physical Therapist
PT,295383,BRAD THOMAS,,310-548-0104,,1164903340,28924 S WESTERN AVE STE 101,RANCHO PALOS VERDES,CA,90275,HUNTINGTON BEACH,ORANGE,92648,high,license_number,06-30-2028,Physical Therapist
PT,36191,BRADLEY SCOTT SHUMWAY,PT,805-748-4438,,1841536802,1424 AVENIDA DE VACA,PLACENTIA,CA,92870,PLACENTIA,ORANGE,92870,high,license_number,05-31-2027,Physical Therapist
PT,292533,BRANDEN OWEN,"PT, DPT",714-646-8319,,1629703178,774 S PLACENTIA AVE FL 1,PLACENTIA,CA,92870,BREA,ORANGE,92821,high,license_number,12-31-2027,Physical Therapist
PT,29111,BRANDI COEN,"PT, MPT",714-656-2371,,1881926350,1220 HEMLOCK WAY STE 202,SANTA ANA,CA,92707,ORANGE,ORANGE,92868,high,license_number,09-30-2027,Physical Therapist
PT,293955,BRANDON ALAN MCKINNEY,"DPT, PT",310-606-5664,,1497268668,880 APOLLO ST STE 160,EL SEGUNDO,CA,90245,ORANGE,ORANGE,92867,high,license_number,09-30-2027,Physical Therapist
PT,295167,BRANDON CIRBO,,949-499-9559,,1154800050,31852 COAST HWY STE 303,LAGUNA BEACH,CA,92651,LAGUNA BEACH,ORANGE,92651,high,license_number,03-31-2028,Physical Therapist
PT,303149,BRANDON FREY,DPT,949-722-5054,,1194434175,22 CORPORATE PLAZA DR STE 113,NEWPORT BEACH,CA,92660,IRVINE,ORANGE,92614,high,license_number,08-31-2028,Physical Therapist
PT,307303,BRANDON FUNAI,DPT,949-518-1220,,1407665078,26672 PORTOLA PKWY STE 116,FOOTHILL RANCH,CA,92610,HUNTINGTON BEACH,ORANGE,92647,medium,name_exact,02-29-2028,Physical Therapist
PT,306927,BRANDON HUBLEY,DPT,909-596-7733,,1992642664,255 E BONITA AVE,POMONA,CA,91767,ANAHEIM,ORANGE,92805,high,license_number,05-31-2028,Physical Therapist
PT,301239,BRANDON JAMES MULROONEY,PT DPT,209-745-5802,,1619628153,835 C ST STE 250,GALT,CA,95632,SAN CLEMENTE,ORANGE,92672,high,license_number,12-31-2026,Physical Therapist
PT,27134,BRANDON JON BUEHLER,"DPT, MPT",714-256-5074,,1104903855,1800 E LAMBERT RD,BREA,CA,92821,BREA,ORANGE,92821,high,license_number,02-29-2028,Physical Therapist
PT,299334,BRANDON JOSEPH RASLOWSKY,DPT,760-295-4175,,1437751492,1922 HACIENDA DR,VISTA,CA,92081,TRABUCO CANYON,ORANGE,92679,high,license_number,09-30-2026,Physical Therapist
PT,303202,BRANDON LUM,,714-530-6322,,1467238477,13075 BLACKBIRD ST,GARDEN GROVE,CA,92843,IRVINE,ORANGE,92604,high,license_number,07-31-2028,Physical Therapist
PT,27703,BRANDON M ARAKAKI,,714-848-8318,,1487744215,18377 BEACH BLVD,HUNTINGTON BEACH,CA,92648,HUNTINGTON BEACH,ORANGE,92646,high,license_number,08-31-2028,Physical Therapist
PT,303159,BRANDON PHILLIP GREEN,,562-865-2222,,1497464804,17906 PIONEER BLVD UNIT 101-102,ARTESIA,CA,90701,MISSION VIEJO,ORANGE,92692,high,license_number,06-30-2028,Physical Therapist
PT,295303,BRANDON VU PHAM,DPT,949-679-3988,,1134687627,1 PETERS CANYON RD STE 120,IRVINE,CA,92606,GARDEN GROVE,ORANGE,92843,high,license_number,07-31-2028,Physical Therapist
PT,308639,BREANN TOBIAS,"PT, DPT",714-862-2123,,1720965338,801 N TUSTIN AVE STE 407,SANTA ANA,CA,92705,SANTA ANA,ORANGE,92705,medium,name_exact,12-31-2026,Physical Therapist
PT,294366,BREANNA ARIELLE STUHLMULLER,DPT,310-273-0877,,1114410370,415 N CRESCENT DR STE 130,BEVERLY HILLS,CA,90210,WESTMINSTER,ORANGE,92683,high,license_number,07-31-2027,Physical Therapist
PT,16922,BRENDA CARRUTH,RPT,562-933-4011,,1396367611,2801 ATLANTIC AVE,LONG BEACH,CA,90806,LA PALMA,ORANGE,90623,high,license_number,06-30-2028,Physical Therapist
PT,305856,BRENDAN TURPIN,DPT,949-590-9350,,1427818525,16470 BOLSA CHICA ST,HUNTINGTON BEACH,CA,92649,ORANGE,ORANGE,92867,medium,name_exact,09-30-2027,Physical Therapist
PT,294986,BRENT A TALLEY,DPT,714-633-7227,,1528553864,871 S TUSTIN ST,ORANGE,CA,92866,ORANGE,ORANGE,92866,high,license_number,09-30-2027,Physical Therapist
PT,37499,BRENTON JOHN COWLES,"PT, DPT",747-747-4725,,1720505910,6622 VISTA LOMA,YORBA LINDA,CA,92886,ANAHEIM,ORANGE,92807,high,license_number,02-29-2028,Physical Therapist
PT,24608,BRET SNYDER FAIRBANKS,PT,949-679-3988,,1710900717,2 PETERS CANYON RD STE 100,IRVINE,CA,92606,SANTA ANA,ORANGE,92705,high,license_number,05-31-2027,Physical Therapist
PT,14722,BRETT STEVEN EIRICH,PT,714-505-2966,,1548271679,18102 IRVINE BLVD,TUSTIN,CA,92780,SANTA ANA,ORANGE,92705,high,license_number,09-30-2027,Physical Therapist
PT,297837,BRIAN ANTHONY MARTINEZ,DPT,714-643-9012,,1063050748,12665 GARDEN GROVE BLVD STE 603,GARDEN GROVE,CA,92843,PLACENTIA,ORANGE,92870,high,license_number,03-31-2027,Physical Therapist
PT,294248,BRIAN BELTRAN,"PT, DPT",951-340-3402,,1447758552,886 MAGNOLIA AVE STE 100,CORONA,CA,92879,ANAHEIM,ORANGE,92805,high,license_number,10-31-2027,Physical Therapist
PT,36544,BRIAN BYOUNGSOO KIM,MPT,714-488-6773,,1699022111,1962 ROANOKE AVE,TUSTIN,CA,92780,LAKE FOREST,ORANGE,92630,high,license_number,01-31-2028,Physical Therapist
PT,28588,BRIAN EDWARD JONES,P.T.,714-699-6915,,1770815995,16784 ALGONQUIN ST,HUNTINGTON BEACH,CA,92649,HUNTINGTON BEACH,ORANGE,92647,high,license_number,07-31-2027,Physical Therapist
PT,36811,BRIAN GREGORY BOONE,D.P.T.,949-716-3930,,1023320744,27401 LOS ALTOS,MISSION VIEJO,CA,92691,HUNTINGTON BEACH,ORANGE,92646,high,license_number,04-30-2028,Physical Therapist
PT,301770,BRIAN HAE SEUNG CHANG,"PT, DPT",714-538-0025,,1376299776,239 E KATELLA AVE,ORANGE,CA,92867,FULLERTON,ORANGE,92832,high,license_number,10-31-2027,Physical Therapist
PT,19450,BRIAN IBENTHAL,P.T.,949-653-7878,,1457370553,4870 BARRANCA PKWY,IRVINE,CA,92604,TRABUCO CANYON,ORANGE,92679,high,license_number,03-31-2027,Physical Therapist
PT,34376,BRIAN MCCONNELL,DPT,949-861-8600,,1821267626,17332 VON KARMAN AVE,IRVINE,CA,92614,HUNTINGTON BEACH,ORANGE,92649,high,license_number,12-31-2027,Physical Therapist
PT,43280,BRIAN MICHAEL GUNZELMAN,"PT, DPT",760-525-3107,,1023473717,606 N CORNELL AVE,FULLERTON,CA,92831,FULLERTON,ORANGE,92831,high,license_number,04-30-2027,Physical Therapist
PT,300572,BRIAN NGUYEN,DPT,866-839-6979,,1376435743,16185 LOS GATOS BLVD STE 205,LOS GATOS,CA,95032,IRVINE,ORANGE,92602,high,license_number,07-31-2027,Physical Therapist
PT,35266,BRIAN ROSENBAUM,,949-587-9000,,1760925994,24962 CALLE ARAGON,LAGUNA WOODS,CA,92637,ALISO VIEJO,ORANGE,92656,high,license_number,05-31-2028,Physical Therapist
PT,13998,BRIAN WILLIAM WONG,PT,714-544-2188,,1255534418,2492 WALNUT AVE STE 140,TUSTIN,CA,92780,IRVINE,ORANGE,92620,high,license_number,01-31-2027,Physical Therapist
PT,34084,BRIANA HALLGREN,P.T.,714-668-1600,,1629257340,2777 BRISTOL ST,COSTA MESA,CA,92626,COSTA MESA,ORANGE,92626,high,license_number,11-30-2026,Physical Therapist
PT,26578,BRIANA MARIE MOSIER,DPT,626-918-6655,,1376561928,1050 LAKES DR,WEST COVINA,CA,91790,YORBA LINDA,ORANGE,92887,high,license_number,11-30-2027,Physical Therapist
PT,295123,BRIANNA BACICH,DPT,949-340-6927,,1275187643,24422 AVENIDA DE LA CARLOTA STE 190,LAGUNA HILLS,CA,92653,HUNTINGTON BEACH,ORANGE,92649,medium,name_exact,12-31-2027,Physical Therapist
PT,292392,BRIANNA DOREEN FOREMAN,"PT, DPT",949-675-2922,,1063951788,2711 E COAST HWY,CORONA DEL MAR,CA,92625,IRVINE,ORANGE,92602,high,license_number,11-30-2026,Physical Therapist
PT,292797,BRIANNA LUCKETT,"P.T., D.P.T",949-333-6400,,1255872792,980 ROOSEVELT STE 100,IRVINE,CA,92620,LADERA RANCH,ORANGE,92694,high,license_number,02-28-2027,Physical Therapist
PT,43155,BRITA MONTY,"PT, DPT",949-465-9500,,1275904666,25971 PALA STE 110,MISSION VIEJO,CA,92691,LADERA RANCH,ORANGE,92694,high,license_number,06-30-2027,Physical Therapist
PT,298687,BRITTANY KAZANE,DPT,562-799-4494,,1528672300,3662 KATELLA AVE STE 105,LOS ALAMITOS,CA,90720,NEWPORT BEACH,ORANGE,92660,high,license_number,02-29-2028,Physical Therapist
PT,294738,BRITTANY NICOLE DEYHLE,"PT, DPT",949-766-8535,,1730697806,22521 AVENIDA EMPRESA STE 116,RANCHO SANTA MARGARITA,CA,92688,LAGUNA HILLS,ORANGE,92653,medium,name_exact,06-30-2027,Physical Therapist
PT,36874,BROOKE RENEE WINDER,P.T.,657-221-5401,,1881907657,5744 E CREEKSIDE AVE UNIT 41,ORANGE,CA,92869,ORANGE,ORANGE,92869,high,license_number,10-31-2027,Physical Therapist
PT,32587,BROOKE SOMERS BARTON,DPT,949-936-5890,,1417199753,5050 BARRANCA PKWY,IRVINE,CA,92604,ORANGE,ORANGE,92867,high,license_number,05-31-2027,Physical Therapist
PT,37311,BROOKE VARON BURKI,"DPT, OCS",949-707-5555,,1669774857,22995 MILL CREEK DR STE A,LAGUNA HILLS,CA,92653,TUSTIN,ORANGE,92780,high,license_number,05-31-2028,Physical Therapist
PT,17377,BRYAN CHARLES BALLARD,PT,562-657-2452,,1851515126,9353 IMPERIAL HWY,DOWNEY,CA,90242,HUNTINGTON BEACH,ORANGE,92646,high,license_number,11-30-2026,Physical Therapist
PT,41056,BRYAN JAMES LUITHLY,"PT, DPT, OCS, CSCS",949-981-2687,,1982009734,430 ENCLAVE CIR APT 303,COSTA MESA,CA,92626,SAN JUAN CAPISTRANO,ORANGE,92675,high,license_number,03-31-2028,Physical Therapist
PT,13491,BRYAN KEITH HOPPE,PT,714-779-6969,,1215977103,4622 E LA PALMA AVE,ANAHEIM,CA,92807,SANTA ANA,ORANGE,92705,high,license_number,01-31-2028,Physical Therapist
PT,40008,BRYAN L RILEA,DPT,559-909-2468,,1164774790,19361 AVENUE 300,EXETER,CA,93221,ORANGE,ORANGE,92868,medium,name_exact,05-31-2028,Physical Therapist
PT,297989,BRYAN NGUYEN,DPT,949-707-5555,,1720617186,22995 MILL CREEK DR STE A,LAGUNA HILLS,CA,92653,ORANGE,ORANGE,92867,high,license_number,05-31-2027,Physical Therapist
PT,33675,BRYAN ROBERT STEWART,DPT,714-255-8878,,1710194931,471 W LAMBERT RD,BREA,CA,92821,ORANGE,ORANGE,92866,high,license_number,06-30-2028,Physical Therapist
PT,300236,BRYAN RUPKE,,714-966-2950,,1447925474,2755 BRISTOL ST STE 130,COSTA MESA,CA,92626,CAPISTRANO BEACH,ORANGE,92624,high,license_number,02-28-2027,Physical Therapist
PT,294461,BRYCE MITCHELL WAWRZYNIAK,,818-375-4023,,1205349636,8250 WOODMAN AVE BLDG 2,PANORAMA CITY,CA,91402,HUNTINGTON BEACH,ORANGE,92646,medium,name_exact,09-30-2027,Physical Therapist
PT,298356,BYEONGJU CHO,PT,909-883-5069,,1023638897,1181 E HIGHLAND AVE STE B,SAN BERNARDINO,CA,92404,PLACENTIA,ORANGE,92870,high,license_number,01-31-2028,Physical Therapist
PT,306824,BYRON SAMAYOA,DPT,949-276-5401,,1235962630,30100 TOWN CENTER DR STE YZ,LAGUNA NIGUEL,CA,92677,COSTA MESA,ORANGE,92627,medium,name_exact,08-31-2028,Physical Therapist
PT,295932,CAITLIN MARIA WANDS,,855-901-7742,,1649753625,1301 W PROVIDENCE AVE,ORANGE,CA,92868,COTO DE CAZA,ORANGE,92679,medium,name_exact,07-31-2028,Physical Therapist
PT,300459,CALLAN MADDEN,"PT, DPT",949-271-0053,,1508439209,3300 IRVINE AVE STE 130,NEWPORT BEACH,CA,92660,ANAHEIM,ORANGE,92801,high,license_number,10-31-2026,Physical Therapist
PT,295745,CALVIN CHOW,"PT, DPT",949-372-3489,cchow1136265@oc.providencedirect.org,1366901829,600 NEWPORT CENTER DR STE 150,NEWPORT BEACH,CA,92660,LAKE FOREST,ORANGE,92630,high,license_number,09-30-2028,Physical Therapist
PT,37989,CALVIN LEE LEFEBVRE,mpt,949-244-4675,,1851688071,25231 PASEO DE ALICIA,LAGUNA HILLS,CA,92653,LAGUNA HILLS,ORANGE,92653,high,license_number,04-30-2027,Physical Therapist
PT,294480,CALYN CARLTON,DPT,626-967-7833,,1033612536,210 W COLLEGE ST,COVINA,CA,91723,SAN CLEMENTE,ORANGE,92673,high,license_number,12-31-2027,Physical Therapist
PT,18275,CAMELA OGRON,P.T.,949-609-7844,,1073707758,24552 PASEO DE VALENCIA,LAGUNA HILLS,CA,92653,RANCHO SANTA MARGARI,ORANGE,92688,high,license_number,06-30-2027,Physical Therapist
PT,26570,CAMERON ANN SCAGLIOTTI,MPT,949-459-1813,,1073835864,30412 ESPERANZA,RANCHO SANTA MARGARITA,CA,92688,COSTA MESA,ORANGE,92627,high,license_number,09-30-2027,Physical Therapist
PT,304632,CAMERON CRAVER,"PT, DPT",949-250-1112,,1174201099,2777 BRISTOL ST STE B,COSTA MESA,CA,92626,COSTA MESA,ORANGE,92627,high,license_number,05-31-2027,Physical Therapist
PT,42073,CAMERON MICHAEL RAU,DPT,562-384-4525,,1356749535,2820 N BELLFLOWER BLVD,LONG BEACH,CA,90815,SEAL BEACH,ORANGE,90740,high,license_number,09-30-2028,Physical Therapist
PT,299445,CAMERON TROPPLE,"PT, DPT, CSCS",714-557-9292,,1659974442,201 SANDPOINTE AVE STE 130,SANTA ANA,CA,92707,ORANGE,ORANGE,92869,high,license_number,08-31-2028,Physical Therapist
PT,301105,CAMERY CANO,DPT,949-276-5401,,1609538859,30100 TOWN CENTER DR STE YZ,LAGUNA NIGUEL,CA,92677,LADERA RANCH,ORANGE,92694,high,license_number,04-30-2027,Physical Therapist
PT,291110,CAMILLA NILI COREY,D.P.T.,714-612-8211,,1275077448,18881 VON KARMAN AVE,IRVINE,CA,92612,LAGUNA NIGUEL,ORANGE,92677,high,license_number,07-31-2027,Physical Therapist
PT,308478,CAMRYN ELISE EARLEY,"PT, DPT",858-452-0282,,1457238099,5190 GOVERNOR DR STE 107,SAN DIEGO,CA,92122,ALISO VIEJO,ORANGE,92656,high,license_number,11-30-2026,Physical Therapist
PT,41097,CANDACE ANDERSON,,714-772-3211,,1386060341,1176 N EUCLID ST,ANAHEIM,CA,92801,ANAHEIM,ORANGE,92807,high,license_number,06-30-2027,Physical Therapist
PT,40020,CANDACE MARIE LOVE,P.T.,949-788-9236,,1699017517,16269 LAGUNA CANYON RD,IRVINE,CA,92618,DANA POINT,ORANGE,92629,high,license_number,03-31-2027,Physical Therapist
PT,12791,CANDISE ZBIERANEK,PT,949-644-2022,,1902950967,369 SAN MIGUEL DR,NEWPORT BEACH,CA,92660,SAN CLEMENTE,ORANGE,92673,high,license_number,08-31-2027,Physical Therapist
PT,295549,CAREY LAURENT,,714-870-8478,,1144716481,1027 N HARBOR BLVD STE B,FULLERTON,CA,92832,LA MIRADA,ORANGE,90638,medium,name_exact,07-31-2028,Physical Therapist
PT,43124,CARITIA OROZCO,,800-823-4040,,1083990303,9353 IMPERIAL HWY,DOWNEY,CA,90242,YORBA LINDA,ORANGE,92887,high,license_number,10-31-2026,Physical Therapist
PT,18524,CARLO BELL,,949-736-6100,,1396326369,4041 MACARTHUR BLVD STE 400,NEWPORT BEACH,CA,92660,COSTA MESA,ORANGE,92626,medium,name_exact,12-31-2027,Physical Therapist
PT,11297,CARLOS ALFREDO LAVAYEN,DPT ECS,949-367-1088,,1003979493,26691 PLAZA DRIVE STE 205,MISSION VIEJO,CA,92691,MISSION VIEJO,ORANGE,92691,high,license_number,10-31-2027,Physical Therapist
PT,32078,CARLOS PENA PINEDA,DPT,562-303-6366,,1194827063,3300 E SOUTH ST,LAKEWOOD,CA,90805,BREA,ORANGE,92821,high,license_number,01-31-2027,Physical Therapist
PT,26366,CARMELA BORROMEO,PT,949-999-3631,,1528265402,1401 N TUSTIN AVE,SANTA ANA,CA,92705,ORANGE,ORANGE,92865,high,license_number,05-31-2027,Physical Therapist
PT,308224,CAROL KHANKAR,,714-872-7950,,1124867379,1529 W CULVER AVE APT 18,ORANGE,CA,92868,ORANGE,ORANGE,92868,medium,name_exact,12-31-2026,Physical Therapist
PT,7272,CAROL TOMIYE HANAKI,LPT,562-682-2571,,1598977043,921 S BEACON ST,SAN PEDRO,CA,90731,LOS ALAMITOS,ORANGE,90720,high,license_number,02-28-2027,Physical Therapist
PT,36020,CAROLINA TUAZON PASTORAL,,646-552-1883,,1497289615,361 N BELLAROSE WAY,ANAHEIM,CA,92805,ORANGE,ORANGE,92865,high,license_number,09-30-2027,Physical Therapist
PT,296320,CAROLINE A TEETS,,949-250-1112,,1023577491,2777 BRISTOL ST STE B,COSTA MESA,CA,92626,COSTA MESA,ORANGE,92627,high,license_number,08-31-2028,Physical Therapist
PT,25054,CAROLINE BOYD,P.T.,714-979-3500,,1821190513,1190 BAKER ST,COSTA MESA,CA,92626,RANCHO SANTA MARGARI,ORANGE,92688,high,license_number,08-31-2027,Physical Therapist
PT,27603,CAROLINE RENEE WILSON,DPT,714-633-7227,,1558541599,871 S TUSTIN ST,ORANGE,CA,92866,TRABUCO CANYON,ORANGE,92679,high,license_number,10-31-2027,Physical Therapist
PT,301103,CAROLYN CHU PHAN,"PT, DPT",866-303-9355,carolynp@ocwellness.net,1023770146,14120 BEACH BLVD STE 225,WESTMINSTER,CA,92683,GARDEN GROVE,ORANGE,92840,high,license_number,11-30-2026,Physical Therapist
PT,14945,CAROLYN LOUISE THORSON,P.T.,949-216-9300,,1942494422,18 SUNNYDALE LN,RANCHO SANTA MARGARITA,CA,92688,RCHO SNTA MARG,ORANGE,92688,high,license_number,02-29-2028,Physical Therapist
PT,36274,CAROLYN WENKAY-KWOK KETTUNEN,DPT,949-364-1400,,1679846174,27700 MEDICAL CENTER RD,MISSION VIEJO,CA,92691,IRVINE,ORANGE,92618,high,license_number,05-31-2027,Physical Therapist
PT,37671,CARY COSTA,D.P.T.,949-716-5050,,1952690901,22821 LAKE FOREST DR,LAKE FOREST,CA,92630,MISSION VIEJO,ORANGE,92691,high,license_number,09-30-2026,Physical Therapist
PT,13527,CARYN ITO,"MS, PT",714-962-6760,,1063717072,18700 BEACH BLVD,HUNTINGTON BEACH,CA,92648,ORANGE,ORANGE,92867,high,license_number,06-30-2028,Physical Therapist
PT,299747,CASEY DANIEL WEISS,DPT,562-693-5449,,1467041657,12411 SLAUSON AVE,WHITTIER,CA,90606,IRVINE,ORANGE,92620,high,license_number,07-31-2028,Physical Therapist
PT,306478,CASSIDY JANE PHAM,"PT, DPT",714-640-9491,,1962232629,10538 MISSION GORGE RD STE 120,SANTEE,CA,92071,SANTA ANA,ORANGE,92706,high,license_number,10-31-2027,Physical Therapist
PT,38455,CATHERINE AMISSON,MSPT,408-248-6886,,1043587074,2145 THE ALAMEDA,SAN JOSE,CA,95126,RANCHO MISSION VIEJO,ORANGE,92694,high,license_number,06-30-2027,Physical Therapist
PT,13020,CATHERINE CARREIRO,"PT, ATC",714-278-2860,,1003960337,800 N. STATE COLLEGE BLVD,FULLERTON,CA,92834,MISSION VIEJO,ORANGE,92692,high,license_number,06-30-2027,Physical Therapist
PT,308453,CATHERINE CHAO,,951-454-3848,,1407732530,1251 POMONA RD STE 108,CORONA,CA,92882,ANAHEIM,ORANGE,92808,high,license_number,03-31-2027,Physical Therapist
PT,29172,CATHERINE FONG SABATER,R.P.T.,949-727-2192,,1639352073,16 TECHNOLOGY DR STE 116,IRVINE,CA,92618,BUENA PARK,ORANGE,90620,high,license_number,10-31-2027,Physical Therapist
PT,33458,CATHY RYU,"PT, DPT",714-447-7400,,1013129949,1401 W VALENCIA DR,FULLERTON,CA,92833,ORANGE,ORANGE,92869,high,license_number,07-31-2028,Physical Therapist
PT,6348,CAYLEY JANE MACDONALD,MA/RPT,949-788-9236,,1548577760,16269 LAGUNA CANYON RD,IRVINE,CA,92618,IRVINE,ORANGE,92603,high,license_number,10-31-2028,Physical Therapist
PT,41145,CECILE INES ROBERTS-DALLI,P.T.,909-210-1106,,1447679915,24396 VERENA CT,MISSION VIEJO,CA,92691,MISSION VIEJO,ORANGE,92691,high,license_number,06-30-2027,Physical Therapist
PT,26126,CECILE MAE SAM,PT,714-461-1968,,1073127098,2932 CLOVER CT,FULLERTON,CA,92835,FULLERTON,ORANGE,92835,high,license_number,03-31-2027,Physical Therapist
PT,29113,CECILIA IGNACIO ARCIAGA,PT,949-387-3069,,1093963829,65 STRATUS LN,TUSTIN,CA,92782,TUSTIN,ORANGE,92782,high,license_number,01-31-2028,Physical Therapist
PT,29753,CELESTE ANNE MORLEY-BLANCHER,MPT,951-672-0455,,1205926961,29650 BRADLEY RD,SUN CITY,CA,92586,GARDEN GROVE,ORANGE,92844,high,license_number,08-31-2028,Physical Therapist
PT,27012,CELESTE BITONG,RPT,714-776-1720,,1639567639,1720 W ORANGE AVE,ANAHEIM,CA,92804,FULLERTON,ORANGE,92831,high,license_number,07-31-2027,Physical Therapist
PT,307425,CESAR VILLALPANDO,,951-870-1072,,1205643731,1557 JADESTONE LN,CORONA,CA,92882,COSTA MESA,ORANGE,92627,medium,name_exact,01-31-2028,Physical Therapist
PT,32495,CHAD J NICHOLSON,PT,714-748-6146,,1013127133,4201 W CHAPMAN AVE,ORANGE,CA,92868,YORBA LINDA,ORANGE,92887,high,license_number,10-31-2027,Physical Therapist
PT,22363,CHAD JARRETT,PT,949-722-8811,,1528044302,2651 IRVINE AVE,COSTA MESA,CA,92627,SANTA ANA,ORANGE,92705,high,license_number,05-31-2028,Physical Therapist
PT,37604,CHAD MICHAEL JULIAN,DPT,619-756-4619,,1093344392,3335 W COAST HWY,NEWPORT BEACH,CA,92663,NEWPORT BEACH,ORANGE,92663,high,license_number,04-30-2028,Physical Therapist
PT,38002,CHAD STEPHEN BEAUCHAMP,PT,714-377-4314,,1639459480,7146 EDINGER AVE,HUNTINGTON BEACH,CA,92647,HUNTINGTON BEACH,ORANGE,92647,high,license_number,10-31-2028,Physical Therapist
PT,292350,CHAD VAN RAMSHORST,DPT,714-803-1784,,1023569712,6501 LOISDALE CT,SPRINGFIELD,VA,22150,MISSION VIEJO,ORANGE,92691,medium,name_exact,07-31-2028,Physical Therapist
PT,32067,CHANDLER ELIZABETH BRANNAM,"PT, DPT",319-505-3557,,1609345008,3020 CHILDRENS WAY # MC5068,SAN DIEGO,CA,92123,IRVINE,ORANGE,92604,high,license_number,02-28-2027,Physical Therapist
PT,34748,CHANELLE L. FASBENDER-LOPEZ,D.P.T.,818-880-4758,,1144486069,4505 LAS VIRGENES RD,CALABASAS,CA,91302,RANCHO MISSION VIEJO,ORANGE,92694,high,license_number,05-31-2028,Physical Therapist
PT,310559,CHANG JUNG LEE,,949-679-3337,,1992620629,4482 BARRANCA PKWY STE 195,IRVINE,CA,92604,ORANGE,ORANGE,92869,medium,name_exact,01-31-2028,Physical Therapist
PT,306466,CHANTAL Y LOPEZ,DPT,714-827-3000,,1568326148,3033 W ORANGE AVE,ANAHEIM,CA,92804,FULLERTON,ORANGE,92832,high,license_number,09-30-2027,Physical Therapist
PT,306519,CHARANKANWALJIT BATH,"PT, DPT",562-427-2225,,1427883917,3292 E WILLOW ST,SIGNAL HILL,CA,90755,ANAHEIM,ORANGE,92804,high,license_number,11-30-2027,Physical Therapist
PT,306449,CHARLENE-MEI CHAN ROBLES,,650-853-3355,,1487485389,795 EL CAMINO REAL,PALO ALTO,CA,94301,ANAHEIM,ORANGE,92801,high,license_number,09-30-2027,Physical Therapist
PT,24597,CHARLES BAGWELL,D.P.T.,714-693-0460,,1710903893,19768 YORBA LINDA BLVD,YORBA LINDA,CA,92886,YORBA LINDA,ORANGE,92886,high,license_number,02-28-2027,Physical Therapist
PT,35437,CHARLES CUMMINGS,,714-334-6954,,1811202401,411 LINCOLN AVE,GLENDALE,CA,91205,FULLERTON,ORANGE,92835,high,license_number,07-31-2028,Physical Therapist
PT,305099,CHARLES DARYN DANAN,,714-835-6638,,1790552701,1910 OLD TUSTIN AVE,SANTA ANA,CA,92705,BREA,ORANGE,92822,high,license_number,11-30-2027,Physical Therapist
PT,16850,CHARLES JOSEPH FEHRENBACH,"P.T., A.T., C.",949-837-9074,,1538154273,26034 ACERO BLDG K,MISSION VIEJO,CA,92691,RANCHO SANTA MARG.,ORANGE,92688,high,license_number,06-30-2028,Physical Therapist
PT,24193,CHARLES ROQUE,P.T.,323-980-9825,,1164746871,5211 E WASHINGTON BLVD,COMMERCE,CA,90040,COSTA MESA,ORANGE,92626,high,license_number,08-31-2028,Physical Therapist
PT,293713,CHARLES YEE WANG,"PT, DPT",949-265-2442,,1649620857,250 E YALE LOOP STE 201,IRVINE,CA,92604,IRVINE,ORANGE,92618,high,license_number,11-30-2026,Physical Therapist
PT,25387,CHARLIE THANG TRUONG,"RPT, ATC",714-891-5453,,1508828799,14571 MAGNOLIA ST,WESTMINSTER,CA,92683,TUSTIN,ORANGE,92782,high,license_number,11-30-2027,Physical Therapist
PT,9061,CHARLOTTE FEICHTMANN,"PT,PCS",714-962-6760,,1295891265,18700 BEACH BLVD,HUNTINGTON BEACH,CA,92648,FOUNTAIN VALLEY,ORANGE,92708,high,license_number,07-31-2028,Physical Therapist
PT,20803,CHARRO SCOTT,"PT, DPT",714-392-3631,,1568862993,4301 CANDLEBERRY AVE,SEAL BEACH,CA,90740,SEAL BEACH,ORANGE,90740,high,license_number,10-31-2026,Physical Therapist
PT,293736,CHASE EVERWINE,"PT, DPT",714-538-0025,,1164931341,239 E KATELLA AVE,ORANGE,CA,92867,COSTA MESA,ORANGE,92627,high,license_number,07-31-2027,Physical Therapist
PT,292311,CHASE RUIZ,,818-538-5880,,1922693944,31248 OAK CREST DR STE 120,WESTLAKE VILLAGE,CA,91361,ORANGE,ORANGE,92869,high,license_number,08-31-2028,Physical Therapist
PT,20543,CHERIE BROWN,M.S.P.T.,714-771-5276,,1033313929,7732 E SANTIAGO CANYON RD,ORANGE,CA,92869,SANTA ANA,ORANGE,92705,high,license_number,10-31-2026,Physical Therapist
PT,43099,CHERRY ANN PADUA,P.T.,714-343-5772,,1447621412,2540 COUNTRY HILLS RD,BREA,CA,92821,BREA,ORANGE,92821,high,license_number,06-30-2027,Physical Therapist
PT,295437,CHERYL ANNE NALEVKA,MPT,949-851-8121,,1093105041,20321 SW ACACIA ST STE 150,NEWPORT BEACH,CA,92660,ALISO VIEJO,ORANGE,92656,high,license_number,11-30-2027,Physical Therapist
PT,299601,CHERYL ASHLIN MOORE,DPT,949-276-5401,,1740870930,30100 TOWN CNTER DRIVE,LAGUNA NIGUEL,CA,92677,SAN JUAN CAPISTRANO,ORANGE,92675,high,license_number,01-31-2028,Physical Therapist
PT,36799,CHEUK MAN AUYEUNG,,619-532-5230,,1427350255,34800 BOB WILSON DR,SAN DIEGO,CA,92134,FULLERTON,ORANGE,92833,high,license_number,04-30-2028,Physical Therapist
PT,35179,CHI TRAN,PT,714-256-5074,,1861638934,1800 E LAMBERT RD,BREA,CA,92821,LAKE FOREST,ORANGE,92630,high,license_number,04-30-2028,Physical Therapist
PT,25542,CHIA GEORGE HUANG,,714-891-2739,,1669055752,14221 EUCLID ST STE F,GARDEN GROVE,CA,92843,IRVINE,ORANGE,92602,high,license_number,11-30-2027,Physical Therapist
PT,296937,CHLOE C SANDOVAL,PT,760-345-3087,,1922657238,77622 COUNTRY CLUB DR STE G,PALM DESERT,CA,92211,ORANGE,ORANGE,92868,high,license_number,08-31-2027,Physical Therapist
PT,305141,CHLOE ROSE REMMERT,"PT, DPT",949-276-5401,,1184492217,30100 TOWN CENTER DR STE YZ,LAGUNA NIGUEL,CA,92677,LAGUNA HILLS,ORANGE,92653,high,license_number,06-30-2027,Physical Therapist
PT,42123,CHO HEE IM,,323-939-0840,,1669860078,903 CRENSHAW BLVD STE 301,LOS ANGELES,CA,90019,ANAHEIM,ORANGE,92801,high,license_number,09-30-2028,Physical Therapist
PT,299118,CHOL HEE CHAE,,213-300-9696,,1831796630,1921 S UNION ST UNIT 3022,ANAHEIM,CA,92805,BUENA PARK,ORANGE,90620,high,license_number,03-31-2028,Physical Therapist
PT,32294,CHONA PABUAYA,PT,714-414-2517,,1568619534,1154 N DRESDEN ST,ANAHEIM,CA,92801,PLACENTIA,ORANGE,92870,high,license_number,02-28-2027,Physical Therapist
PT,299449,CHRIS DUY VU,DPT,714-468-4931,,1932703527,10549 MORNING GLORY CIR,FOUNTAIN VALLEY,CA,92708,FOUNTAIN VALLEY,ORANGE,92708,high,license_number,03-31-2028,Physical Therapist
PT,40786,CHRIS EDWARD MEDINA,,949-285-9665,,1518392083,23622 BRADBURY,MISSION VIEJO,CA,92692,RANCHO MISSION VIEJO,ORANGE,92694,medium,name_initial_zip,12-31-2027,Physical Therapist
PT,294788,CHRIS SCOTT,"PT, DPT",213-247-1214,,1366935892,4295 VIA ARBOLADA #103,LOS ANGELES,CA,90042,COSTA MESA,ORANGE,92627,high,license_number,08-31-2027,Physical Therapist
PT,20235,CHRISSIE MORGAN,P.T.,949-366-3362,,1760490056,1031 AVENIDA PICO STE 201,SAN CLEMENTE,CA,92673,SAN CLEMENTE,ORANGE,92673,high,license_number,10-31-2027,Physical Therapist
PT,308428,CHRIST ARMENTA,DPT,949-590-9350,,1780557512,111 FASHION LN STE 210,TUSTIN,CA,92780,ANAHEIM,ORANGE,92807,high,license_number,01-31-2027,Physical Therapist
PT,29198,CHRISTIAN LAMA MEDINA,RPT,909-861-8211,,1104913789,832 N DIAMOND BAR BLVD,DIAMOND BAR,CA,91765,LA HABRA,ORANGE,90631,high,license_number,04-30-2027,Physical Therapist
PT,29077,CHRISTIAN MARK CHIPOURAS,"DPT,MS",323-806-9096,,1548345960,2012 PHALAROPE CT,COSTA MESA,CA,92626,COSTA MESA,ORANGE,92626,high,license_number,09-30-2027,Physical Therapist
PT,295622,CHRISTIAN NOEL ASINERO,DPT,949-722-8811,,1619452463,2651 IRVINE AVE STE 128,COSTA MESA,CA,92627,ANAHEIM,ORANGE,92801,high,license_number,02-29-2028,Physical Therapist
PT,25612,CHRISTIE ANN TORTI,P.T.,562-595-4489,,1962404988,2888 LONG BEACH BLVD,LONG BEACH,CA,90806,RANCHOSANTAMARGARITA,ORANGE,92688,high,license_number,07-31-2028,Physical Therapist
PT,301688,CHRISTINA ALEXIS FLORES-NAVARRO,,562-433-4331,,1285389924,4028 E BROADWAY,LONG BEACH,CA,90803,GARDEN GROVE,ORANGE,92843,high,license_number,10-31-2027,Physical Therapist
PT,301340,CHRISTINA KWAK,DPT,213-674-7699,,1124787544,505 S VIRGIL AVE STE 204A,LOS ANGELES,CA,90020,GARDEN GROVE,ORANGE,92844,high,license_number,09-30-2027,Physical Therapist
PT,39914,CHRISTINA L. MCCAULEY,DPT,714-639-4990,,1720329659,1301 W PROVIDENCE AVE,ORANGE,CA,92868,GARDEN GROVE,ORANGE,92845,high,license_number,07-31-2028,Physical Therapist
PT,18461,CHRISTINA LYNN LEE,"MSPT, OCS",714-835-6638,,1790875235,1910 OLD TUSTIN AVE,SANTA ANA,CA,92705,IRVINE,ORANGE,92604,high,license_number,11-30-2027,Physical Therapist
PT,29685,CHRISTINA MARIE BANUELOS,DPT,719-596-0880,,1548773500,6160 TUTT BLVD STE 240,COLORADO SPRINGS,CO,80923,BUENA PARK,ORANGE,90620,high,license_number,02-29-2028,Physical Therapist
PT,298349,CHRISTINA MARIE DEL CARMEN,"PT, DPT",213-607-4400,Cdelcarmen@tesidea.com,1316569718,1111 W 6TH ST STE 111,LOS ANGELES,CA,90017,ANAHEIM,ORANGE,92806,high,license_number,11-30-2027,Physical Therapist
PT,309831,CHRISTINA MARIE WINN,PT,949-366-6785,,1235085101,901 CALLE AMANECER STE 320,SAN CLEMENTE,CA,92673,ALISO VIEJO,ORANGE,92656,high,license_number,10-31-2027,Physical Therapist
PT,41968,CHRISTINA MATHEW,,972-325-8239,,1932598059,225 W SPARKLEBERRY AVE,ORANGE,CA,92865,ORANGE,ORANGE,92865,high,license_number,09-30-2026,Physical Therapist
PT,293656,CHRISTINA NGUYEN,"PT, DPT",949-271-0012,,1194244491,24301 MUIRLANDS BLVD STE T,LAKE FOREST,CA,92630,PLACENTIA,ORANGE,92870,high,license_number,02-28-2027,Physical Therapist
PT,23209,CHRISTINA P GNESDA,MPT,714-292-5848,,1306066485,5705 BRYCE STREET,ORANGE,CA,92867,ORANGE,ORANGE,92867,high,license_number,02-29-2028,Physical Therapist
PT,308911,CHRISTINA PETERSON,,714-776-1231,,1619844131,1360 S ANAHEIM BLVD STE 150,ANAHEIM,CA,92805,PLACENTIA,ORANGE,92879,high,license_number,11-30-2026,Physical Therapist
PT,292234,CHRISTINA SANDO,DPT,714-557-9292,,1316499635,201 SANDPOINTE AVE STE 130,SANTA ANA,CA,92707,TUSTIN,ORANGE,92780,high,license_number,05-31-2028,Physical Therapist
PT,12904,CHRISTINA T VELOSOYAP,PT,714-399-1111,,1821382664,11021 BROOKHURST ST,GARDEN GROVE,CA,92840,CYPRESS,ORANGE,90630,high,license_number,12-31-2026,Physical Therapist
PT,303430,CHRISTINA TAMONDONG,"PT, DPT",714-773-0750,,1154010676,1770 W LA HABRA BLVD,LA HABRA,CA,90631,FULLERTON,ORANGE,92835,medium,name_exact,07-31-2028,Physical Therapist
PT,41774,CHRISTINA THOMPSON,DPT,843-766-2121,,1669838520,445 SAVANNAH HWY,CHARLESTON,SC,29407,YORBA LINDA,ORANGE,92886,high,license_number,08-31-2028,Physical Therapist
PT,41157,CHRISTINA VIRGINIA HOWARD,,858-752-9422,,1104244219,653 CAMINO DE LOS MARES,SAN CLEMENTE,CA,92673,LADERA RANCH,ORANGE,92694,high,license_number,08-31-2027,Physical Therapist
PT,38747,CHRISTINE ANN RUSSO,"DPT, PT",714-628-4080,,1649537168,1401 N HANDY ST,ORANGE,CA,92867,ORANGE,ORANGE,92865,high,license_number,07-31-2027,Physical Therapist
PT,16191,CHRISTINE CAROLYN POWELL,"P.T., M.Ed.",949-597-0007,,1518182930,23521 PASEO DE VALENCIA 210,LAGUNA HILLS,CA,92653,NEWPORT BEACH,ORANGE,92660,high,license_number,04-30-2027,Physical Therapist
PT,27744,CHRISTINE DRAGOO BARANICK,PT,714-724-2575,,1922081710,5122 CASA LOMA AVE,YORBA LINDA,CA,92886,YORBA LINDA,ORANGE,92886,high,license_number,09-30-2028,Physical Therapist
PT,38567,CHRISTINE GAZZARA,Physical Theraphy,760-729-5433,,1467724773,5050 AVENIDA ENCINAS,CARLSBAD,CA,92008,TUSTIN,ORANGE,92780,high,license_number,12-31-2027,Physical Therapist
PT,307893,CHRISTINE KESHIA CHANSAMONE,DPT,323-865-1200,,1164046272,1640 MARENGO ST,LOS ANGELES,CA,90033,ANAHEIM,ORANGE,92802,medium,name_exact,05-31-2028,Physical Therapist
PT,25329,CHRISTINE LYNN BYERS,"DPT, PCS",714-993-2093,,1144252404,710 GOLDEN AVE,PLACENTIA,CA,92870,BUENA PARK,ORANGE,90620,high,license_number,01-31-2028,Physical Therapist
PT,38418,CHRISTINE LYNNE KING,DPT,714-557-9292,,1174890297,201 SANDPOINTE AVE,SANTA ANA,CA,92707,HUNTINGTON BEACH,ORANGE,92646,high,license_number,10-31-2027,Physical Therapist
PT,14753,CHRISTINE M LOO,P.T.,714-313-3254,,1881815421,5120 WOODLAND AVE.,YORBA LINDA,CA,92887,YORBA LINDA,ORANGE,92887,high,license_number,06-30-2027,Physical Therapist
PT,309685,CHRISTINE MENDOZA,"PT, DPT",714-707-6466,,1568302180,1310 W STEWART DR STE 404,ORANGE,CA,92868,CERRITOS,ORANGE,90703,high,license_number,02-29-2028,Physical Therapist
PT,291160,CHRISTINE NGUYEN,D.P.T.,562-384-4525,,1093174799,2820 N BELLFLOWER BLVD,LONG BEACH,CA,90815,SANTA ANA,ORANGE,92707,high,license_number,09-30-2027,Physical Therapist
PT,27644,CHRISTINE NULUD BIEN,M.P.T.,714-479-4280,,1487604062,200 W SANTA ANA BLVD STE 100,SANTA ANA,CA,92701,BREA,ORANGE,92821,high,license_number,10-31-2027,Physical Therapist
PT,36992,CHRISTINE WEIDEMANN,DPT,714-964-3337,,1023328416,10900 WARNER AVENUE #111,FOUNTAIN VALLEY,CA,92708,MISSION VIEJO,ORANGE,92691,high,license_number,02-29-2028,Physical Therapist
PT,41352,CHRISTINE WRIGHT,"PT, DPT",714-309-4487,,1093233215,406 S. SCHUG ST,ORANGE,CA,92869,ORANGE,ORANGE,92869,medium,name_exact,02-29-2028,Physical Therapist
PT,29370,CHRISTINE ZOHLEN,"RDN, DPT",212-589-2700,,1801928163,425 CALIFORNIA ST STE 1400,SAN FRANCISCO,CA,94104,HUNTINGTON BEACH,ORANGE,92648,high,license_number,12-31-2027,Physical Therapist
PT,18480,CHRISTOPHER A LONG,PT,949-916-2601,,1467583880,26471 CROWN VALLEY PKWY,MISSION VIEJO,CA,92691,MISSION VIEJO,ORANGE,92691,high,license_number,06-30-2028,Physical Therapist
PT,304041,CHRISTOPHER ESPINO,DPT,949-250-1112,,1114617891,2777 BRISTOL ST STE B,COSTA MESA,CA,92626,COSTA MESA,ORANGE,92626,high,license_number,11-30-2026,Physical Therapist
PT,296147,CHRISTOPHER EUGENE CARTER,DPT,949-496-5786,,1972200152,35410 DEL REY,CAPISTRANO BEACH,CA,92624,IRVINE,ORANGE,92620,high,license_number,11-30-2026,Physical Therapist
PT,296741,CHRISTOPHER JORDAN ODELL,"DPT, PT",541-504-2350,,1972110179,1315 NW 4TH ST APT B,REDMOND,OR,97756,ORANGE,ORANGE,92868,high,license_number,11-30-2026,Physical Therapist
PT,33011,CHRISTOPHER KAMEN,"PT, DPT, COMT, ATC",949-363-7716,,1447318944,30112 CROWN VALLEY PKWY,LAGUNA NIGUEL,CA,92677,RNCH SANTA MARGARITA,ORANGE,92688,high,license_number,07-31-2028,Physical Therapist
PT,306741,CHRISTOPHER KIM,"PT, DPT",714-695-1566,,1679308159,23655 VIA DEL RIO STE C,YORBA LINDA,CA,92887,YORBA LINDA,ORANGE,92886,high,license_number,06-30-2028,Physical Therapist
PT,293006,CHRISTOPHER KITE,PT,866-839-6979,,1205202652,68 WILLOW RD,MENLO PARK,CA,94025,NEWPORT BEACH,ORANGE,92660,high,license_number,05-31-2028,Physical Therapist
PT,309976,CHRISTOPHER LEDESMA HUTCHINSON,DPT,714-220-9001,,1831033349,9827 WALKER ST,CYPRESS,CA,90630,FULLERTON,ORANGE,92831,high,license_number,07-31-2027,Physical Therapist
PT,27505,CHRISTOPHER MARC ACKERMAN,"D.P.T., P.C.S.",760-529-4975,,1245591734,3355 MISSION AVE,OCEANSIDE,CA,92058,MISSION VIEJO,ORANGE,92692,high,license_number,06-30-2028,Physical Therapist
PT,292288,CHRISTOPHER MATTHEW MONPERE,PT,888-859-0145,,1235674524,1600 MAIN ST FL 2,VENICE,CA,90291,HUNTINGTON BEACH,ORANGE,92646,high,license_number,02-29-2028,Physical Therapist
PT,293343,CHRISTOPHER MICHAEL AMATO,"PT, DPT",925-487-5029,,1124547260,69313 VERANO PLACE,IRVINE,CA,92617,MISSION VIEJO,ORANGE,92692,high,license_number,05-31-2027,Physical Therapist
PT,26270,CHRISTOPHER P. DOVRE,P.T.,760-568-2894,,1588853188,42080 STATE ST,PALM DESERT,CA,92211,WINTER PARK,ORANGE,32789,high,license_number,07-31-2028,Physical Therapist
PT,295729,CHRISTOPHER PAUL JEW,DPT,323-936-7525,,1235607383,5478 WILSHIRE BLVD STE 208,LOS ANGELES,CA,90036,LAKE FOREST,ORANGE,92630,high,license_number,05-31-2028,Physical Therapist
PT,36616,CHRISTOPHER PAUL NITOLLAMA,M.S.P.T.,562-421-7635,,1780995092,5000 AIRPORT PLAZA DR,LONG BEACH,CA,90815,ORANGE,ORANGE,92869,high,license_number,02-29-2028,Physical Therapist
PT,33174,CHRISTOPHER SCOTT PATTERSON,D.P.T.,909-305-1383,,1619059714,1335 W CYPRESS AVE,SAN DIMAS,CA,91773,YORBA LINDA,ORANGE,92886,high,license_number,06-30-2028,Physical Therapist
PT,300543,CHRISTOPHER STEVEN HERNANDEZ,"PT, DPT",714-972-0489,,1073288999,600 S GRAND AVE STE 106,SANTA ANA,CA,92705,SANTA ANA,ORANGE,92705,high,license_number,07-31-2027,Physical Therapist
PT,20124,CHRISTY MARILO,"PT,MPT,PCS",714-870-6116,,1003102112,233 ORANGEFAIR MALL,FULLERTON,CA,92832,FULLERTON,ORANGE,92833,high,license_number,12-31-2027,Physical Therapist
PT,33262,CHRISTY SUE COSTENIERO,DPT,949-588-7278,,1346383858,24731 ALICIA PKWY,LAGUNA HILLS,CA,92653,NORTH TUSTIN,ORANGE,92705,high,license_number,11-30-2026,Physical Therapist
PT,10271,CINDY ANN SHAW,PT,714-546-0811,,1992761605,3093 S HARBOR BLVD,SANTA ANA,CA,92704,HUNTINGTON BEACH,ORANGE,92647,high,license_number,01-31-2028,Physical Therapist
PT,20408,CINDY LEE MC VEY,P.T.,714-897-3589,,1891871414,5772 BOLSA AVE,HUNTINGTON BEACH,CA,92649,HUNTINGTON BEACH,ORANGE,92647,high,license_number,03-31-2028,Physical Therapist
PT,13505,CINDY LEE STERKEL,P.T.,949-496-3363,,1073551834,24242 LA CRESTA DR,DANA POINT,CA,92629,DANA POINT,ORANGE,92629,high,license_number,07-31-2027,Physical Therapist
PT,11954,CINDY LOUISE THOMAS,RPT,949-295-7325,,1114946126,20192 BAYVIEW AVE,NEWPORT BEACH,CA,92660,NEWPORT BEACH,ORANGE,92660,high,license_number,06-30-2027,Physical Therapist
PT,37741,CINDY THERESE GEORGIE,DPT,714-465-5504,,1568189983,2552 WALNUT AVE STE 130,TUSTIN,CA,92780,TUSTIN,ORANGE,92782,high,license_number,01-31-2027,Physical Therapist
PT,303250,CLAIRE DANIELLE SPIVAK,"PT, DPT",714-202-7366,,1487363750,23011 MOULTON PKWY STE E5,LAGUNA HILLS,CA,92653,LAGUNA NIGUEL,ORANGE,92677,medium,name_exact,07-31-2028,Physical Therapist
PT,35517,CLAIRE ELIZABETH GONZALEZ,"DPT, OCS",714-693-0460,,1790091643,19768 YORBA LINDA BLVD,YORBA LINDA,CA,92886,LOS ALAMITOS,ORANGE,90720,high,license_number,12-31-2026,Physical Therapist
PT,33768,CLAIRE ELIZABETH MCLEAN,P.T.,310-633-4273,,1811189418,2767 E 3RD ST,LONG BEACH,CA,90814,FOUNTAIN VALLEY,ORANGE,92708,high,license_number,01-31-2027,Physical Therapist
PT,34091,CLAIRE GAISFORD STOWELL,MSPT,714-337-4511,,1962675546,5072 STONE CANYON AVE,YORBA LINDA,CA,92886,YORBA LINDA,ORANGE,92886,high,license_number,05-31-2027,Physical Therapist
PT,294223,CLARA P CAUDILLO,"PT, DPT",714-644-2000,,1205348059,3440 E LA PALMA AVE,ANAHEIM,CA,92806,YORBA LINDA,ORANGE,92886,high,license_number,12-31-2027,Physical Therapist
PT,23052,CLARE ELIZABETH SULLIVAN,"PT, NCS",760-510-5656,,1174727788,400 CRAVEN RD,SAN MARCOS,CA,92078,CORONA DEL MAR,ORANGE,92625,high,license_number,01-31-2028,Physical Therapist
PT,304073,CLARISSA LEONI AGUIRRE,"PT, DPT",949-273-6503,,1588356661,101 S KRAEMER BLVD STE 136,PLACENTIA,CA,92870,YORBA LINDA,ORANGE,92887,high,license_number,07-31-2028,Physical Therapist
PT,15695,CLAUDIA BUSTOS,PT,949-689-5396,,1679963144,17741 MANCHESTER AVE,IRVINE,CA,92614,IRVINE,ORANGE,92614,high,license_number,10-31-2026,Physical Therapist
PT,17702,CLAUDIA LOUISE SHEA,PT,562-920-8394,,1477725372,5722 BELLFLOWER BLVD,LAKEWOOD,CA,90713,LOS ALAMITOS,ORANGE,90720,high,license_number,02-28-2027,Physical Therapist
PT,27143,CLAUDIA PATRICIA O'CONNOR,PT,949-675-2922,,1720157217,2711 E COAST HWY,CORONA DEL MAR,CA,92625,NEWPORT BEACH,ORANGE,92663,high,license_number,12-31-2027,Physical Therapist
PT,293624,CLAUDIA RAQUEL BOTELLO,PT,714-963-3322,,1093293052,18821 DELAWARE ST STE 104,HUNTINGTON BEACH,CA,92648,ORANGE,ORANGE,92868,medium,name_exact,01-31-2027,Physical Therapist
PT,307608,CLAYDEN GARCELLI,,949-312-1651,,1568276640,17241 MURPHY AVE,IRVINE,CA,92614,ORANGE,ORANGE,92868,medium,name_exact,10-31-2026,Physical Therapist
PT,39033,CLEA PRISCILA TUCKER,PT,310-453-6166,,1780937243,1821 WILSHIRE BLVD,SANTA MONICA,CA,90403,ANAHEIM,ORANGE,92802,high,license_number,04-30-2028,Physical Therapist
PT,25709,CLIFFORD YEE,Physical Therapist,714-771-8222,,1417157736,1310 W STEWART DR,ORANGE,CA,92868,IRVINE,ORANGE,92602,high,license_number,05-31-2028,Physical Therapist
PT,301549,CLINTON HARWICK,DPT,626-863-3378,,1497610505,20902 SKIMMER LN,HUNTINGTON BEACH,CA,92646,HUNTINGTON BEACH,ORANGE,92646,high,license_number,08-31-2027,Physical Therapist
PT,301160,CODY DANIEL FARAH,DPT,760-547-2666,,1275298887,2335 VISTA WAY,OCEANSIDE,CA,92054,MISSION VIEJO,ORANGE,92691,high,license_number,06-30-2027,Physical Therapist
PT,39207,COLLEEN SHEA O'CONNELL,P.T.,818-996-1725,,1699020156,19510 VENTURA BLVD,TARZANA,CA,91356,ALISO VIEJO,ORANGE,92656,high,license_number,07-31-2028,Physical Therapist
PT,293741,COLLIN MONTY,DPT,714-633-7227,,1770094930,871 S TUSTIN ST,ORANGE,CA,92866,LAGUNA HILLS,ORANGE,92656,high,license_number,02-28-2027,Physical Therapist
PT,302960,COLLIN ROBERT WIGELY,DPT,714-979-3500,,1447974126,1520 NUTMEG PL STE 111,COSTA MESA,CA,92626,NEWPORT COAST,ORANGE,92657,high,license_number,08-31-2028,Physical Therapist
PT,305196,COLTON LARSON,DPT,949-459-9010,,1326813536,29803 SANTA MARGARITA PKWY,RANCHO SANTA MARGARITA,CA,92688,SAN CLEMENTE,ORANGE,92673,high,license_number,08-31-2027,Physical Therapist
PT,307264,CONAN JOHN YAMAMOTO,,562-330-1550,,1770397754,18682 BEACH BLVD STE 160,HUNTINGTON BEACH,CA,92648,IRVINE,ORANGE,92603,high,license_number,07-31-2028,Physical Therapist
PT,295267,CONNIE LIU,DPT,408-972-7160,,1811476807,275 HOSPITAL PKWY FL 3,SAN JOSE,CA,95119,IRVINE,ORANGE,92618,medium,name_exact,08-31-2028,Physical Therapist
PT,42885,CORA PUI YIN IP,"P.T., D.P.T.",714-964-3337,,1225404676,10900 WARNER AVE STE 111,FOUNTAIN VALLEY,CA,92708,ANAHEIM,ORANGE,92801,high,license_number,07-31-2027,Physical Therapist
PT,27491,CORAZON MAHINAN,,310-618-4915,,1396937611,18300 GRIDLEY RD STE 301,ARTESIA,CA,90701,FULLERTON,ORANGE,92833,high,license_number,03-31-2028,Physical Therapist
PT,304520,CORIE PITPIT,,949-788-9236,,1821876582,8 PASTEUR STE 100,IRVINE,CA,92618,SANTA ANA,ORANGE,92704,medium,name_exact,02-28-2027,Physical Therapist
PT,32744,CORINE COJOCARU,PT,562-493-5501,,1023106861,2017 PALO VERDE AVE,LONG BEACH,CA,90815,HUNTINGTON BEACH,ORANGE,92649,high,license_number,12-31-2027,Physical Therapist
PT,291150,CORRINE BRIANA MAYOL,DPT,714-538-0025,,1598126021,239 E KATELLA AVE.,ORANGE,CA,92867,IRVINE,ORANGE,92604,high,license_number,10-31-2027,Physical Therapist
PT,34767,COURTNEY CHRISTINE CATANIA,P.T.,714-646-8318,,1225282817,740 S PLACENTIA AVE,PLACENTIA,CA,92870,FULLERTON,ORANGE,92835,high,license_number,04-30-2028,Physical Therapist
PT,24519,COURTNEY DRAKE,MPT,866-839-6979,,1487388039,16185 LOS GATOS BLVD STE 205,LOS GATOS,CA,95032,HUNTINGTON BEACH,ORANGE,92646,high,license_number,05-31-2027,Physical Therapist
PT,39581,COURTNEY TETSUKO LEE,DPT,714-861-4440,,1346584323,10162 ADAMS AVE,HUNTINGTON BEACH,CA,92646,NEWPORT COAST,ORANGE,92657,high,license_number,07-31-2028,Physical Therapist
PT,26448,COVEY J LAZOURAS,DPT,562-385-6239,,1447711023,7601 IMPERIAL HWY,DOWNEY,CA,90242,WESTMINSTER,ORANGE,92683,high,license_number,08-31-2027,Physical Therapist
PT,12253,CRAIG A LEGACY,"PT,ATC,CSCS",949-459-9010,,1427140581,29803 SANTA MARGARITA PKWY,RANCHO SANTA MARGARITA,CA,92688,SAN JUAN CAPISTRANO,ORANGE,92675,high,license_number,02-28-2027,Physical Therapist
PT,9660,CRAIG L CALDWELL,P.T.,714-524-3500,,1437184108,1075 YORBA PL,PLACENTIA,CA,92870,PLACENTIA,ORANGE,92870,high,license_number,06-30-2028,Physical Therapist
PT,29391,CRIS MARIA BERNARDO,RPT,714-239-6264,,1609084631,1401 W BALL RD,ANAHEIM,CA,92802,ANAHEIM,ORANGE,92804,high,license_number,06-30-2027,Physical Therapist
PT,29109,CRISTINA E. BULLARD CUTONE,D.P.T.,949-240-0600,,1124067392,647 CAMINO DE LOS MARES STE 111,SAN CLEMENTE,CA,92673,SAN CLEMENTE,ORANGE,92673,high,license_number,10-31-2027,Physical Therapist
PT,27921,CRISTINA SYDNEY LORGE,P.T.,714-961-5451,,1205078326,520 MORSE AVE,PLACENTIA,CA,92870,PLACENTIA,ORANGE,92870,high,license_number,06-30-2028,Physical Therapist
PT,39339,CRYSTAL CODY,DPT,858-469-1910,,1043647837,1043 WILBUR AVE,SAN DIEGO,CA,92109,LAGUNA BEACH,ORANGE,92651,high,license_number,08-31-2028,Physical Therapist
PT,292738,CURTIS CHUNG,"PT, DPT",925-642-5522,,1093253999,33 HILLCREST DR,ORINDA,CA,94563,FOUNTAIN VALLEY,ORANGE,92708,high,license_number,03-31-2028,Physical Therapist
PT,27056,CURTIS LEE HUSTON,PT cMDT,714-279-4000,,1427285097,441 E. LAKEVIEW AVENUE,ANAHEIM,CA,92804,ORANGE,ORANGE,92869,high,license_number,05-31-2027,Physical Therapist
PT,304054,CYNTHIA LAY,"PT, DPT",949-366-6785,,1952092884,901 CALLE AMANECER STE 320,SAN CLEMENTE,CA,92673,ORANGE,ORANGE,92867,high,license_number,06-30-2028,Physical Therapist
PT,306442,CYNTHIA NOEMI PELAEZ,"PT, DPT",714-646-8318,,1568299600,740 S PLACENTIA AVE,PLACENTIA,CA,92870,STANTON,ORANGE,90680,medium,name_exact,09-30-2027,Physical Therapist
PT,28442,CYNTHIA P RAPP,P.T.,619-260-0750,,1962629691,5920 FRIARS ROAD,SAN DIEGO,CA,92108,MISSION VIEJO,ORANGE,92692,high,license_number,05-31-2027,Physical Therapist
PT,293709,CZARINA ANN SARET SANCHEZ,PT,562-595-4489,,1558870998,2888 LONG BEACH BLVD STE 405,LONG BEACH,CA,90806,PLACENTIA,ORANGE,92870,high,license_number,04-30-2027,Physical Therapist
PT,303297,DALAL SAIED,,619-333-9619,dalal.saied@westernu.edu,1255041067,1189 GORSLINE DR,EL CAJON,CA,92021,FULLERTON,ORANGE,92831,high,license_number,02-29-2028,Physical Therapist
PT,11062,DALE LEON ZIMMERMAN,PT,714-754-7268,,1639371826,17272 NEWHOPE ST,FOUNTAIN VALLEY,CA,92708,HUNTINGTON BEACH,ORANGE,92647,high,license_number,07-31-2027,Physical Therapist
PT,42395,DANICA VILLEJO,DPT,909-263-9462,,1851775258,3099 W CHAPMAN AVE APT 155,ORANGE,CA,92868,ANAHEIM,ORANGE,92802,high,license_number,09-30-2028,Physical Therapist
PT,292303,DANIEL BURKE,"PT, DPT",949-265-2442,,1386182921,250 E YALE LOOP,IRVINE,CA,92604,IRVINE,ORANGE,92612,high,license_number,07-31-2028,Physical Therapist
PT,293491,DANIEL C TAYLOR,DPT,949-465-9500,,1629595087,23832 ROCKFIELD BLVD STE 160,LAKE FOREST,CA,92630,LAKE FOREST,ORANGE,92630,high,license_number,03-31-2027,Physical Therapist
PT,299146,DANIEL CHANG,,562-427-2225,,1164039483,3292 E WILLOW ST,SIGNAL HILL,CA,90755,GARDEN GROVE,ORANGE,92841,high,license_number,02-29-2028,Physical Therapist
PT,36872,DANIEL CHI-MING HSIEN,"PT, DPT",949-234-2048,,1215245436,30400 CAMINO CAPISTRANO,SAN JUAN CAPISTRANO,CA,92675,BREA,ORANGE,92821,high,license_number,10-31-2027,Physical Therapist
PT,301625,DANIEL CHOI,"DPT, PT, OCS, SCS",818-856-5050,,1063172500,980 S VIA RODEO,PLACENTIA,CA,92870,PLACENTIA,ORANGE,92870,medium,name_exact,11-30-2027,Physical Therapist
PT,24798,DANIEL FALCHETTI,"PT, MPT",714-544-2188,,1255304242,"2492 WALNUT AVENUE, #140",TUSTIN,CA,92780,TUSTIN,ORANGE,92782,high,license_number,09-30-2027,Physical Therapist
PT,304724,DANIEL IGNATIUS,"PT, DPT",562-431-6004,,1417735457,5152 KATELLA AVE STE 106,LOS ALAMITOS,CA,90720,SEAL BEACH,ORANGE,90740,high,license_number,05-31-2027,Physical Therapist
PT,26054,DANIEL JOHN ARKO,MPT,949-246-8364,,1043762545,15001 ETON CIR,HUNTINGTON BEACH,CA,92647,HUNTINGTON BEACH,ORANGE,92646,high,license_number,03-31-2027,Physical Therapist
PT,309155,DANIEL JOSEPH CERFOGLI,DPT,949-276-5401,,1376405266,30100 TOWN CENTER DR STE YZ,LAGUNA NIGUEL,CA,92677,TRABUCO CANYON,ORANGE,92679,high,license_number,03-31-2027,Physical Therapist
PT,297116,DANIEL KANOA BEVER,DPT,714-979-3500,,1417503293,1520 NUTMEG PL STE 111,COSTA MESA,CA,92626,TUSTIN,ORANGE,92780,high,license_number,01-31-2027,Physical Therapist
PT,305520,DANIEL KIM,DPT,714-800-4034,,1407619307,12555 GARDEN GROVE BLVD STE 205,GARDEN GROVE,CA,92843,GARDEN GROVE,ORANGE,92843,high,license_number,02-28-2027,Physical Therapist
PT,304485,DANIEL LIU,,657-204-2959,,1316620537,11420 WARNER AVE,FOUNTAIN VALLEY,CA,92708,IRVINE,ORANGE,92612,high,license_number,08-31-2027,Physical Therapist
PT,292838,DANIEL MYUNG HOON JEON,PT,562-945-1587,,1598204307,15141 WHITTIER BLVD STE 100,WHITTIER,CA,90603,FULLERTON,ORANGE,92833,high,license_number,12-31-2026,Physical Therapist
PT,307706,DANIEL NGOC BUI,DPT,714-684-8188,,1336945393,12131 BROOKHURST ST STE B,GARDEN GROVE,CA,92840,GARDEN GROVE,ORANGE,92844,high,license_number,03-31-2028,Physical Therapist
PT,308582,DANIEL WON PARK,"PT, DPT",310-900-8900,,1104705664,3630 E IMPERIAL HWY,LYNWOOD,CA,90262,FULLERTON,ORANGE,92833,high,license_number,04-30-2027,Physical Therapist
PT,308836,DANIELA KIRA GEORGES,DPT,510-752-6179,,1588545230,3701 BROADWAY,OAKLAND,CA,94611,IRVINE,ORANGE,92604,high,license_number,03-31-2027,Physical Therapist
PT,27097,DANIELLE ALLISON,,714-771-7047,,1982005526,1421 N WANDA RD STE 110,ORANGE,CA,92867,NEWPORT BEACH,ORANGE,92663,high,license_number,11-30-2027,Physical Therapist
PT,41579,DANIELLE BOUFADEL,,562-385-7111,,1942723499,7601 IMPERIAL HWY,DOWNEY,CA,90242,LAKE FOREST,ORANGE,92630,medium,name_exact,11-30-2027,Physical Therapist
PT,294066,DANIELLE BUSK,DPT,714-761-0936,,1336655489,2911 W STONYBROOK DR,ANAHEIM,CA,92804,YORBA LINDA,ORANGE,92886,high,license_number,04-30-2027,Physical Therapist
PT,25113,DANIELLE CHAPMAN,,949-496-0122,,1124159108,653 CAMINO DE LOS MARES STE 110,SAN CLEMENTE,CA,92673,SAN JUAN CAPISTRANO,ORANGE,92675,high,license_number,03-31-2028,Physical Therapist
PT,293309,DANIELLE FLEMING,"PT, DPT",714-538-0025,,1306361811,239 E KATELLA AVE,ORANGE,CA,92867,COSTA MESA,ORANGE,92627,high,license_number,08-31-2028,Physical Therapist
PT,298874,DANIELLE GORDON,"PT, DPT",949-525-9995,,1598377780,351 HOSPITAL RD STE 7,NEWPORT BEACH,CA,92663,IRVINE,ORANGE,92612,high,license_number,03-31-2028,Physical Therapist
PT,296308,DANIELLE MY TRANG ELLIS,,714-776-1231,,1285199620,1360 S ANAHEIM BLVD STE 150,ANAHEIM,CA,92805,ORANGE,ORANGE,92867,high,license_number,11-30-2026,Physical Therapist
PT,300027,DANIELLE SIMONS,DPT,657-859-6458,,1205412442,15000 KENSINGTON PARK DR STE 110,TUSTIN,CA,92782,RSM,ORANGE,92688,medium,name_exact,09-30-2028,Physical Therapist
PT,297509,DANIKA HENKEL,"PT, DPT",949-722-5054,,1295379253,22 CORPORATE PLAZA DR # 113,NEWPORT BEACH,CA,92660,IRVINE,ORANGE,92620,high,license_number,12-31-2026,Physical Therapist
PT,291894,DANLIN ZHU,DPT,319-594-0887,,1548096233,280 S LEMON AVE UNIT 201,WALNUT,CA,91788,BREA,ORANGE,92821,high,license_number,05-31-2028,Physical Therapist
PT,33319,DANNY C LAM,,949-367-1088,,1619021052,26691 PLAZA DRIVE,MISSION VIEJO,CA,92691,LAKE FOREST,ORANGE,92630,high,license_number,03-31-2028,Physical Therapist
PT,19284,DANNY SON PHAM,Physical Therapist,714-608-1778,,1932121704,12562 GARDEN GROVE BLVD,GARDEN GROVE,CA,92843,HUNTINGTON BEACH,ORANGE,92646,high,license_number,10-31-2028,Physical Therapist
PT,299614,DARCY THONG,"PT, DPT",626-294-0070,,1215527262,253 N SANTA ANITA AVE,ARCADIA,CA,91006,FOUNTAIN VALLEY,ORANGE,92708,high,license_number,11-30-2026,Physical Therapist
PT,15771,DARLENE SNYDER,"PT, PCS",714-992-4292,,1467404145,1300 SOUTH RICHMAN AVE,FULLERTON,CA,92832,FULLERTON,ORANGE,92835,high,license_number,04-30-2027,Physical Therapist
PT,295933,DARREN W WONG,"PT, DPT",626-827-2404,,1396215174,110 CHANTILLY,IRVINE,CA,92620,IRVINE,ORANGE,92620,high,license_number,12-31-2027,Physical Therapist
PT,295185,DAVID ANDREW ENFINGER,DPT,714-693-0460,,1457830523,19768 YORBA LINDA BLVD,YORBA LINDA,CA,92886,COSTA MESA,ORANGE,92627,high,license_number,10-31-2027,Physical Therapist
PT,18575,DAVID BRADLEY,MPT,949-644-2022,,1871645192,19732 MACARTHUR BLVD,IRVINE,CA,92612,MISSION VIEJO,ORANGE,92692,high,license_number,11-30-2027,Physical Therapist
PT,302808,DAVID DRAGHICI,DPT,714-633-7227,,1053019349,871 S TUSTIN ST,ORANGE,CA,92866,ANAHEIM,ORANGE,92804,high,license_number,11-30-2027,Physical Therapist
PT,42069,DAVID F HODGES,"PT, DPT",714-988-8113,,1760870539,1800 E LAMBERT RD,BREA,CA,92821,NEWPORT BEACH,ORANGE,92660,high,license_number,01-31-2028,Physical Therapist
PT,295777,DAVID HARRY HORTON,PT,858-694-4930,,1366644338,4510 VIEWRIDGE AVE,SAN DIEGO,CA,92123,LADERA RANCH,ORANGE,92694,medium,name_exact,06-30-2028,Physical Therapist
PT,39932,DAVID HIRCHMAN,"PT, DPT",714-988-8113,,1063753713,1800 E LAMBERT RD,BREA,CA,92821,IRVINE,ORANGE,92604,high,license_number,01-31-2027,Physical Therapist
PT,25369,DAVID JONE-WAI CHUN,"PT, DPT, OCS, CSCS",949-743-5788,,1457385718,18102 SKY PARK CIR STE J,IRVINE,CA,92614,IRVINE,ORANGE,92604,high,license_number,06-30-2028,Physical Therapist
PT,26444,DAVID K. ISHII,MPT,714-596-0700,,1669493789,7451 WARNER AVE,HUNTINGTON BEACH,CA,92647,HUNTINGTON BEACH,ORANGE,92647,high,license_number,09-30-2027,Physical Therapist
PT,302469,DAVID KIM,"PT, DPT",562-441-2707,,1831811470,12501 SEAL BEACH BLVD STE 210,SEAL BEACH,CA,90740,IRVINE,ORANGE,92618,high,license_number,05-31-2028,Physical Therapist
PT,43588,DAVID LUCKETT,"PT, DPT",949-265-2442,,1588020119,3500 BARRANCA PKWY STE 220,IRVINE,CA,92606,IRVINE,ORANGE,92604,high,license_number,03-31-2027,Physical Therapist
PT,301245,DAVID PARK,,950-194-9206,,1720746928,23221 S POINTE DR STE 101,LAGUNA HILLS,CA,92653,IRVINE,ORANGE,92620,medium,name_zip,04-30-2027,Physical Therapist
PT,299424,DAVID PHAM,,714-546-4233,,1023612751,3100 W WARNER AVE,SANTA ANA,CA,92704,GARDEN GROVE,ORANGE,92843,high,license_number,06-30-2028,Physical Therapist
PT,306522,DAVID PHONG NGUYEN,,562-985-8286,,1902634462,"1250 N BELLFLOWER BLVD, KIN-105",LONG BEACH,CA,90840,ANAHEIM,ORANGE,92804,high,license_number,07-31-2028,Physical Therapist
PT,13294,DAVID ROUM,DPT,949-736-6100,,1508447582,4041 MACARTHUR BLVD STE 400,NEWPORT BEACH,CA,92660,COSTA MESA,ORANGE,92626,medium,name_exact,02-28-2027,Physical Therapist
PT,27425,DAVID V BIEN,P.T.,714-558-3977,,1881719508,2101 E 4TH ST,SANTA ANA,CA,92705,BREA,ORANGE,92821,high,license_number,09-30-2027,Physical Therapist
PT,21306,DAVIS KOH,"PT, DPT",949-540-5641,,1003840562,9080 IRVINE CENTER DR,IRVINE,CA,92618,IRVINE,ORANGE,92618,medium,name_exact,06-30-2027,Physical Therapist
PT,30057,DAWN ANN HAGEMAN,"PT, DPT, OCS, CSCS",562-822-1797,,1437505070,10292 SANDE ST,CYPRESS,CA,90630,CYPRESS,ORANGE,90630,high,license_number,09-30-2026,Physical Therapist
PT,18556,DAWN MARIE WOLFE,P.T./PCS,714-720-1914,,1881635100,200 W SANTA ANA BLVD,SANTA ANA,CA,92701,PLACENTIA,ORANGE,92870,high,license_number,03-31-2028,Physical Therapist
PT,22362,DAWN-MARIE ICKES,M.P.T,818-822-1600,,1194756957,30085 COMERCIO,RANCHO SANTA MARGARITA,CA,92688,YORBA LINDA,ORANGE,92886,high,license_number,05-31-2028,Physical Therapist
PT,302026,DAYNA HUOR,DPT,310-479-2323,,1275270225,11980 SAN VICENTE BLVD STE 100,LOS ANGELES,CA,90049,GARDEN GROVE,ORANGE,92844,high,license_number,09-30-2027,Physical Therapist
PT,304446,DEAN CHUNG,,714-736-6855,,1700669538,7941 BEACH BLVD STE J,BUENA PARK,CA,90620,CYPRESS,ORANGE,90630,high,license_number,12-31-2026,Physical Therapist
PT,19659,DEAN KENJI TAKIGUCHI,PT,714-546-0811,,1316948458,6082 EDINGER AVE,HUNTINGTON BEACH,CA,92647,IRVINE,ORANGE,92618,high,license_number,12-31-2027,Physical Therapist
PT,304487,DEAN WILLIAM LOOMIS,,949-679-3988,,1245016856,2 PETERS CANYON RD STE 100,IRVINE,CA,92606,IRVINE,ORANGE,92620,high,license_number,03-31-2027,Physical Therapist
PT,16573,DEBBIE GOLDADE,PT,562-240-3365,,1831434950,15897 RHODOLITE CT,FOUNTAIN VALLEY,CA,92708,FOUNTAIN VALLEY,ORANGE,92708,high,license_number,01-31-2028,Physical Therapist
PT,21730,DEBORA ANN CHASSE,D.P.T.,909-307-0155,,1710003249,414 TENNESSEE ST,REDLANDS,CA,92373,ORANGE,ORANGE,92868,high,license_number,01-31-2028,Physical Therapist
PT,21804,DEBORAH ANN GRANGE,"P.T., O.C.S.",714-374-0233,,1952486052,2130 MAIN ST STE 140,HUNTINGTON BEACH,CA,92648,HUNTINGTON BEACH,ORANGE,92648,high,license_number,03-31-2028,Physical Therapist
PT,12661,DEBORAH ANN KWANG,PT,714-347-0300,,1114971603,200 W SANTA ANA BLVD,SANTA ANA,CA,92701,TUSTIN,ORANGE,92780,high,license_number,06-30-2028,Physical Therapist
PT,25921,DEBORAH LEE SANTIESTEBAN,PT,949-248-8855,,1386959526,31741 RANCHO VIEJO RD,SAN JUAN CAPISTRANO,CA,92675,SAN CLEMENTE,ORANGE,92674,high,license_number,02-29-2028,Physical Therapist
PT,14209,DEBORAH STEMPNIAK,P.T.,714-772-5040,,1497764567,1176 N EUCLID ST,ANAHEIM,CA,92801,FULLERTON,ORANGE,92835,high,license_number,12-31-2026,Physical Therapist
PT,22400,DEBORAH STRUIKSMA,PT,714-703-8477,,1760622773,12465 LEWIS ST,GARDEN GROVE,CA,92840,SEAL BEACH,ORANGE,90740,high,license_number,10-31-2026,Physical Therapist
PT,7021,DEBORAH WEINSTEIN,PT,949-370-4061,,1851332969,22842 MANTANZA DR,LAGUNA NIGUEL,CA,92677,LAGUNA NIGUEL,ORANGE,92677,high,license_number,09-30-2028,Physical Therapist
PT,19424,DEBRA A HOCHBERG,RPT,818-719-2930,,1770707432,5601 DESOTO,WOODLAND HILLS,CA,91365,RANCHO STA MARG,ORANGE,92688,high,license_number,06-30-2027,Physical Therapist
PT,11085,DEEDRA HAZLETON,P.T.,909-866-6200,,1073533667,41945 BIG BEAR BLVD,BIG BEAR LAKE,CA,92315,BREA,ORANGE,92821,high,license_number,04-30-2028,Physical Therapist
PT,299893,DEEMA MAJAJ,DPT,949-228-2946,,1134704323,25182 FAIRGREEN,MISSION VIEJO,CA,92692,MISSION VIEJO,ORANGE,92692,high,license_number,06-30-2028,Physical Therapist
PT,14450,DEENA PORTNOFF SELLENS,P.T.,949-707-5555,,1164708053,22995 MILL CREEK DR STE A,LAGUNA HILLS,CA,92653,FULLERTON,ORANGE,92835,high,license_number,12-31-2026,Physical Therapist
PT,302795,DELANIE GASTINEAU,"PT, DPT",714-861-4440,,1376265918,10162 ADAMS AVE,HUNTINGTON BEACH,CA,92646,COSTA MESA,ORANGE,92627,high,license_number,09-30-2027,Physical Therapist
PT,16994,DENISA R VARNUM,PT,888-988-2800,,1083812960,411 N LAKEVIEW AVE,ANAHEIM,CA,92807,SANTA ANA,ORANGE,92706,high,license_number,12-31-2026,Physical Therapist
PT,302418,DENISE ANTONNETTE ESPINO GALERO,,562-989-6516,,1104554104,2971 SANTA FE AVE,LONG BEACH,CA,90810,FULLERTON,ORANGE,92835,high,license_number,11-30-2027,Physical Therapist
PT,29249,DENISE MICHIKO DAVIS,PT,714-456-5571,,1285095976,200 S MANCHESTER AVE STE 100,ORANGE,CA,92868,ORANGE,ORANGE,92868,high,license_number,01-31-2028,Physical Therapist
PT,26430,DENNIS DANG,D.P.T,714-862-4164,,1225384597,16316 FILBERT ST,FOUNTAIN VALLEY,CA,92708,FOUNTAIN VALLEY,ORANGE,92708,high,license_number,07-31-2027,Physical Therapist
PT,16808,DENNIS JOHN MESISCA,Physical Therapist,714-281-0169,,1821024878,27765 HOMESTEAD RD,LAGUNA NIGUEL,CA,92677,LAGUNA NIGUEL,ORANGE,92607,high,license_number,01-31-2028,Physical Therapist
PT,391,DENNIS M. ELLINGSON,P.T.,916-709-4911,,1508803024,1802 7TH AVE,SACRAMENTO,CA,95818,SAN JUAN CAPISTRANO,ORANGE,92675,high,license_number,01-31-2027,Physical Therapist
PT,295865,DENNIS NGUYEN,,949-679-2933,,1336619022,6865 ALTON PKWY STE 110,IRVINE,CA,92618,IRVINE,ORANGE,92604,high,license_number,03-31-2028,Physical Therapist
PT,18992,DENNIS ROBERT PONTE,"PT, DPT",415-206-8000,,1619253077,1001 POTRERO AVE,SAN FRANCISCO,CA,94110,HUNTINGTON BEACH,ORANGE,92648,high,license_number,05-31-2028,Physical Therapist
PT,24619,DENNY ASHOK PATEL,DPT,714-835-6638,,1922027291,1910 OLD TUSTIN AVE,SANTA ANA,CA,92705,ORANGE,ORANGE,92869,high,license_number,03-31-2027,Physical Therapist
PT,37082,DENVER ARANDA CENIDOZA,Physical therapist,562-947-8691,,1740745710,12200 LA MIRADA BLVD,LA MIRADA,CA,90638,CYPRESS,ORANGE,90630,high,license_number,09-30-2028,Physical Therapist
PT,308577,DEREK CAO NGUYEN,,657-944-9290,,1194606558,12372 GAMMA ST,GARDEN GROVE,CA,92840,GARDEN GROVE,ORANGE,92840,high,license_number,10-31-2026,Physical Therapist
PT,307491,DEREK DU,DPT,732-337-9659,,1588275762,1777 MITCHELL AVE APT 63,TUSTIN,CA,92780,TUSTIN,ORANGE,92780,medium,name_exact,10-31-2026,Physical Therapist
PT,33639,DEREK MARIO DECICCO,MPT,714-858-4617,,1427283894,15775 LAGUNA CANYON RD STE 110,IRVINE,CA,92618,IRVINE,ORANGE,92618,high,license_number,05-31-2028,Physical Therapist
PT,301190,DEREK O'DONNELL,,760-580-4007,,1386453538,1817 AVENIDA DEL DIABLO,ESCONDIDO,CA,92029,HUNTINGTON BEACH,ORANGE,92649,high,license_number,03-31-2027,Physical Therapist
PT,23715,DERRICK GEORGE SUEKI,DPT,714-750-4097,,1184770406,13341 GARDEN GROVE BLVD STE B,GARDEN GROVE,CA,92843,FULLERTON,ORANGE,92833,high,license_number,04-30-2028,Physical Therapist
PT,306301,DEVIN CAPELA,"PT, DPT",714-841-6162,,1245068477,19582 BEACH BLVD STE 130,HUNTINGTON BEACH,CA,92648,SAN CLEMENTE,ORANGE,92672,high,license_number,03-31-2028,Physical Therapist
PT,298773,DEVIN KIM,,714-673-0083,,1568160778,2615 TRIESTE WAY,FULLERTON,CA,92833,FULLERTON,ORANGE,92833,high,license_number,10-31-2027,Physical Therapist
PT,35322,DIANA BASANESE,"PT, DPT",805-434-2050,,1013155878,350 POSADA LN,TEMPLETON,CA,93465,DANA POINT,ORANGE,92629,high,license_number,08-31-2028,Physical Therapist
PT,26471,DIANA FINN SUTCLIFF,DPT,714-288-9125,,1578587457,255 N TUSTIN ST,ORANGE,CA,92867,SANTA ANA,ORANGE,92705,high,license_number,10-31-2026,Physical Therapist
PT,299406,DIANA LE DIEC,DPT,949-393-1147,,1750979951,3723 BIRCH ST STE 7,NEWPORT BEACH,CA,92660,NEWPORT BEACH,ORANGE,92660,high,license_number,04-30-2028,Physical Therapist
PT,307252,DIANA LIZETH MERINO,DPT,714-848-8318,,1437982022,18800 DELAWARE ST STE 350,HUNTINGTON BEACH,CA,92648,SANTA ANA,ORANGE,92706,high,license_number,09-30-2028,Physical Therapist
PT,309750,DIANA NICOLETA VARTOLOMEI,DPT,714-475-2226,,1639026115,16897 ALGONQUIN ST STE 101,HUNTINGTON BEACH,CA,92649,ANAHEIM,ORANGE,92804,high,license_number,08-31-2027,Physical Therapist
PT,308327,DIANA REYES,PT,714-547-7581,,1578873956,555 E MEMORY LN,SANTA ANA,CA,92706,ANAHEIM,ORANGE,92806,medium,name_exact,07-31-2027,Physical Therapist
PT,292356,DIANA VU,,714-776-1231,,1295275154,217 W CERRITOS AVE,ANAHEIM,CA,92805,FOUNTAIN VALLEY,ORANGE,92708,high,license_number,04-30-2028,Physical Therapist
PT,19722,DIANA WEBER,"PT, PCS",714-663-6088,,1407804776,6202 CERULEAN AVE,GARDEN GROVE,CA,92845,GARDEN GROVE,ORANGE,92845,high,license_number,02-28-2027,Physical Therapist
PT,291411,DIANE KAHLER,DPT,714-538-1952,,1760831796,1026 E CHAPMAN AVE STE C,ORANGE,CA,92866,ANAHEIM,ORANGE,92801,high,license_number,04-30-2028,Physical Therapist
PT,9997,DIANE KOCH,PT,949-650-3870,,1245256148,351 HOSPITAL RD,NEWPORT BEACH,CA,92663,NEWPORT BEACH,ORANGE,92663,high,license_number,03-31-2028,Physical Therapist
PT,21771,DIANE SHEAD,PT,714-771-7047,,1811398126,1421 N WANDA RD,ORANGE,CA,92867,LOS ALAMITOS,ORANGE,90720,high,license_number,04-30-2028,Physical Therapist
PT,294802,DIEGO ALBERTO KIM,"PT, DPT",714-988-8120,,1548751357,2202 ARTESIA BLVD STE Q,TORRANCE,CA,90504,BUENA PARK,ORANGE,90621,high,license_number,04-30-2028,Physical Therapist
PT,300175,DIPIKA VAID,,408-785-6994,,1063189777,1039 E EL CAMINO REAL,SUNNYVALE,CA,94087,LADERA RANCH,ORANGE,92694,high,license_number,10-31-2026,Physical Therapist
PT,295974,DMITRY FOOX,DPT,562-985-4072,,1194293472,1250 N BELLFLOWER BLVD # ET130,LONG BEACH,CA,90840,DANA POINT,ORANGE,92629,medium,name_exact,05-31-2028,Physical Therapist
PT,298730,DON DUY HOANG,DPT,714-999-6596,,1366053423,215 N STATE COLLEGE BLVD STE G,ANAHEIM,CA,92806,ANAHEIM,ORANGE,92806,high,license_number,07-31-2028,Physical Therapist
PT,299585,DON KY HOANG,DPT,949-923-0083,,1922699115,4561 KIMBERWICK CIR,IRVINE,CA,92604,IRVINE,ORANGE,92604,high,license_number,12-31-2027,Physical Therapist
PT,29129,DONALD KUSKIN,Physical Therapist,714-544-2188,,1538598818,2492 WALNUT AVE,TUSTIN,CA,92780,GARDEN GROVE,ORANGE,92845,high,license_number,11-30-2027,Physical Therapist
PT,36881,DONG YANG,DPT,310-539-8800,,1861769515,100 UCLA MEDICAL PLZ STE 440,LOS ANGELES,CA,90024,PLACENTIA,ORANGE,92870,high,license_number,12-31-2027,Physical Therapist
PT,39768,DONNA ELLA ANDERSON,DPT,714-712-9222,,1083902183,2400 E KATELLA AVE STE 405,ANAHEIM,CA,92806,NEWPORT BEACH,ORANGE,92663,high,license_number,03-31-2028,Physical Therapist
PT,19160,DONNA GREER CESPON,MPT,949-552-5051,,1427168533,4482 BARRANCA PKWY,IRVINE,CA,92604,IRVINE,ORANGE,92616,high,license_number,08-31-2027,Physical Therapist
PT,303240,DONNA KAITLYN RAYMUNDO,,949-679-3337,,1225747835,4482 BARRANCA PKWY STE 195,IRVINE,CA,92604,IRVINE,ORANGE,92604,high,license_number,02-29-2028,Physical Therapist
PT,25911,DONNY I-FON LIN,PT,714-271-7578,,1598824484,432 COLLARD WAY,PLACENTIA,CA,92870,PLACENTIA,ORANGE,92870,high,license_number,03-31-2028,Physical Therapist
PT,16881,DOROTHY DALINOC ULIT,PT,562-493-9581,,1134274244,1661 GOLDEN RAIN RD,SEAL BEACH,CA,90740,SEAL BEACH,ORANGE,90740,high,license_number,03-31-2028,Physical Therapist
PT,37067,DOYLE LEE,DPT,949-679-3337,,1376845198,4482 BARRANCA PKWY,IRVINE,CA,92604,FULLERTON,ORANGE,92835,high,license_number,09-30-2027,Physical Therapist
PT,15235,DRAKE NORMAN YOMOGIDA,,714-903-4406,,1811227994,12052 FAIRCHILD ST,GARDEN GROVE,CA,92845,GARDEN GROVE,ORANGE,92845,high,license_number,05-31-2028,Physical Therapist
PT,294616,DREW JAMES KERES,DPT,510-329-9471,,1467955146,409 ENCLAVE CIR APT 301,COSTA MESA,CA,92626,COSTA MESA,ORANGE,92626,high,license_number,10-31-2027,Physical Therapist
PT,26123,DREW M NATORI,,562-933-4011,,1396930269,2801 ATLANTIC AVE,LONG BEACH,CA,90806,LOS ALAMITOS,ORANGE,90720,high,license_number,05-31-2028,Physical Therapist
PT,38772,DUSTIN COREY HANCOCK,DPT,949-312-2485,,1659645604,31896 PLAZA DR STE E3,SAN JUAN CAPISTRANO,CA,92675,SAN CLEMENTE,ORANGE,92672,high,license_number,02-29-2028,Physical Therapist
PT,303019,DUSTIN MERCADO,"PT, DPT",714-656-5707,info@sparkphyzio.com,1336864313,8575 1/2 KNOTT AVE,BUENA PARK,CA,90620,YORBA LINDA,ORANGE,92886,high,license_number,12-31-2027,Physical Therapist
PT,300820,DUSTON YOSHIHARA,,949-232-0320,,1699442426,12 MAUCHLY STE P,IRVINE,CA,92618,IRVINE,ORANGE,92612,high,license_number,04-30-2027,Physical Therapist
PT,301242,DYLAN NORMANDIN,DPT,310-400-0457,,1144910035,2122 N BROADWAY STE 200,SANTA ANA,CA,92706,RSM,ORANGE,92688,medium,name_exact,04-30-2027,Physical Therapist
PT,36970,EDAN M DEVORA,D.P.T.,714-701-0479,,1205141074,5475 E LA PALMA AVE,ANAHEIM,CA,92807,MISSION VIEJO,ORANGE,92691,high,license_number,09-30-2027,Physical Therapist
PT,297041,EDGAR VARGAS,DPT,714-703-8477,,1790330124,12465 LEWIS ST STE 101,GARDEN GROVE,CA,92840,ANAHEIM,ORANGE,92804,high,license_number,01-31-2027,Physical Therapist
PT,293233,EDGARD JAYSON ESCOBAR,PT,323-276-5700,,1194351585,2221 LINCOLN PARK AVE,LOS ANGELES,CA,90031,IRVINE,ORANGE,92618,high,license_number,01-31-2027,Physical Therapist
PT,38682,EDSON BRIAN YAP CHOY,,562-468-0088,,1497083687,11700 SOUTH ST STE 200,ARTESIA,CA,90701,YORBA LINDA,ORANGE,92887,medium,name_exact,10-31-2027,Physical Therapist
PT,301091,EDUARDO OROPEZA,"DPT, PT",818-926-9057,,1841953916,31248 OAK CREST DR STE 120,WESTLAKE VILLAGE,CA,91361,PLACENTIA,ORANGE,92870,high,license_number,07-31-2027,Physical Therapist
PT,28506,EDWARD CORNEJO,"PT, MPT, CFMT",949-629-5211,,1245470319,1600 DOVE ST STE 320,NEWPORT BEACH,CA,92660,COSTA MESA,ORANGE,92627,high,license_number,06-30-2027,Physical Therapist
PT,298425,EDWARD MATTHEW LIND,"PT, DPT",919-312-1244,,1043835267,28668 AIROSO ST,RANCHO MISSION VIEJO,CA,92694,MISSION VIEJO,ORANGE,92692,high,license_number,05-31-2028,Physical Therapist
PT,17906,EDWARD O HAUSCHKA,,949-443-5442,,1679624795,31271 NIGUEL RD STE J,LAGUNA NIGUEL,CA,92677,LAGUNA NIGUEL,ORANGE,92677,high,license_number,09-30-2027,Physical Therapist
PT,35176,EFREN B ABLIS,P.T,714-454-4758,,1821421975,9764 GARDEN GROVE BLVD,GARDEN GROVE,CA,92844,FOUNTAIN VALLEY,ORANGE,92708,high,license_number,06-30-2028,Physical Therapist
PT,39059,EILEEN DIZON,,813-938-0500,,1669860235,11926 LA MIRADA BLVD,LA MIRADA,CA,90638,PLACENTIA,ORANGE,92870,high,license_number,05-31-2028,Physical Therapist
PT,12317,EILEEN ROWE,PT,888-988-2800,,1275731176,411 N LAKEVIEW AVE,ANAHEIM,CA,92807,FULLERTON,ORANGE,92832,high,license_number,03-31-2028,Physical Therapist
PT,29947,ELEANOR DEGUZMAN,DPT,714-578-8706,,1124066303,2767 E IMPERIAL HWY,BREA,CA,92821,YORBA LINDA,ORANGE,92886,high,license_number,03-31-2028,Physical Therapist
PT,16587,ELEANOR YEE HO,"MPT, CLT",714-527-2289,,1780717496,311 W ORANGE AVE,ANAHEIM,CA,92804,HUNTINGTON BEACH,ORANGE,92649,high,license_number,02-29-2028,Physical Therapist
PT,38327,ELENA GIBSON ABERCROMBIE,PT,949-932-5000,,1730464413,6640 ALTON PKWY,IRVINE,CA,92618,IRVINE,ORANGE,92618,high,license_number,08-31-2027,Physical Therapist
PT,39941,ELIASAR ALTAMIRANO,,714-748-6103,,1215287768,4201 W CHAPMAN AVE,ORANGE,CA,92868,PLACENTIA,ORANGE,92870,medium,name_exact,10-31-2026,Physical Therapist
PT,309477,ELIJAH DANIEL RAGASA,,714-695-1566,,1699619502,23655 VIA DEL RIO STE C,YORBA LINDA,CA,92887,ANAHEIM,ORANGE,92801,high,license_number,07-31-2027,Physical Therapist
PT,26449,ELISA KEMMER,P.T.,714-430-6206,,1770533556,1635 S CENTER ST,SANTA ANA,CA,92704,MISSION VIEJO,ORANGE,92692,high,license_number,10-31-2028,Physical Therapist
PT,300605,ELISE YING LIU,"PT, DPT",714-639-4990,,1326793506,17075 BUSHARD ST,FOUNTAIN VALLEY,CA,92708,HUNTINGTON BEACH,ORANGE,92615,high,license_number,11-30-2026,Physical Therapist
PT,35066,ELISSA R. RYNEARSON,"PT, DPT",310-327-1758,,1659603108,15805 S BUDLONG AVE,GARDENA,CA,90247,HUNTINGTON BEACH,ORANGE,92646,high,license_number,07-31-2028,Physical Therapist
PT,34925,ELIZA H CHO,PT,714-748-6166,,1053565796,411 N LAKEVIEW AVE,ANAHEIM,CA,92807,MISSION VIEJO,ORANGE,92691,high,license_number,12-31-2027,Physical Therapist
PT,38105,ELIZABETH CHERRY,,714-633-7227,,1952688475,871 S TUSTIN ST,ORANGE,CA,92866,ORANGE,ORANGE,92866,high,license_number,12-31-2026,Physical Therapist
PT,19867,ELIZABETH M BYRNE,"M.P.T.,A.T.C.",714-556-1600,,1003839994,1700 ADAMS AVE,COSTA MESA,CA,92626,HUNTINGTON BEACH,ORANGE,92647,high,license_number,05-31-2027,Physical Therapist
PT,24191,ELIZABETH MASCARINAS DAVID,r.p.t,323-586-0101,,1114093770,6011 PACIFIC BLVD,HUNTINGTON PARK,CA,90255,FULLERTON,ORANGE,92833,high,license_number,07-31-2028,Physical Therapist
PT,296267,ELIZABETH NAKAMURA,,310-325-5111,,1437628401,25825 VERMONT AVE,HARBOR CITY,CA,90710,SEAL BEACH,ORANGE,90740,medium,name_exact,06-30-2028,Physical Therapist
PT,37480,ELIZABETH NGOC HOANG,DPT,714-965-2324,,1538463302,18350 MOUNT LANGLEY ST STE 105,FOUNTAIN VALLEY,CA,92708,GARDEN GROVE,ORANGE,92843,high,license_number,06-30-2028,Physical Therapist
PT,36027,ELIZABETH T. HWANG,DPT,323-464-4458,,1083941538,321 N LARCHMONT BLVD,LOS ANGELES,CA,90004,ORANGE,ORANGE,92868,high,license_number,03-31-2027,Physical Therapist
PT,27260,ELIZABETH WADE,MPT,949-600-5437,,1639494701,29811 SANTA MARGARITA PKWY STE 600,RANCHO SANTA MARGARITA,CA,92688,CAPISTRANO BEACH,ORANGE,92624,high,license_number,01-31-2028,Physical Therapist
PT,34119,ELLEN DALE,"PT, DPT",949-675-2922,,1376702373,2711 E COAST HWY,CORONA DEL MAR,CA,92625,MISSION VIEJO,ORANGE,92691,high,license_number,02-28-2027,Physical Therapist
PT,35276,ELLEN GONZALEZ,DPT,714-456-6170,,1467816512,101 THE CITY DR S,ORANGE,CA,92868,HUNTINGTON BEACH,ORANGE,92647,high,license_number,12-31-2026,Physical Therapist
PT,12354,ELLEN MARLENE SEHLMEYER,"P.T. , MFT",562-961-3581,,1720289820,10650 REAGAN ST,LOS ALAMITOS,CA,90720,LOS ALAMITOS,ORANGE,90721,high,license_number,03-31-2028,Physical Therapist
PT,294074,ELLIE SUNAH KOO,DPT,951-475-1307,,1144738956,2815 S MAIN ST STE 205,CORONA,CA,92882,YORBA LINDA,ORANGE,92886,high,license_number,05-31-2027,Physical Therapist
PT,297001,ELLIOTT H CHI,"PT, DPT",714-872-5685,,1558916973,2575 YORBA LINDA BLVD,FULLERTON,CA,92831,ORANGE,ORANGE,92867,high,license_number,01-31-2027,Physical Therapist
PT,36430,ELMIRA BAYANI RAD,DPT,310-820-7602,,1215256029,11740 SAN VICENTE BLVD,LOS ANGELES,CA,90049,LAGUNA NIGUEL ,ORANGE,92607,high,license_number,02-28-2027,Physical Therapist
PT,17021,ELSBETH EUGENIA BRAN,,714-533-3416,,1154542363,1801 WEST ROMNEYA DRIVE #108A,ANAHEIM,CA,92801,ANAHEIM,ORANGE,92804,high,license_number,09-30-2028,Physical Therapist
PT,35994,ELY PASTORAL,PT,646-247-9699,,1104350321,361 N BELLAROSE WAY,ANAHEIM,CA,92805,ORANGE,ORANGE,92865,high,license_number,11-30-2026,Physical Therapist
PT,293993,ELYSE BIECHELE,DPT,949-766-8535,,1184125072,30085 COMERCIO,RANCHO SANTA MARGARITA,CA,92688,COSTA MESA,ORANGE,92626,high,license_number,02-28-2027,Physical Therapist
PT,37628,ELYSE HARUKO MINAMIDE,"PT, DPT, NCS",714-832-9200,,1629587233,14851 YORBA ST,TUSTIN,CA,92780,RANCHO SANTA MARGARI,ORANGE,92688,high,license_number,03-31-2027,Physical Therapist
PT,14295,EMAD LIBIB SAMUEL,RPT,714-642-6754,,1871748822,16621 CAROUSEL LN,HUNTINGTON BEACH,CA,92649,HUNTINGTON BEACH,ORANGE,92649,high,license_number,02-28-2027,Physical Therapist
PT,305193,EMELY CUBIAS,DPT,714-288-8303,,1437923216,1045 N TUSTIN ST,ORANGE,CA,92867,ANAHEIM,ORANGE,92804,high,license_number,10-31-2027,Physical Therapist
PT,294363,EMILY CHOW,"PT, DPT",714-798-7900,,1336773688,10601 WALKER ST STE 200,CYPRESS,CA,90630,LAGUNA NIGUEL,ORANGE,92677,high,license_number,08-31-2027,Physical Therapist
PT,292493,EMILY DEYOE,DPT,844-316-7979,,1346783487,400 N TUSTIN AVE STE 140,SANTA ANA,CA,92705,LA HABRA,ORANGE,90631,high,license_number,11-30-2026,Physical Therapist
PT,299820,EMILY DUNNE,"PT, DPT",949-713-6445,,1861084873,23121 ANTONIO PKWY,RANCHO SANTA MARGARITA,CA,92688,RANCHO SANTA MARGARI,ORANGE,92688,high,license_number,07-31-2028,Physical Therapist
PT,305393,EMILY ELIZABETH RODRIGUEZ,PT,949-276-5401,,1801655881,30100 TOWN CENTER DR STE YZ,LAGUNA NIGUEL,CA,92677,TUSTIN,ORANGE,92782,high,license_number,10-31-2027,Physical Therapist
PT,291849,EMILY FERREE,PT,714-292-2637,,1013607787,17272 NEWHOPE ST,FOUNTAIN VALLEY,CA,92708,HUNTINGTON BEACH,ORANGE,92646,high,license_number,07-31-2028,Physical Therapist
PT,24447,EMILY HUANG,,206-223-6600,,1245885938,925 SENECA ST,SEATTLE,WA,98101,HUNTINGTON BEACH,ORANGE,92649,high,license_number,10-31-2026,Physical Therapist
PT,299637,EMILY LOPEZ,,714-794-5889,,1801652763,140 S CHAPARRAL CT STE 160,ANAHEIM,CA,92808,FULLERTON,ORANGE,92833,medium,name_initial_zip,12-31-2026,Physical Therapist
PT,35048,EMILY LYNNE FREVERT,P.T.,949-333-6456,,1083852628,980 ROOSEVELT STE 100,IRVINE,CA,92620,ANAHEIM,ORANGE,92808,high,license_number,05-31-2028,Physical Therapist
PT,300456,EMILY MARIE COLEMAN,"PT, DPT",818-368-7620,,1023689254,4515 OCEAN VIEW BLVD STE 350,LA CANADA FLINTRIDGE,CA,91011,COSTA MESA,ORANGE,92626,medium,name_exact,05-31-2027,Physical Therapist
PT,301319,EMILY MARIE FALCONE,"PT, DPT",949-333-6400,,1083373435,1251 E DYER RD STE 150,SANTA ANA,CA,92705,TRABUCO CANYON,ORANGE,92679,high,license_number,10-31-2027,Physical Therapist
PT,306655,EMILY MCKINNEY,DPT,949-502-3388,,1639906431,1600 DOVE ST STE 100,NEWPORT BEACH,CA,92660,IRVINE,ORANGE,92618,high,license_number,08-31-2028,Physical Therapist
PT,297530,EMILY NICOLE COLLINS,"PT, DPT",949-433-5442,,1972149821,31271 NIGUEL RD STE J,LAGUNA NIGUEL,CA,92677,LAGUNA NIGUEL,ORANGE,92677,high,license_number,06-30-2027,Physical Therapist
PT,26344,EREINEE ABDELMALEK,,949-770-1911,,1467515825,8 NUTMEG ST,RANCHO SANTA MARGARITA,CA,92688,TRABUCO CANYON,ORANGE,92679,high,license_number,10-31-2026,Physical Therapist
PT,34897,ERIC BIGLANG-AWA,,510-893-7463,,1003070079,1814 FRANKLIN ST,OAKLAND,CA,94612,ALISO VIEJO,ORANGE,92656,medium,name_exact,12-31-2027,Physical Therapist
PT,41093,ERIC DUY NGUYEN,MPT,562-923-4704,,1396162996,12555 LAKEWOOD BLVD,DOWNEY,CA,90242,ORANGE,ORANGE,92869,high,license_number,05-31-2027,Physical Therapist
PT,42922,ERIC MOON KIM,"PT, DPT",714-609-8377,,1538535943,203 S HAMPTON ST,ANAHEIM,CA,92804,ANAHEIM,ORANGE,92804,high,license_number,12-31-2026,Physical Therapist
PT,23887,ERIC S. SATO,P.T.,615-778-4066,,1679694012,2121 S TOWNE CENTRE PL,ANAHEIM,CA,92806,ANAHEIM,ORANGE,92805,high,license_number,05-31-2028,Physical Therapist
PT,25255,ERICA COLLEEN SCOTT,PT,714-851-8011,,1760445357,170 E 17TH ST,COSTA MESA,CA,92627,COSTA MESA,ORANGE,92626,high,license_number,04-30-2028,Physical Therapist
PT,306544,ERICA ELENA ESQUIVEL,"PT, DPT",562-799-4494,,1679305676,3662 KATELLA AVE STE 105,LOS ALAMITOS,CA,90720,ORANGE,ORANGE,92868,high,license_number,11-30-2027,Physical Therapist
PT,300565,ERICA LIU,"PT, DPT",949-768-7500,,1124792635,27762 VISTA DEL LAGO STE A-1,MISSION VIEJO,CA,92692,IRVINE,ORANGE,92618,medium,name_exact,06-30-2027,Physical Therapist
PT,40634,ERICKA WEGENER,,310-246-4250,,1801227509,5220 W 104TH ST,LOS ANGELES,CA,90045,LA PALMA,ORANGE,90623,high,license_number,12-31-2026,Physical Therapist
PT,27642,ERICSON MARCIAL,,951-268-9697,,1720691256,2489 CALIFORNIA AVE,CORONA,CA,92881,ANAHEIM,ORANGE,92806,medium,name_exact,10-31-2027,Physical Therapist
PT,295289,ERIK MURATA,"PT, DPT, CSCS",714-747-7154,,1326515834,3460 E LA PALMA AVE,ANAHEIM,CA,92806,HUNTINGTON BEACH,ORANGE,92649,high,license_number,04-30-2028,Physical Therapist
PT,302633,ERIKA DURKIN,DPT,171-483-5663,,1679294730,1910 OLD TUSTIN AVE,SANTA ANA,CA,92705,YORBA LINDA,ORANGE,92887,medium,name_exact,06-30-2028,Physical Therapist
PT,25355,ERIKA LEIGH BLACK,P.T.,714-279-4450,,1487856993,441 N LAKEVIEW AVE,ANAHEIM,CA,92807,MISSION VIEJO,ORANGE,92691,high,license_number,04-30-2028,Physical Therapist
PT,32566,ERIN GIANGRANDE,"DPT, PT",714-835-6638,,1710916838,1910 OLD TUSTIN AVE,SANTA ANA,CA,92705,PLACENTIA,ORANGE,92870,high,license_number,10-31-2027,Physical Therapist
PT,20223,ERIN HOSIE JACKSON,"MSPT, CPI",949-494-3200,,1366555211,1100 S COAST HWY,LAGUNA BEACH,CA,92651,ALISO VIEJO,ORANGE,92656,high,license_number,03-31-2028,Physical Therapist
PT,292323,ERIN MICHELLE SCHULZ,D.P.T.,408-847-0107,,1265974711,9460 N NAME UNO STE 140,GILROY,CA,95020,ANAHEIM,ORANGE,92807,high,license_number,08-31-2028,Physical Therapist
PT,34204,ERIN NICOLE LONG,D.P.T.,310-401-6410,,1679741029,1950 SAWTELLE BLVD,LOS ANGELES,CA,90025,HUNTINGTON BEACH,ORANGE,92646,high,license_number,01-31-2027,Physical Therapist
PT,37429,ERIN SAUCHELLI,,714-813-6831,,1174829535,12411 SLAUSON AVE STE H,WHITTIER,CA,90606,YORBA LINDA,ORANGE,92886,high,license_number,01-31-2028,Physical Therapist
PT,29987,ERINY ALPHONSE IBRAHIM,,818-375-4023,,1194933416,8250 WOODMAN AVE,PANORAMA CITY,CA,91402,LAGUNA NIGUEL,ORANGE,92677,high,license_number,10-31-2026,Physical Therapist
PT,16254,ERNEST ALAN LOHMAN,RPT,949-448-0872,,1962579565,27432 ALISO CREEK RD,ALISO VIEJO,CA,92656,ALISO VIEJO,ORANGE,92656,high,license_number,05-31-2027,Physical Therapist
PT,17690,ERNEST KOCSIS,DPT,760-720-9898,,1255140497,3140 EL CAMINO REAL,CARLSBAD,CA,92008,HUNTINGTON BEACH,ORANGE,92649,high,license_number,03-31-2027,Physical Therapist
PT,299591,ERNESTO HERNANDEZ,DPT,310-807-7545,,1649867532,3680 E IMPERIAL HWY STE 504,LYNWOOD,CA,90262,ANAHEIM,ORANGE,92805,high,license_number,08-31-2028,Physical Therapist
PT,35645,ERROLL AUSTRIA,PT,213-712-0015,,1851789713,1835 W LA VETA AVE,ORANGE,CA,92868,SAN JUAN CAPISTRANO,ORANGE,92675,high,license_number,01-31-2027,Physical Therapist
PT,35376,ERWIN C GALICINAO,RPT,562-677-3700,,1083855381,5510 CLARK AVE,LAKEWOOD,CA,80712,HUNTINGTON BEACH,ORANGE,92646,high,license_number,06-30-2028,Physical Therapist
PT,300393,ESTHER BAEK,"PT, DPT",714-538-0025,,1114693983,239 E KATELLA AVE,ORANGE,CA,92867,BREA,ORANGE,92821,high,license_number,08-31-2028,Physical Therapist
PT,308534,ETHAN LE,"PT, DPT",949-716-2730,,1992676233,24422 AVENIDA DE LA CARLOTA STE 100,LAGUNA HILLS,CA,92653,IRVINE,ORANGE,92604,high,license_number,04-30-2027,Physical Therapist
PT,299079,EUGENE YOU,"PT, DPT",714-615-2321,,1922613082,1323 W WOODCREST AVE,FULLERTON,CA,92833,FULLERTON,ORANGE,92833,high,license_number,02-29-2028,Physical Therapist
PT,25076,EUN-CHONG KIM,MPT,562-690-8299,,1578879862,2873 MUIR TRAIL DR,FULLERTON,CA,92833,FULLERTON,ORANGE,92833,high,license_number,08-31-2027,Physical Therapist
PT,292457,EVAN PHAM,,714-736-6855,,1851834683,7941 BEACH BLVD STE J,BUENA PARK,CA,90620,ANAHEIM,ORANGE,92806,high,license_number,09-30-2026,Physical Therapist
PT,306812,FABIOLA A LEYVA,P.T.,310-371-8555,,1174858229,3460 TORRANCE BLVD STE 100,TORRANCE,CA,90503,COSTA MESA,ORANGE,92626,medium,name_exact,08-31-2028,Physical Therapist
PT,32209,FARIBA AMINI,PT,949-387-1699,,1467464677,263 STANFORD CT,IRVINE,CA,92612,IRVINE,ORANGE,92603,high,license_number,07-31-2027,Physical Therapist
PT,43440,FARINOUSH SHIRANI,,909-358-0333,,1912352006,1754 W ARROW RTE,UPLAND,CA,91786,COSTA MESA,ORANGE,92626,high,license_number,03-31-2027,Physical Therapist
PT,28186,FARZANA ANJUM,,714-748-6166,,1265552830,4201 W CHAPMAN AVE,ORANGE,CA,92868,PLACENTIA,ORANGE,92870,high,license_number,12-31-2026,Physical Therapist
PT,29119,FATEMEH SHIRVANI,Physical Therapy,209-735-5000,,1598093346,4601 DALE RD,MODESTO,CA,95356,IRVINE,ORANGE,92612,high,license_number,03-31-2027,Physical Therapist
PT,15311,FD BLADE BRANHAM,PT,760-340-1812,,1114902392,73345 HIGHWAY 111 STE 103,PALM DESERT,CA,92260,LAGUNA NIGUEL,ORANGE,92677,high,license_number,12-31-2027,Physical Therapist
PT,294582,FELICIA TANG,,562-237-9790,,1174271902,5622 LOCKHAVEN DR,BUENA PARK,CA,90621,ANAHEIM,ORANGE,92801,high,license_number,03-31-2027,Physical Therapist
PT,24314,FELICIANO Q. OCAMPO,RPT,310-562-5221,,1023327996,131 DRAFT WAY,PLACENTIA,CA,92870,ANAHEIM HILLS,ORANGE,92807,high,license_number,05-31-2027,Physical Therapist
PT,304286,FELIX JOHANNES TAKACSI-NAGY,,408-358-1460,,1194404616,16615 LARK AVE STE 101,LOS GATOS,CA,95032,SAN CLEMENTE,ORANGE,92672,high,license_number,09-30-2026,Physical Therapist
PT,22908,FERDINAND A MERIOLES,"PT, MTC",562-657-4803,,1720204852,9353 IMPERIAL HWY,DOWNEY,CA,90242,PLACENTIA,ORANGE,92870,high,license_number,12-31-2027,Physical Therapist
PT,29115,FERDINAND REYES MANGASEP,PT,657-666-9288,,1245391879,6888 LINCOLN AVE STE J2,BUENA PARK,CA,90620,BUENA PARK,ORANGE,90620,high,license_number,09-30-2027,Physical Therapist
PT,300457,FERGIE ANNE CRUZ MERCADO,"PT, DPT",949-679-3337,,1598430712,4482 BARRANCA PKWY STE 195,IRVINE,CA,92604,TUSTIN,ORANGE,92782,high,license_number,03-31-2027,Physical Therapist
PT,29422,FERIN ZAMPESE,P.T.,714-634-4567,,1295110955,280 S MAIN ST,ORANGE,CA,92868,COSTA MESA,ORANGE,92627,high,license_number,08-31-2027,Physical Therapist
PT,307743,FIORELLA FERNANDEZ BARREDA,,714-780-0010,,1821894353,505 N EUCLID ST STE 680,ANAHEIM,CA,92801,ANAHEIM,ORANGE,92804,medium,name_exact,10-31-2026,Physical Therapist
PT,41354,FLORA NGUYEN,D.P.T,949-600-5439,,1649686064,20996 BAKE PKWY,LAKE FOREST,CA,92630,GARDEN GROVE,ORANGE,92841,high,license_number,08-31-2027,Physical Therapist
PT,27299,FLORABELLE KHOE,P.T.,714-456-6170,,1366806416,101 THE CITY DR S,ORANGE,CA,92868,PLACENTIA,ORANGE,92870,high,license_number,12-31-2027,Physical Therapist
PT,28290,FLORIN IONEL DOBREA,M.P.T.,909-478-9508,,1679720817,10459 MOUNTAIN VIEW AVE,LOMA LINDA,CA,92354,YORBA LINDA,ORANGE,92886,high,license_number,06-30-2028,Physical Therapist
PT,21389,FORTUNATO DAVID AZOULAY,M.P.T.,949-233-1980,,1053560276,17595 HARVARD AVE STE C,IRVINE,CA,92614,IRVINE,ORANGE,92604,high,license_number,11-30-2027,Physical Therapist
PT,14680,FRANCES LEONG,,949-374-2703,,1174157762,4 MYKONOS,LAGUNA NIGUEL,CA,92677,LAGUNA NIGUEL,ORANGE,92677,medium,name_exact,04-30-2027,Physical Therapist
PT,24138,FRANCINE WYNN,PT24138,949-644-2022,,1962554220,19732 MACARTHUR BLVD STE 125,IRVINE,CA,92612,IRVINE,ORANGE,92603,high,license_number,08-31-2028,Physical Therapist
PT,29252,FRANCO PAUL NERO ESTACIO,RPT,562-483-3691,,1851554380,3125 W ANACAPA WAY,ANAHEIM,CA,92801,BUENA PARK,ORANGE,90620,high,license_number,08-31-2027,Physical Therapist
PT,35290,FRANK ACUNIA,"DC, PT",949-722-7070,,1306016043,17524 VON KARMAN AVE,IRVINE,CA,92614,FOUNTAIN VALLEY,ORANGE,92708,high,license_number,03-31-2028,Physical Therapist
PT,307153,FRANK LEE,,909-703-2465,,1003610379,25864 BUSINESS CENTER DR STE C,REDLANDS,CA,92374,BREA,ORANGE,92823,medium,name_exact,05-31-2028,Physical Therapist
PT,291263,FRANK NGO,DPT,714-968-1316,,1801241575,17050 BUSHARD ST,FOUNTAIN VALLEY,CA,92708,ANAHEIM,ORANGE,92804,medium,name_exact,06-30-2027,Physical Therapist
PT,28555,FRED KIM,DPT,949-768-7500,,1740366152,27762 VISTA DEL LAGO STE A-1,MISSION VIEJO,CA,92692,LAKE FOREST,ORANGE,92630,high,license_number,03-31-2027,Physical Therapist
PT,37755,FREDRIC ART QUINTOS SAYAO,,714-590-0100,,1003197203,9764 GARDEN GROVE BLVD,GARDEN GROVE,CA,92844,FULLERTON,ORANGE,92833,medium,name_exact,09-30-2026,Physical Therapist
PT,300023,FUJIE TANG,,805-455-8095,,1841887460,5 BELCANTO,IRVINE,CA,92614,IRVINE,ORANGE,92614,medium,name_exact,02-28-2027,Physical Therapist
PT,41042,FUMIAKI ISSHIKI,,412-961-2138,,1386061810,6771 WESTMINSTER BLVD STE I,WESTMINSTER,CA,92683,GARDEN GROVE,ORANGE,92844,high,license_number,06-30-2027,Physical Therapist
PT,24789,GABOR RAFFAY,PT,949-673-2893,,1851589402,747 DOVER DR,NEWPORT BEACH,CA,92663,NEWPORT BEACH,ORANGE,92663,high,license_number,08-31-2027,Physical Therapist
PT,293607,GABRIEL P IGNACIO,DPT,949-431-6551,,1235657529,1156 WRIGHT LN,FULLERTON,CA,92833,FULLERTON,ORANGE,92833,high,license_number,05-31-2027,Physical Therapist
PT,308597,GABRIELLA ELLYSE RAMIREZ,"PT, DPT",949-388-8788,,1427935261,1031 AVENIDA PICO STE 201,SAN CLEMENTE,CA,92673,RCHO STA MARG,ORANGE,92688,high,license_number,09-30-2028,Physical Therapist
PT,304655,GABRIELLE C ETCHEGARAY JACKSON,DPT,714-780-0010,,1760265565,505 N EUCLID ST STE 680,ANAHEIM,CA,92801,YORBA LINDA,ORANGE,92886,high,license_number,09-30-2026,Physical Therapist
PT,28779,GAIL BALLON,RPT,562-484-3860,,1235293176,8615 KNOTT AVE,BUENA PARK,CA,90620,ANAHEIM,ORANGE,92807,high,license_number,12-31-2026,Physical Therapist
PT,296977,GAIL S SKOROPAD,DPT,949-690-0137,,1821647132,24422 AVENIDA DE LA CARLOTA STE 190,LAGUNA HILLS,CA,92653,IRVINE,ORANGE,92617,high,license_number,01-31-2027,Physical Therapist
PT,40365,GARRETT ALEXANDER HAYES,"DPT, CSCS",949-707-5555,,1205269834,22995 MILL CREEK DR,LAGUNA HILLS,CA,92653,FULLERTON,ORANGE,92835,high,license_number,10-31-2026,Physical Therapist
PT,299964,GARRETT MICHAEL JAY,,714-754-7268,,1164000949,17272 NEWHOPE ST STE G,FOUNTAIN VALLEY,CA,92708,IRVINE,ORANGE,92614,high,license_number,07-31-2028,Physical Therapist
PT,309909,GARRETT TODD SPENCER,PT,949-312-2485,,1568165587,31896 PLAZA DR STE E3,SAN JUAN CAPISTRANO,CA,92675,LADERA RANCH,ORANGE,92694,high,license_number,02-29-2028,Physical Therapist
PT,302212,GARY CHEN,PT,323-865-1200,,1487383378,1640 MARENGO ST STE 102,LOS ANGELES,CA,90033,IRVINE,ORANGE,92602,high,license_number,10-31-2027,Physical Therapist
PT,36109,GAYATRI RAMANUJAM ACHARYA,BPT,732-754-7153,,1629221783,785 LAS PALMAS DR,IRVINE,CA,92602,IRVINE,ORANGE,92620,high,license_number,11-30-2026,Physical Therapist
PT,291658,GENEVIEVE ROSE NEELY,DPT,714-703-8477,,1669924973,12465 LEWIS STREET,GARDEN GROVE,CA,92840,BUENA PARK,ORANGE,90620,high,license_number,10-31-2027,Physical Therapist
PT,20180,GEORGE C STABLEIN,MPT,949-455-4273,,1609965847,23781 MAQUINA,MISSION VIEJO,CA,92691,TUSTIN,ORANGE,92782,high,license_number,10-31-2027,Physical Therapist
PT,14322,GEORGE JAMES BENECK,"PT, MS, OCS",310-325-7404,,1831303544,3500 LOMITA BLVD STE M100,TORRANCE,CA,90505,GARDEN GROVE,ORANGE,92845,high,license_number,12-31-2026,Physical Therapist
PT,295435,GEORGE RABAJA,"PT, DPT",949-863-9103,,1790270536,2362 MORSE AVE,IRVINE,CA,92614,ALISO VIEJO,ORANGE,92656,medium,name_exact,03-31-2028,Physical Therapist
PT,11504,GEORGE RAYMOND ESPINOZA,,562-212-9976,,1659451011,4481 ELDER AVE,SEAL BEACH,CA,90740,SEAL BEACH,ORANGE,90740,high,license_number,08-31-2027,Physical Therapist
PT,291551,GEORGE S TEER,PT,714-968-3003,,1457454753,19032 MAGNOLIA STREET,HUNTINGTON BEACH,CA,92646,WESTMINSTER,ORANGE,92683,medium,name_exact,08-31-2027,Physical Therapist
PT,11464,GEORGE SIDNEY YOUNG,"MS, DPT, OCS",562-795-5295,,1891782231,5122 KATELLA AVE,LOS ALAMITOS,CA,90720,LOS ALAMITOS,ORANGE,90720,high,license_number,09-30-2027,Physical Therapist
PT,40923,GERALD KEPHART,"PT, DPT",714-321-8692,,1134679756,242 NAPOLI DR,BREA,CA,92821,BREA,ORANGE,92821,high,license_number,06-30-2027,Physical Therapist
PT,34065,GERALDINE TUBON,,714-564-7800,,1194905430,1901 COLLEGE AVE,SANTA ANA,CA,92706,GARDEN GROVE,ORANGE,92843,high,license_number,08-31-2027,Physical Therapist
PT,291221,GILLIAN VIRGINIA BANTIS,"PT, DPT, OCS",949-265-2442,,1336500859,250 E. YALE LOOP,IRVINE,CA,92604,IRVINE,ORANGE,92604,high,license_number,11-30-2027,Physical Therapist
PT,24265,GINA BROWN,PT,714-962-6760,,1407151384,18700 BEACH BLVD,HUNTINGTON BEACH,CA,92648,FULLERTON,ORANGE,92835,high,license_number,06-30-2027,Physical Therapist
PT,27044,GINA D'ANGELO,PT,714-986-3300,,1861784001,18200 YORBA LINDA BLVD,YORBA LINDA,CA,92886,ANAHEIM HILLS,ORANGE,92807,high,license_number,03-31-2028,Physical Therapist
PT,29347,GINELLE VILA-DULAY FAJARDO,P.T.,714-999-6596,,1245338102,215 N STATE COLLEGE BLVD,ANAHEIM,CA,92806,PLACENTIA,ORANGE,92870,high,license_number,10-31-2027,Physical Therapist
PT,29100,GINGER FEE,,949-640-2121,,1306077045,2600 EAST PACIFIC COAST HIGHWAY,CORONA DEL MAR,CA,92625,SANTA ANA,ORANGE,92701,high,license_number,04-30-2027,Physical Therapist
PT,296216,GISOU TAHMASBI,,407-506-2988,,1407355787,8983 OKEECHOBEE BLVD STE 208,WEST PALM BEACH,FL,33411,RSM,ORANGE,92688,medium,name_exact,07-31-2028,Physical Therapist
PT,29544,GIZELLE ANN MASANCAY,PT,310-320-4130,,1972715308,22617 S VERMONT AVE,TORRANCE,CA,90502,ANAHEIM,ORANGE,92806,high,license_number,10-31-2027,Physical Therapist
PT,302104,GLADYS ALMOITE SUOS,PHYSICAL THERAPY,714-329-9105,,1255078515,3620 LONG BEACH BLVD STE C11,LONG BEACH,CA,90807,ORANGE,ORANGE,92867,high,license_number,11-30-2027,Physical Therapist
PT,26582,GLEN CUTSHALL,P.T.,714-374-0233,,1992180640,2100 MAIN ST STE 250,HUNTINGTON BEACH,CA,92648,GARDEN GROVE,ORANGE,92845,high,license_number,01-31-2027,Physical Therapist
PT,16797,GRACE ELIZABETH HERNANDEZ,PT,949-240-8441,,1205176682,26284 OSO ROAD,SAN JUAN CAPISTRANO,CA,92675,SANTA ANA,ORANGE,92705,high,license_number,07-31-2028,Physical Therapist
PT,25584,GRACE K LU,PT,650-723-6701,,1669689592,300 PASTEUR DR,PALO ALTO,CA,94305,ANAHEIM,ORANGE,92807,high,license_number,11-30-2027,Physical Therapist
PT,20757,GREG EDWARD PETERSEN,P.T.,310-543-4655,,1013013176,3878 W CARSON ST,TORRANCE,CA,90503,HUNTINGTON BEACH,ORANGE,92649,high,license_number,06-30-2028,Physical Therapist
PT,298421,GREG MOSES,DPT,949-250-1112,,1841823291,2777 BRISTOL ST STE B,COSTA MESA,CA,92626,IRVINE,ORANGE,92612,medium,name_exact,06-30-2027,Physical Therapist
PT,26560,GREGORY JAMES VAN CAMP,"D.P.T., A.T., C.",714-256-5074,,1790770436,1800 E LAMBERT RD,BREA,CA,92821,ORANGE,ORANGE,92867,high,license_number,11-30-2026,Physical Therapist
PT,299497,GREGORY MOE,,949-206-1700,gmoe@prnpt.com,1346845104,26302 LA PAZ RD STE 105,MISSION VIEJO,CA,92691,LAKE FOREST,ORANGE,92630,high,license_number,09-30-2026,Physical Therapist
PT,14252,GREGORY VON TERRY,Physical Therapist,626-969-9800,,1528316940,6000 N IRWINDALE AVE STE A,IRWINDALE,CA,91702,PLACENTIA,ORANGE,92870,high,license_number,12-31-2026,Physical Therapist
PT,26623,GROYZ NGUYEN,RPT,714-633-3568,,1902065436,920 W LA VETA AVE,ORANGE,CA,92868,GARDEN GROVE,ORANGE,92840,high,license_number,01-31-2027,Physical Therapist
PT,306120,GUADALUPE MEDINA,PT,657-235-4012,,1891537726,1715 ALONA ST,SANTA ANA,CA,92706,SANTA ANA,ORANGE,92706,high,license_number,12-31-2027,Physical Therapist
PT,7334,GUY ALAN MORRISON,"R.P.T., D.C.",714-754-0467,,1659565422,1121 W COLUMBINE AVE,SANTA ANA,CA,92707,SANTA ANA,ORANGE,92707,high,license_number,11-30-2026,Physical Therapist
PT,42682,GUYEON CHUNG,,562-902-6033,,1891184917,12627 SANTA GERTRUDES AVE STE E,LA MIRADA,CA,90638,FULLERTON,ORANGE,92833,medium,name_exact,07-31-2027,Physical Therapist
PT,297529,HAILEY STEPHEN,"PT, DPT",714-639-4990,,1831734318,1301 W PROVIDENCE AVE,ORANGE,CA,92868,ANAHEIM,ORANGE,92807,high,license_number,03-31-2027,Physical Therapist
PT,306954,HALEY MOSS,"PT, DPT",949-861-8600,,1134946544,17332 VON KARMAN AVE STE 120,IRVINE,CA,92614,ANAHEIM,ORANGE,92805,high,license_number,01-31-2028,Physical Therapist
PT,41458,HALEY WHYTE,DPT,760-741-9292,,1144638131,1101 S ANAHEIM BLVD,ANAHEIM,CA,92805,IRVINE,ORANGE,92620,high,license_number,10-31-2027,Physical Therapist
PT,308138,HAN NGUYEN,"PT, DPT",949-759-1840,,1427948942,15 CORPORATE PLAZA DR STE 130,NEWPORT BEACH,CA,92660,BREA,ORANGE,92821,high,license_number,01-31-2027,Physical Therapist
PT,297664,HANA MAE JAMES,"PT, DPT",714-838-7099,,1376189175,250 EL CAMINO REAL STE 100,TUSTIN,CA,92780,YORBA LINDA,ORANGE,92886,high,license_number,01-31-2027,Physical Therapist
PT,308673,HANEEF MALIK ZAKEE,,949-876-5299,,1396621272,24491 ALICIA PKWY,MISSION VIEJO,CA,92691,LA HABRA,ORANGE,90631,high,license_number,10-31-2026,Physical Therapist
PT,23647,HANK JONATHAN CHINN,MPT,562-428-3556,,1225091101,4010 ORANGE AVE,LONG BEACH,CA,90807,HUNTINGTON BEACH,ORANGE,92646,high,license_number,02-29-2028,Physical Therapist
PT,38823,HANNAH CHOI,DPT,626-356-0599,,1952650384,801 S. RAYMOND AVE,PASADENA,CA,91105,BUENA PARK,ORANGE,90620,high,license_number,03-31-2027,Physical Therapist
PT,294933,HANNAH ROSS,DPT,714-750-4097,,1740768118,13341 GARDEN GROVE BLVD STE B,GARDEN GROVE,CA,92843,COSTA MESA,ORANGE,92626,high,license_number,12-31-2027,Physical Therapist
PT,24587,HANNAH WELLS GAY,"PT, DPT",704-787-3421,,1316859580,6041 CADILLAC AVE,LOS ANGELES,CA,90034,IRVINE,ORANGE,92602,high,license_number,01-31-2027,Physical Therapist
PT,39681,HANS CHRISTIAAN MENDEZ,DPT,951-471-3300,,1982948097,31764 CASINO DR,LAKE ELSINORE,CA,92530,ANAHEIM,ORANGE,92805,high,license_number,11-30-2026,Physical Therapist
PT,19816,HANY MOHSEN GHOBRIAL,PT,626-359-8141,,1033817655,802 BUENA VISTA ST,DUARTE,CA,91010,GARDEN GROVE,ORANGE,92845,high,license_number,01-31-2028,Physical Therapist
PT,36946,HARCELYN CARDENAS,,949-837-8000,,1568161982,24452 HEALTH CENTER DR,LAGUNA HILLS,CA,92653,RANCHOSANTAMARGARITA,ORANGE,92688,medium,name_exact,04-30-2028,Physical Therapist
PT,304949,HARMANDEEP SIDHU,DPT,408-358-1460,,1124809496,15350 BARRANCA PKWY,IRVINE,CA,92618,RNCHO SNTA MRGRTA,ORANGE,92688,high,license_number,01-31-2027,Physical Therapist
PT,28703,HAROLD PAUL MANRIQUE,MPT,949-748-7806,,1427121649,22 ODYSSEY STE 260,IRVINE,CA,92618,ALISO VIEJO,ORANGE,92656,high,license_number,01-31-2027,Physical Therapist
PT,37012,HARVEY BROCKMAN,,323-857-4269,,1669700183,6041 CADILLAC AVE,LOS ANGELES,CA,90034,SAN CLEMENTE,ORANGE,92673,medium,name_exact,08-31-2028,Physical Therapist
PT,297538,HASHEM AMR JARRAH,,657-220-4002,,1649815275,325 N STATE COLLEGE BLVD,ANAHEIM,CA,92806,ANAHEIM,ORANGE,92806,high,license_number,09-30-2027,Physical Therapist
PT,35375,HAZEL KATRINA RODRIGUEZ,PT,714-646-8300,,1477824514,740 S PLACENTIA AVE,PLACENTIA,CA,92870,BUENA PARK,ORANGE,90620,high,license_number,07-31-2028,Physical Therapist
PT,43457,HAZLETT HERNANDEZ,"PT,DPT",949-861-8600,,1407211634,17332 VON KARMAN AVE,IRVINE,CA,92614,NEWPORT BEACH,ORANGE,92660,high,license_number,06-30-2027,Physical Therapist
PT,294925,HEATHER ANN SCHINNERER,DPT,194-925-0111,,1386136661,2777 BRISTOL ST STE B,COSTA MESA,CA,92626,IRVINE,ORANGE,92618,medium,name_exact,10-31-2027,Physical Therapist
PT,43596,HEATHER BRITANY WHITING DEMIRCI,"DPT, FFMT, FAAOMPT",949-423-6241,,1184912131,4695 MACARTHUR CT,NEWPORT BEACH,CA,92660,NEWPORT BEACH,ORANGE,92660,high,license_number,06-30-2027,Physical Therapist
PT,32406,HEATHER DE GUELLE,DPT,949-936-5036,,1114870920,5050 BARRANCA PKWY,IRVINE,CA,92604,COSTA MESA,ORANGE,92626,high,license_number,10-31-2027,Physical Therapist
PT,37579,HEATHER HEFFNER,DPT,714-892-6828,,1487945101,12881 KNOTT ST STE 103,GARDEN GROVE,CA,92841,RANCHO MISSION VIEJO,ORANGE,92694,high,license_number,02-28-2027,Physical Therapist
PT,38568,HEATHER KRISTINE BLEDSOE,DPT,949-586-1234,,1215206255,25631 PETER A HARTMAN WAY,MISSION VIEJO,CA,92691,LAKE FOREST,ORANGE,92630,high,license_number,06-30-2027,Physical Therapist
PT,40757,HEATHER LYNN ACKLEY,DPT,949-752-2227,,1689005191,18271 MCDURMOTT W,IRVINE,CA,92614,IRVINE,ORANGE,92618,high,license_number,04-30-2027,Physical Therapist
PT,10907,HEIDE COMM,DPT,916-939-6800,,1114202066,705 GOLD LAKE DR STE 350,FOLSOM,CA,95630,HUNTINGTON BEACH,ORANGE,92649,high,license_number,02-28-2027,Physical Therapist
PT,30255,HEIDI AKEMI TIGLAO,PT,866-839-6979,,1215792403,16185 LOS GATOS BLVD STE 205,LOS GATOS,CA,95032,LAKE FOREST,ORANGE,92630,high,license_number,05-31-2028,Physical Therapist
PT,42976,HEIDI BENDER COLLEN,DPT,714-870-6116,,1972972172,233 ORANGEFAIR MALL,FULLERTON,CA,92832,HUNTINGTON BEACH,ORANGE,92646,high,license_number,12-31-2026,Physical Therapist
PT,29299,HEIDI DAWN PERALTA,MPT,714-374-0233,,1376730044,2100 MAIN ST,HUNTINGTON BEACH,CA,92648,YORBA LINDA,ORANGE,92886,high,license_number,08-31-2027,Physical Therapist
PT,36641,HELEN TACHE KABBANI,D.P.T.,949-481-0015,,1568777050,1327 CALLE AVANZADO STE B,SAN CLEMENTE,CA,92673,LAGUNA HILLS,ORANGE,92653,high,license_number,06-30-2027,Physical Therapist
PT,309158,HENNALY PATEL,DPT,949-877-7745,,1730040734,30492 GATEWAY PL STE 201,RANCHO MISSION VIEJO,CA,92694,IRVINE,ORANGE,92618,high,license_number,11-30-2027,Physical Therapist
PT,302653,HIEP HOANG NGUYEN,DPT,714-468-8904,,1912625831,8492 20TH PL,WESTMINSTER,CA,92683,WESTMINSTER,ORANGE,92683,high,license_number,04-30-2028,Physical Therapist
PT,38420,HIEP NGOC PHAM,"PT,DPT",714-619-8766,,1134911100,3401 W SUNFLOWER AVE STE 200,SANTA ANA,CA,92704,WESTMINSTER,ORANGE,92683,high,license_number,12-31-2026,Physical Therapist
PT,40719,HIRAL GAURAV VASA,DPT,562-334-5398,,1386034130,3851 KATELLA AVE STE 365,LOS ALAMITOS,CA,90720,LOS ALAMITOS,ORANGE,90720,high,license_number,10-31-2027,Physical Therapist
PT,298526,HITAXI AMBALAL PATEL,DPT,951-376-1120,Abby.r@utninc.com,1356852461,9900 INDIANA AVE STE 2,RIVERSIDE,CA,92503,SAN CLEMENTE,ORANGE,92672,high,license_number,05-31-2028,Physical Therapist
PT,295531,HIU MAN TAM,"PT, DPT",949-262-9142,,1487137584,14150 CULVER DR STE 100,IRVINE,CA,92604,YORBA LINDA,ORANGE,92886,high,license_number,03-31-2028,Physical Therapist
PT,303199,HO JUNG LEE,,949-679-3337,,1740999333,4482 BARRANCA PKWY STE 195,IRVINE,CA,92604,ORANGE,ORANGE,92869,high,license_number,05-31-2028,Physical Therapist
PT,23545,HOANGTU DAO,P.T.,310-649-5339,,1396843827,8540 S SEPULVEDA BLVD,LOS ANGELES,CA,90045,PLACENTIA,ORANGE,92870,high,license_number,05-31-2028,Physical Therapist
PT,32071,HOLLY HORIKAWA,"PT, DPT, CLT",714-963-3322,,1982902417,18384 BROOKHURST ST,FOUNTAIN VALLEY,CA,92708,HUNTINGTON BEACH,ORANGE,92648,high,license_number,02-28-2027,Physical Therapist
PT,36685,HOLLY K FINLEY,PT,949-240-0600,,1053539197,647 CAMINO DE LOS MARES STE 111,SAN CLEMENTE,CA,92673,SAN CLEMENTE,ORANGE,92673,high,license_number,03-31-2028,Physical Therapist
PT,25502,HOLLY M WAGNER,MPT,714-289-7790,,1285767350,1178 N TUSTIN ST,ORANGE,CA,92867,ORANGE,ORANGE,92865,high,license_number,04-30-2028,Physical Therapist
PT,301792,HOLLY MAY BRENNAN,"PT, DPT",949-922-9698,,1871288530,3745 W CHAPMAN AVE STE 200,ORANGE,CA,92868,ALISO VIEJO,ORANGE,92656,medium,name_exact,11-30-2027,Physical Therapist
PT,301514,HOSSEIN SHOKRI,"PT, DPT",949-364-1400,,1558013813,27700 MEDICAL CENTER RD,MISSION VIEJO,CA,92691,RSM,ORANGE,92688,high,license_number,08-31-2027,Physical Therapist
PT,26614,HOWARD X LE,,661-945-0884,,1851596167,412 W AVENUE J,LANCASTER,CA,93534,YORBA LINDA,ORANGE,92886,high,license_number,03-31-2027,Physical Therapist
PT,32870,HUE TRINH-TA,"DPT, DACM",562-716-2868,,1134304132,16153 WHITTIER BLVD,WHITTIER,CA,90603,GARDEN GROVE,ORANGE,92840,high,license_number,10-31-2027,Physical Therapist
PT,26455,HUNG NGO,dpt,562-522-3176,,1346482106,9555 WARNER AVE,FOUNTAIN VALLEY,CA,92708,FOUNTAIN VALLEY,ORANGE,92708,high,license_number,11-30-2026,Physical Therapist
PT,25331,HUNG-EN CHEN,MPT,626-280-0774,,1245420975,8035 HILL DR,ROSEMEAD,CA,91770,FULLERTON,ORANGE,92835,high,license_number,09-30-2027,Physical Therapist
PT,32960,HUNG-WEN CHEN,,714-495-8059,,1891837100,1520 BROOKHOLLOW DR STE 30,SANTA ANA,CA,92705,IRVINE,ORANGE,92620,high,license_number,03-31-2028,Physical Therapist
PT,18304,HUSENA H DALAL,PT,888-988-2800,,1730383878,441 N LAKEVIEW AVE,ANAHEIM,CA,92807,IRVINE,ORANGE,92720,high,license_number,01-31-2028,Physical Therapist
PT,292354,HUY KIEN VO,P.T.,714-876-4323,,1942743174,14381 LYNDON ST,GARDEN GROVE,CA,92843,GARDEN GROVE,ORANGE,92843,high,license_number,05-31-2028,Physical Therapist
PT,309198,HUY NGUYEN,DPT,714-992-5701,,1558225144,2222 N HARBOR BLVD,FULLERTON,CA,92835,YORBA LINDA,ORANGE,92886,high,license_number,09-30-2027,Physical Therapist
PT,41163,HUY NGUYEN,,714-270-7050,,1790103182,11611 WASCO RD,GARDEN GROVE,CA,92841,GARDEN GROVE,ORANGE,92841,high,license_number,06-30-2027,Physical Therapist
PT,304516,HUY PHAM,DPT,714-891-2739,,1619755196,14221 EUCLID ST STE F,GARDEN GROVE,CA,92843,IRVINE,ORANGE,92618,high,license_number,06-30-2027,Physical Therapist
PT,6772,HYMIE NONE FISHENFELD,P.T.,949-349-9499,,1568614766,41 EVENING LIGHT LANE,ALISO VIEJO,CA,92656,ALISO VIEJO,ORANGE,92556,high,license_number,02-28-2027,Physical Therapist
PT,294892,HYUNHYE LEE,DPT,408-736-7600,,1548755747,333 SOQUEL WAY,SUNNYVALE,CA,94085,TUSTIN,ORANGE,92780,high,license_number,05-31-2028,Physical Therapist
PT,303423,IAN FREDRICK MAGPANTAY,,951-595-2154,,1033823109,41421 DATE ST STE 101,MURRIETA,CA,92562,IRVINE,ORANGE,92618,high,license_number,01-31-2028,Physical Therapist
PT,309111,IGNATIA TERESA WANG,DPT,562-598-5500,,1184588998,1005 PACIFIC COAST HWY,SEAL BEACH,CA,90740,GARDEN GROVE,ORANGE,92840,high,license_number,09-30-2027,Physical Therapist
PT,28592,INJIN SOULE,,714-748-6268,,1245434398,4201 W CHAPMAN AVE,ORANGE,CA,92868,NEWPORT BEACH,ORANGE,92660,high,license_number,08-31-2027,Physical Therapist
PT,299306,IRINA WINQUIST,DPT,310-707-8319,,1760179626,2777 ALTON PKWY APT 315,IRVINE,CA,92606,TUSTIN,ORANGE,92782,high,license_number,12-31-2027,Physical Therapist
PT,307082,ISAAC AN,,714-530-6322,,1215749627,13075 BLACKBIRD ST,GARDEN GROVE,CA,92843,ORANGE,ORANGE,92869,high,license_number,10-31-2028,Physical Therapist
PT,37186,ISABEL ROCIO HUI,PT,949-446-4460,,1447552658,22722 LAMBERT ST STE 1709,LAKE FOREST,CA,92630,MISSION VIEJO,ORANGE,92692,high,license_number,01-31-2028,Physical Therapist
PT,298705,ISAQUE FEITOSA,"PT, DPT, CSCS",866-839-6979,,1316699093,16185 LOS GATOS BLVD STE 205,LOS GATOS,CA,95032,HUNTINGTON BEACH,ORANGE,92647,medium,name_exact,07-31-2028,Physical Therapist
PT,305592,ISAYA MICHAEL REYES,DPT,949-206-1700,,1770352437,26302 LA PAZ RD STE 105,MISSION VIEJO,CA,92691,ANAHEIM,ORANGE,92804,medium,name_exact,10-31-2027,Physical Therapist
PT,302549,ISIAH JAMES DE GUZMAN,DPT,562-384-4525,,1821716598,2820 N BELLFLOWER BLVD,LONG BEACH,CA,90815,BUENA PARK,ORANGE,90620,high,license_number,11-30-2027,Physical Therapist
PT,28777,IULIAN LUGOJ,P.T.,714-368-0289,,1568795664,1532 RAINBOW DR,SANTA ANA,CA,92705,TUSTIN,ORANGE,92782,high,license_number,02-28-2027,Physical Therapist
PT,299389,IVAN DUARTE,DPT,714-705-4027,,1275120453,12562 GARDEN GROVE BLVD,GARDEN GROVE,CA,92843,ANAHEIM,ORANGE,92808,medium,name_exact,01-31-2028,Physical Therapist
PT,38963,IZUMI YASUHARA,pt,888-859-0145,,1003170846,6080 CENTER DR FL 6,LOS ANGELES,CA,90045,LAKE FOREST,ORANGE,92630,high,license_number,03-31-2028,Physical Therapist
PT,29842,JACK CHEN,"PT, DPT, CSCS",714-968-1316,,1669562351,17050 BUSHARD ST,FOUNTAIN VALLEY,CA,92708,FOUNTAIN VALLEY,ORANGE,92708,high,license_number,03-31-2028,Physical Therapist
PT,35189,JACLYN MICHELLE HARRISON,DPT,949-340-6927,,1891931226,13001 SEAL BEACH BLVD,SEAL BEACH,CA,90740,HUNTINGTON BEACH,ORANGE,92646,high,license_number,05-31-2028,Physical Therapist
PT,294002,JACLYNN ECK,,909-920-6457,,1225545023,400 N MOUNTAIN AVE STE 310,UPLAND,CA,91786,HUNTINGTON BEACH,ORANGE,92646,high,license_number,04-30-2027,Physical Therapist
PT,303946,JACOB AWADA,,562-380-2178,,1134917982,5810 DOWNEY AVE,LAKEWOOD,CA,90805,HUNTINGTON BEACH,ORANGE,92647,high,license_number,08-31-2028,Physical Therapist
PT,296303,JACOB CASTERSEN,"PT, DPT",949-271-0012,,1205393477,24301 MUIRLANDS BLVD STE T,LAKE FOREST,CA,92630,ORANGE,ORANGE,92865,high,license_number,02-28-2027,Physical Therapist
PT,306398,JACOB COTTLE,DPT,949-766-8535,,1205667136,22521 AVENIDA EMPRESA STE 117,RANCHO SANTA MARGARITA,CA,92688,DANA POINT,ORANGE,92629,high,license_number,08-31-2028,Physical Therapist
PT,29291,JACOB GLEASON,PT,949-542-5000,,1972501732,31461 RANCHO VIEJO RD,SAN JUAN CAPISTRANO,CA,92675,LADERA RANCH,ORANGE,92694,high,license_number,07-31-2027,Physical Therapist
PT,43287,JACOB HENDRICKS,,612-867-4218,,1174983357,224 GRAND CANAL,IRVINE,CA,92620,IRVINE,ORANGE,92603,high,license_number,03-31-2027,Physical Therapist
PT,305278,JACOB HIGGINS,DPT,562-923-4704,,1992572473,12555 LAKEWOOD BLVD,DOWNEY,CA,90242,CYPRESS,ORANGE,90630,high,license_number,11-30-2027,Physical Therapist
PT,303168,JACOB HOLMAN,DPT,800-788-5753,,1902513286,26672 PORTOLA PKWY STE 116,FOOTHILL RANCH,CA,92610,SAN JUAN CAPISTRANO,ORANGE,92675,medium,name_exact,06-30-2028,Physical Therapist
PT,306578,JACOB LUTHER HALMRAST,DPT,949-250-1112,,1609607142,2777 BRISTOL ST,COSTA MESA,CA,92626,COSTA MESA,ORANGE,92626,high,license_number,02-29-2028,Physical Therapist
PT,33293,JACOB M CALDWELL,RPT,949-310-4267,,1750561775,22691 LAMBERT ST STE 520,LAKE FOREST,CA,92630,ALISO VIEJO,ORANGE,92656,high,license_number,09-30-2026,Physical Therapist
PT,297668,JACQUELINE ASHER,"PT, DPT",949-275-0507,,1699355172,5541 EDITA AVE,WESTMINSTER,CA,92683,WESTMINSTER,ORANGE,92683,high,license_number,02-28-2027,Physical Therapist
PT,16120,JACQUELINE MICHELLE ALM,PT,949-496-0122,,1003998774,653 CAMINO DE LOS MARES,SAN CLEMENTE,CA,92673,SAN CLEMENTE,ORANGE,92673,high,license_number,12-31-2026,Physical Therapist
PT,303974,JACQUELINE NGUYEN,,714-600-9618,,1821734427,71 LENA PL,WAHIAWA,HI,96786,GARDEN GROVE,ORANGE,92844,medium,name_exact,04-30-2027,Physical Therapist
PT,13853,JACQUELINE SUE MAROUN,P.T.,949-305-8200,,1053369843,"24551 RAYMOND WAY, #265",LAKE FOREST,CA,92630,LAKE FOREST,ORANGE,92630,high,license_number,12-31-2026,Physical Therapist
PT,300566,JAE YONG LEE,"PT, DPT, CSCS, TSACf",310-478-3711,JaeYong.Lee@va.gov,1639833312,11301 WILSHIRE BLVD,LOS ANGELES,CA,90073,ANAHEIM,ORANGE,92805,high,license_number,11-30-2026,Physical Therapist
PT,18908,JAFAR MOTTAGHIAN MONAZZAM,PT,323-563-1160,,1609987007,4067 TWEEDY BLVD,SOUTH GATE,CA,90280,HUNTINGTON BEACH,ORANGE,92649,high,license_number,02-28-2027,Physical Therapist
PT,43477,JAIME HONG,,626-280-0280,,1255797734,416 N GARFIELD AVE,MONTEREY PARK,CA,91754,FULLERTON,ORANGE,92833,high,license_number,07-31-2027,Physical Therapist
PT,302650,JAKE PHAM,PT,562-427-2225,,1932827227,3292 E WILLOW ST,SIGNAL HILL,CA,90755,HUNTINGTON BEACH,ORANGE,92647,high,license_number,01-31-2028,Physical Therapist
PT,295528,JAMAL OMAR MEHYAR,"PT, DPT",949-443-0713,,1417437823,24582 DEL PRADO STE C,DANA POINT,CA,92629,DANA POINT,ORANGE,92629,medium,name_exact,09-30-2026,Physical Therapist
PT,34516,JAMES BRANDEN GILMER,D.P.T.,562-424-6666,,1255525051,2760 ATLANTIC AVE,LONG BEACH,CA,90806,HUNTINGTON BEACH,ORANGE,92648,medium,name_exact,01-31-2028,Physical Therapist
PT,42330,JAMES GLENN HUNTER,P.T.,949-333-3833,,1730571878,15775 LAGUNA CANYON RD,IRVINE,CA,92618,MISSION VIEJO,ORANGE,92691,high,license_number,12-31-2026,Physical Therapist
PT,35780,JAMES JOSE BUENAVENTURA,D.P.T,310-530-3163,,1760715668,26640 WESTERN AVE,HARBOR CITY,CA,90710,LA HABRA,ORANGE,90631,high,license_number,04-30-2027,Physical Therapist
PT,24568,JAMES MATTHEW SIMMONS,MPT,714-690-0093,,1043347875,14639 LOS FUENTES RD,LA MIRADA,CA,90638,ORANGE,ORANGE,92867,high,license_number,08-31-2027,Physical Therapist
PT,13733,JAMES PELONIS,P.T.,562-493-5501,,1629181532,2017 PALO VERDE AVE,LONG BEACH,CA,90815,GARDEN GROVE,ORANGE,92845,high,license_number,12-31-2027,Physical Therapist
PT,28755,JAMES SLATIN,M.P.T.,714-997-5518,,1760591671,1111 W TOWN AND COUNTRY RD STE 1,ORANGE,CA,92868,ANAHEIM,ORANGE,92808,high,license_number,06-30-2027,Physical Therapist
PT,33247,JAMES V SPOSA,Physical Therapist,714-974-0330,,1760521124,6200 E CANYON RIM RD,ANAHEIM,CA,92807,YORBA LINDA,ORANGE,92886,high,license_number,03-31-2028,Physical Therapist
PT,22620,JAMES WILLIAM HERKIMER,PT,714-543-0542,,1861498644,1178 N TUSTIN ST,ORANGE,CA,92867,SANTA ANA,ORANGE,92705,high,license_number,01-31-2028,Physical Therapist
PT,36804,JAMIE A NEWSOM,RPT,714-963-7712,,1912208851,9036 ADAMS AVE,HUNTINGTON BEACH,CA,92646,HUNTINGTON BEACH,ORANGE,92646,high,license_number,08-31-2027,Physical Therapist
PT,299183,JAMIE LYN TAN,,714-281-0169,,1790382687,30025 ALICIA PKWY,LAGUNA NIGUEL,CA,92677,FULLERTON,ORANGE,92833,high,license_number,02-29-2028,Physical Therapist
PT,17991,JAMIE ROGERSON,,714-835-4900,,1093103269,1800 OLD TUSTIN AVE,SANTA ANA,CA,92705,IRVINE,ORANGE,92604,high,license_number,11-30-2027,Physical Therapist
PT,300587,JAMIE SUBANDHI,,951-273-7742,,1124794508,2275 S MAIN ST STE 102,CORONA,CA,92882,ANAHEIM,ORANGE,92802,medium,name_exact,12-31-2026,Physical Therapist
PT,302764,JAMIL KASSAM,"PT, DPT",858-755-5200,,1124746599,861 HAROLD PL STE 210,CHULA VISTA,CA,91914,SANTA ANA,ORANGE,92705,high,license_number,01-31-2028,Physical Therapist
PT,23583,JANA MITSUE SMITH,PT,714-281-0169,,1245346329,27881 LA PAZ RD,LAGUNA NIGUEL,CA,92677,LAGUNA NIGUEL,ORANGE,92677,high,license_number,06-30-2028,Physical Therapist
PT,296287,JANE CHEN,"PT, DPT",310-451-9700,,1659990158,1340 15TH ST,SANTA MONICA,CA,90404,FULLERTON,ORANGE,92833,high,license_number,03-31-2028,Physical Therapist
PT,14272,JANE HELMECZI,PT,949-295-9523,,1225362510,3 NUTCRACKER LN,ALISO VIEJO,CA,92656,ALISO VIEJO,ORANGE,92656,high,license_number,08-31-2028,Physical Therapist
PT,20001,JANELLE LYNN ROBINSON,physical therapist,949-443-9883,,1720331093,26284 OSO RD,SAN JUAN CAPISTRANO,CA,92675,LAGUNA NIGUEL,ORANGE,92677,high,license_number,06-30-2028,Physical Therapist
PT,32737,JANEN PABELLO CHAN,RPT,562-426-2551,,1477226728,701 E 28TH ST STE 111,LONG BEACH,CA,90806,BUENA PARK,ORANGE,90620,high,license_number,03-31-2028,Physical Therapist
PT,305065,JANET K LEE,DPT,714-707-2699,,1174391809,5832 BEACH BLVD STE 114,BUENA PARK,CA,90621,IRVINE,ORANGE,92602,high,license_number,05-31-2027,Physical Therapist
PT,11551,JANET LEA KONECNE,"PT, DPT, OCS, CSCS",714-478-5601,,1568563831,2121 W CRESCENT AVE,ANAHEIM,CA,92801,ANAHEIM,ORANGE,92801,high,license_number,04-30-2027,Physical Therapist
PT,291885,JANET MA,DPT,714-850-7300,,1467838292,11160 WARNER AVE STE 311,FOUNTAIN VALLEY,CA,92708,NEWPORT BEACH,ORANGE,92663,high,license_number,11-30-2027,Physical Therapist
PT,309251,JANICA KANN,"PT,DPT",714-794-5889,,1457209652,140 S CHAPARRAL CT STE 160,ANAHEIM,CA,92808,ANAHEIM,ORANGE,92806,high,license_number,11-30-2027,Physical Therapist
PT,35655,JANICE AGAYA MARIANO,,714-443-1260,,1407006265,5616 RIVER WAY APT N,BUENA PARK,CA,90621,LA HABRA,ORANGE,90631,high,license_number,10-31-2026,Physical Therapist
PT,33366,JANINA CUDANES MENEGIO,D.P.T,949-861-8600,,1881737393,17332 VON KARMAN AVE,IRVINE,CA,92614,LAKE FOREST,ORANGE,92630,high,license_number,04-30-2028,Physical Therapist
PT,8996,JARED R HOUSER,PT,541-266-3658,,1912605726,2645 N 17TH ST,COOS BAY,OR,97420,RANCHO SANTA MARGARI,ORANGE,92688,high,license_number,07-31-2028,Physical Therapist
PT,293542,JARETT ENNIS,,866-467-7317,,1649841354,2 LAS ESTRELLAS LOOP,RANCHO MISSION VIEJO,CA,92694,MISSION VIEJO,ORANGE,92691,medium,name_exact,08-31-2027,Physical Therapist
PT,307451,JARRED EVAN CALL,,714-406-3447,,1659185759,3324 ALABAMA CIR,COSTA MESA,CA,92626,FOUNTAIN VALLEY,ORANGE,92708,high,license_number,05-31-2028,Physical Therapist
PT,25973,JASMENE JARRETT,MPT,949-722-8811,,1205812203,2651 IRVINE AVE,COSTA MESA,CA,92627,ORANGE,ORANGE,92869,high,license_number,10-31-2026,Physical Therapist
PT,38572,JASMINE CHAN-RUIZ,"PT, DPT",650-743-6456,,1588938880,233 ORANGEFAIR MALL,FULLERTON,CA,92832,BREA,ORANGE,92821,high,license_number,01-31-2027,Physical Therapist
PT,34358,JASMINE MARIE LEIBEL,DPT,714-556-1600,,1245480839,1700 ADAMS AVE,COSTA MESA,CA,92626,NEWPORT BEACH,ORANGE,92663,high,license_number,01-31-2027,Physical Therapist
PT,303455,JASMINE NGOC TRUONG,DPT,714-334-8902,,1659737492,1737 N OXFORD ST,ANAHEIM,CA,92806,ANAHEIM,ORANGE,92806,high,license_number,10-31-2026,Physical Therapist
PT,24454,JASON HYUK PARK,D.P.T.,949-679-3337,,1053370239,4482 BARRANCA PKWY,IRVINE,CA,92604,IRVINE,ORANGE,92604,high,license_number,05-31-2027,Physical Therapist
PT,29776,JASON JOHN BARAN,M.P.T.,818-901-6600,,1578657169,6815 NOBLE AVE,VAN NUYS,CA,91405,HUNTINGTON BEACH,ORANGE,92646,high,license_number,10-31-2026,Physical Therapist
PT,33781,JASON LUK,D.P.T.,818-240-5012,,1275723637,435 ARDEN AVE,GLENDALE,CA,91203,LADERA RANCH,ORANGE,92694,high,license_number,02-28-2027,Physical Therapist
PT,33414,JASON M BENWELL,DPT,866-871-8519,,1487076881,12400 HIGH BLUFF DR,SAN DIEGO,CA,92130,SAN CLEMENTE,ORANGE,92672,high,license_number,01-31-2027,Physical Therapist
PT,307655,JASON NGO,"PT, DPT",714-548-8747,,1659177194,15241 CORONADO ST,WESTMINSTER,CA,92683,STANTON,ORANGE,90680,high,license_number,12-31-2026,Physical Therapist
PT,294089,JASON PINILI,DPT,714-633-7227,,1225540594,871 S TUSTIN ST,ORANGE,CA,92866,ORANGE,ORANGE,92867,high,license_number,06-30-2027,Physical Therapist
PT,29614,JASON THAD STRACKER,"PT, DPT",626-795-2390,,1710072020,959 E WALNUT ST STE 240,PASADENA,CA,91106,ORANGE,ORANGE,92867,high,license_number,11-30-2027,Physical Therapist
PT,28877,JASON WILLIAM ANDERSON,PT,949-650-4362,,1639319924,1640 NEWPORT BLVD,COSTA MESA,CA,92627,HUNTINGTON BEACH,ORANGE,92646,high,license_number,09-30-2027,Physical Therapist
PT,293645,JASON YI CHEN HUNG,DPT,714-749-0192,,1396255089,808 ADAMS AVE,HUNTINGTON BEACH,CA,92648,FULLERTON,ORANGE,92835,high,license_number,02-28-2027,Physical Therapist
PT,291776,JASON-MATTHEW SAN JOSE MANALILI,PT,310-546-3461,,1750891578,400 S SEPULVEDA BLVD STE 200,MANHATTAN BEACH,CA,90266,HUNTINGTON BEACH,ORANGE,92647,high,license_number,05-31-2028,Physical Therapist
PT,296436,JAZMIN KAN,"PT, DPT, CSCS",949-627-8800,,1033750500,25565 JERONIMO RD,MISSION VIEJO,CA,92691,MISSION VIEJO,ORANGE,92691,high,license_number,08-31-2028,Physical Therapist
PT,304572,JC LYNNE NICOLAS LU SING,,626-536-4834,,1114490265,3641 HAMNER AVE,NORCO,CA,92860,IRVINE,ORANGE,92602,medium,name_exact,09-30-2026,Physical Therapist
PT,35971,JEFFERY PAUL ARGONZA PATAJO,P.T.,800-886-8108,,1932375011,3201 W COMMERCIAL BLVD,FT LAUDERDALE,FL,33309,YORBA LINDA,ORANGE,92886,medium,name_exact,06-30-2027,Physical Therapist
PT,38526,JEFFREY ARTHUR BRENNER,"PT, DPT",714-256-5074,,1730458167,1800 E LAMBERT RD,BREA,CA,92821,RANCHO MISSION VIEJO,ORANGE,92694,high,license_number,03-31-2027,Physical Therapist
PT,42637,JEFFREY FERRER,,619-246-4383,,1265815484,879 GALLERY CT,SAN DIEGO,CA,92114,TUSTIN,ORANGE,92780,high,license_number,11-30-2026,Physical Therapist
PT,295796,JEFFREY FLORES,"PT, DPT",925-295-4000,,1639640956,1425 S MAIN ST,WALNUT CREEK,CA,94596,COSTA MESA,ORANGE,92626,high,license_number,05-31-2028,Physical Therapist
PT,298999,JEFFREY HATAI,,866-839-6979,,1801461504,445 MAPLE ST,PALO ALTO,CA,94301,CYPRESS,ORANGE,90720,medium,name_exact,11-30-2027,Physical Therapist
PT,43307,JEFFREY KUNZE,D.P.T.,714-861-4440,,1700250115,10162 ADAMS AVE,HUNTINGTON BEACH,CA,92646,HUNTINGTON BEACH,ORANGE,92646,high,license_number,02-28-2027,Physical Therapist
PT,41948,JEFFREY MARK COATES,PT,714-336-3259,,1104457571,9352 LITCHFIELD DR,HUNTINGTON BEACH,CA,92646,HUNTINGTON BEACH,ORANGE,92646,high,license_number,09-30-2026,Physical Therapist
PT,300621,JEFFREY MUELLER,DPT,714-870-8478,,1184395899,1027 N HARBOR BLVD STE B,FULLERTON,CA,92832,BREA,ORANGE,92821,medium,name_zip,02-28-2027,Physical Therapist
PT,301548,JEFFREY PARNES,PT,949-388-5692,,1699428425,201 CALLE DE LOS MOLINOS,SAN CLEMENTE,CA,92672,SAN CLEMENTE,ORANGE,92672,high,license_number,02-28-2027,Physical Therapist
PT,24605,JEFFREY S COHEN,M.P.T.,949-951-4810,,1710957576,21742 CHATHAM,MISSION VIEJO,CA,92692,MISSION VIEJO,ORANGE,92692,high,license_number,04-30-2027,Physical Therapist
PT,17502,JENN-TIH YANG,P.T.,949-857-2221,,1760403414,14785 JEFFREY RD STE 108,IRVINE,CA,92618,TUSTIN,ORANGE,92782,medium,name_exact,12-31-2026,Physical Therapist
PT,307160,JENNA LYNNE LLAMAS,,949-679-3988,,1477364305,2 PETERS CANYON RD,IRVINE,CA,92606,CYPRESS,ORANGE,90630,high,license_number,03-31-2028,Physical Therapist
PT,299458,JENNIFER AU,DPT,650-323-4440,,1760141998,3441 ALMA ST STE 200,PALO ALTO,CA,94306,ANAHEIM,ORANGE,92806,high,license_number,06-30-2028,Physical Therapist
PT,34170,JENNIFER CHIANG CHUN,DPT,949-364-2955,,1467473918,27882 FORBES RD,LAGUNA NIGUEL,CA,92677,MISSION VIEJO,ORANGE,92691,high,license_number,06-30-2027,Physical Therapist
PT,296119,JENNIFER COLLEEN CURRY,DPT,310-643-9401,,1063791127,1500 ROSECRANS AVE STE 550,MANHATTAN BEACH,CA,90266,SAN CLEMENTE,ORANGE,92673,medium,name_exact,02-29-2028,Physical Therapist
PT,18495,JENNIFER DENISE CARMAN,P.T.,949-597-0007,,1285827717,23521 PASEO DE VALENCIA,LAGUNA HILLS,CA,92653,IRVINE,ORANGE,92618,high,license_number,10-31-2027,Physical Therapist
PT,297648,JENNIFER DO,"PT, DPT",949-679-3337,,1811528946,4482 BARRANCA PKWY STE 195,IRVINE,CA,92604,ANAHEIM,ORANGE,92804,high,license_number,08-31-2027,Physical Therapist
PT,303150,JENNIFER FULMER,,562-826-8000,,1366138166,5901 E 7TH ST,LONG BEACH,CA,90822,NEWPORT BEACH,ORANGE,92663,high,license_number,09-30-2026,Physical Therapist
PT,42474,JENNIFER GOETZ,,866-839-6979,,1558917609,68 WILLOW RD,MENLO PARK,CA,94025,ANAHEIM,ORANGE,92804,high,license_number,10-31-2026,Physical Therapist
PT,32283,JENNIFER K. CHAMPA,PT,323-289-8601,,1144487190,3948 WILSHIRE BLVD STE 200,LOS ANGELES,CA,90010,COSTA MESA,ORANGE,92626,high,license_number,08-31-2027,Physical Therapist
PT,12341,JENNIFER LINN GODOWN,PT,714-524-3500,,1033249644,1075 YORBA PL STE 107,PLACENTIA,CA,92870,ANAHEIM,ORANGE,92807,high,license_number,10-31-2026,Physical Therapist
PT,41902,JENNIFER LIONG,"PT, DPT",760-724-8411,,1891211124,4002 VISTA WAY,OCEANSIDE,CA,92056,SAN CLEMENTE,ORANGE,92672,high,license_number,07-31-2028,Physical Therapist
PT,291778,JENNIFER LYNN BRANSON,"D.P.T., P.T.",714-963-6600,,1992259196,18682 BEACH BLVD,HUNTINGTON BEACH,CA,92648,ANAHEIM,ORANGE,92808,high,license_number,05-31-2028,Physical Therapist
PT,24347,JENNIFER LYNN HSIEH,P.T.,909-628-4141,,1205875960,13691 BENSON AVE,CHINO,CA,91710,PLACENTIA,ORANGE,92870,high,license_number,01-31-2027,Physical Therapist
PT,26799,JENNIFER LYNN JOHNSON,PT,714-693-0460,,1932381852,20655 YORBA LINDA BLVD,YORBA LINDA,CA,92886,FULLERTON,ORANGE,92835,high,license_number,11-30-2027,Physical Therapist
PT,33012,JENNIFER LYNNE SCHMIDT,"PT, DPT",562-385-6847,,1780107490,7601 E. IMPERIAL HIGHWAY,DOWNEY,CA,90242,NORTH TUSTIN,ORANGE,92705,high,license_number,08-31-2028,Physical Therapist
PT,27445,JENNIFER MANNING,P.T.,714-835-1672,,1487756391,1971 E 4TH ST,SANTA ANA,CA,92705,LAKE FOREST,ORANGE,92630,high,license_number,07-31-2028,Physical Therapist
PT,30227,JENNIFER MARIA THORNTON,P.T.,562-355-5228,,1073752077,2222 N HARBOR BLVD,FULLERTON,CA,92835,LA HABRA,ORANGE,90631,high,license_number,05-31-2028,Physical Therapist
PT,36549,JENNIFER NITOLLAMA,"PT, PCS",714-651-6008,,1851745822,11402 S CHURCH ST,ORANGE,CA,92869,ORANGE,ORANGE,92869,high,license_number,03-31-2027,Physical Therapist
PT,25052,JENNIFER PAIGE FLORES,PT,949-721-9400,,1750324141,20101 SW BIRCH ST,NEWPORT BEACH,CA,92660,NEWPORT BEACH,ORANGE,92660,high,license_number,01-31-2028,Physical Therapist
PT,32597,JENNIFER S TANAKA,P.T.,626-674-7050,,1013190032,8031 YORKSHIRE CIR,LA PALMA,CA,90623,LA PALMA,ORANGE,90623,high,license_number,11-30-2027,Physical Therapist
PT,23763,JENNIFER WAYT,PT,714-347-0300,,1770539439,200 W SANTA ANA BLVD,SANTA ANA,CA,92701,TUSTIN,ORANGE,92782,high,license_number,05-31-2028,Physical Therapist
PT,22771,JENNIFER WHITE,"PT, DPT",949-240-8441,,1184221350,26284 OSO RD,SAN JUAN CAPISTRANO,CA,92675,LAGUNA NIGUEL,ORANGE,92677,medium,name_initial_zip,09-30-2027,Physical Therapist
PT,309206,JENNILEE REYES,DPT,661-330-8614,,1073478699,236 SANTA LOUISA,IRVINE,CA,92606,ORANGE,ORANGE,92868,high,license_number,06-30-2027,Physical Therapist
PT,309832,JENSEN SATOSHI KAYA,"DPT, PT",949-245-6581,,1013869684,415 E AVENIDA PICO STE M,SAN CLEMENTE,CA,92672,ALISO VIEJO,ORANGE,92656,high,license_number,04-30-2027,Physical Therapist
PT,307078,JEREMIAH AMIN ABDELMESEEH,,949-679-3337,,1538977343,4482 BARRANCA PKWY STE 195,IRVINE,CA,92604,LAKE FOREST,ORANGE,92630,high,license_number,03-31-2028,Physical Therapist
PT,297282,JEREMIAH NATHAN CASINO,DPT,714-695-1566,,1578111381,23655 VIA DEL RIO STE C,YORBA LINDA,CA,92887,PLACENTIA,ORANGE,92870,high,license_number,08-31-2027,Physical Therapist
PT,307243,JEREMY JASON WOODBURY,"PT, DPT",650-851-1501,,1700602778,501 PORTOLA RD,PORTOLA VALLEY,CA,94028,IRVINE,ORANGE,92617,high,license_number,07-31-2028,Physical Therapist
PT,25814,JEREMY K SIMMONS,MPT,714-780-0010,,1013210020,505 N EUCLID ST,ANAHEIM,CA,92801,YORBA LINDA,ORANGE,92886,high,license_number,05-31-2028,Physical Therapist
PT,294789,JEREMY REED,PT,714-288-9125,,1467942714,255 N TUSTIN ST,ORANGE,CA,92867,FULLERTON,ORANGE,92833,high,license_number,06-30-2027,Physical Therapist
PT,22434,JEREMY W MATTESON,"PT, CSCS",562-799-4494,,1902993462,3662 KATELLA AVE,LOS ALAMITOS,CA,90720,ALISO VIEJO,ORANGE,92656,high,license_number,02-28-2027,Physical Therapist
PT,24415,JERRY BARANICK,DPT,714-724-2575,,1134221617,5122 CASA LOMA AVE,YORBA LINDA,CA,92886,YORBA LINDA,ORANGE,92886,high,license_number,03-31-2027,Physical Therapist
PT,35477,JERRY C. CARDENAS,P.T.,949-922-5280,,1396099693,17 PARKCREST,NEWPORT COAST,CA,92657,NEWPORT COAST,ORANGE,92657,high,license_number,03-31-2027,Physical Therapist
PT,33034,JERRY CHUNG-FARN HSU,DPT,949-735-4335,,1376986471,12469 SABROSA LN,MIRA LOMA,CA,91752,LAGUNA NIGUEL,ORANGE,92677,high,license_number,02-29-2028,Physical Therapist
PT,23993,JERRY LAY TAN,P.T.,323-980-9825,,1205150471,5211 E WASHINGTON BLVD,COMMERCE,CA,90040,TUSTIN,ORANGE,92782,high,license_number,03-31-2027,Physical Therapist
PT,307646,JESSE S MELLEMA,,714-364-1313,,1891590329,16561 BOLSA CHICA ST STE 100,HUNTINGTON BEACH,CA,92649,HUNTINGTON BEACH,ORANGE,92649,high,license_number,06-30-2028,Physical Therapist
PT,299431,JESSICA ANA RODIL SUMBILLO,"DPT, PT",949-379-9400,,1760062665,17872 GILLETTE AVE STE 210,IRVINE,CA,92614,IRVINE,ORANGE,92614,high,license_number,09-30-2026,Physical Therapist
PT,291626,JESSICA ANN LEIMKUHLER BUUS,"PT, DPT",949-861-8600,,1932653342,17332 VON KARMAN AVE,IRVINE,CA,92614,WESTMINSTER,ORANGE,92683,high,license_number,09-30-2027,Physical Therapist
PT,38564,JESSICA CHEN,PT,714-256-5074,,1710259338,1800 E LAMBERT RD,BREA,CA,92821,TUSTIN,ORANGE,92780,high,license_number,11-30-2027,Physical Therapist
PT,301819,JESSICA CROWDER,DPT,949-276-5401,,1568119436,30100 TOWN CENTER DR STE YZ,LAGUNA NIGUEL,CA,92677,HUNTINGTON BEACH,ORANGE,92648,high,license_number,10-31-2027,Physical Therapist
PT,26742,JESSICA HOLLIS,MPT,949-466-9506,,1205295433,19 HIGH BLF,LAGUNA NIGUEL,CA,92677,LAGUNA NIGUEL,ORANGE,92677,high,license_number,05-31-2027,Physical Therapist
PT,300724,JESSICA LUU,DPT,562-988-3570,,1083381206,3294 E SPRING ST,LONG BEACH,CA,90806,CYPRESS,ORANGE,90630,high,license_number,07-31-2027,Physical Therapist
PT,39577,JESSICA MARIE ASHTON,D.P.T.,310-337-7600,,1558649384,6133 BRISTOL PKWY,CULVER CITY,CA,90230,SAN CLEMENTE,ORANGE,92673,medium,name_exact,12-31-2027,Physical Therapist
PT,297749,JESSICA MARTIN,,949-600-5437,,1316570781,29811 SANTA MARGARITA PKWY,RANCHO SANTA MARGARITA,CA,92688,COTO DE CAZA,ORANGE,92679,high,license_number,05-31-2027,Physical Therapist
PT,298094,JESSICA MOUW,DPT,909-573-9443,,1033757034,10109 HOLBURN DR,HUNTINGTON BEACH,CA,92646,HUNTINGTON BEACH,ORANGE,92646,medium,name_exact,11-30-2027,Physical Therapist
PT,298432,JESSICA PHUNG,DPT,714-508-1600,,1013535921,2552 WALNUT AVE STE 130,TUSTIN,CA,92780,LAKE FOREST,ORANGE,92630,high,license_number,08-31-2027,Physical Therapist
PT,296269,JESSICA RAMOS OCAMPO,"PT, DPT",714-256-5074,,1437716065,3230 E IMPERIAL HWY STE 100,BREA,CA,92821,IRVINE,ORANGE,92620,high,license_number,12-31-2026,Physical Therapist
PT,39671,JESSIE KEIKO GOODWIN,"PT, DPT",909-481-0437,,1912243569,11276 5TH ST,RANCHO CUCAMONGA,CA,91730,TUSTIN,ORANGE,92780,high,license_number,03-31-2028,Physical Therapist
PT,299252,JEULIAN ACERO TOLENTINO,"PT, DPT",909-390-2799,,1568097103,1101 S MILLIKEN AVE STE C,ONTARIO,CA,91761,LA PALMA,ORANGE,90623,medium,name_exact,08-31-2028,Physical Therapist
PT,303893,JI SU LIM,DPT,949-694-9988,,1225730237,24361 EL TORO RD STE 140,LAGUNA WOODS,CA,92637,LAGUNA WOODS,ORANGE,92637,high,license_number,11-30-2026,Physical Therapist
PT,302716,JILIAN BINUYA,,858-457-8419,,1851091243,5677 OBERLIN DR STE 106,SAN DIEGO,CA,92121,BREA,ORANGE,92821,high,license_number,12-31-2027,Physical Therapist
PT,26911,JILL D SEE,PT,949-824-8748,,1689189235,843 HEALTH SCIENCES RD HEWITT HALL 1331,IRVINE,CA,92697,SAN JUAN CAPISTRANO,ORANGE,92675,high,license_number,05-31-2027,Physical Therapist
PT,16086,JILL N KLENOV,RPT,562-795-0345,,1780087544,11781 DAVENPORT RD,LOS ALAMITOS,CA,90720,ROSSMOOR,ORANGE,90720,high,license_number,05-31-2027,Physical Therapist
PT,34131,JILLIAN ANDREWS,P.T.,949-759-0300,,1588847255,360 SAN MIGUEL DR,NEWPORT BEACH,CA,92660,IRVINE,ORANGE,92614,high,license_number,10-31-2027,Physical Therapist
PT,41435,JILLIAN STEWART,DPT,949-312-7227,,1093123424,31441 AVENIDA DE LA VIS,SAN JUAN CAPISTRANO,CA,92675,SAN JUAN CAPISTRANO,ORANGE,92675,high,license_number,08-31-2027,Physical Therapist
PT,305841,JILLIAN VIRAY,,714-926-5127,,1275384026,1309 S EAST GATES ST,ANAHEIM,CA,92804,VILLA PARK,ORANGE,92861,high,license_number,03-31-2028,Physical Therapist
PT,18139,JIM CAREY,MS PT,909-865-9810,,1215556451,1798 N GAREY AVE,POMONA,CA,91767,YORBA LINDA,ORANGE,92886,high,license_number,06-30-2027,Physical Therapist
PT,25312,JIM SHIGERU HONDA,PT,562-431-6004,,1154481570,5152 KATELLA AVE,LOS ALAMITOS,CA,90720,BUENA PARK,ORANGE,90620,high,license_number,05-31-2028,Physical Therapist
PT,299499,JIMMY MOC,DPT,818-244-0468,,1396332151,1111 N BRAND BLVD STE J&K,GLENDALE,CA,91202,ANAHEIM,ORANGE,92806,high,license_number,04-30-2028,Physical Therapist
PT,26081,JIMMY NGUYEN,DPT,530-891-8220,,1174081475,125 RALEY BLVD,CHICO,CA,95928,CYPRESS,ORANGE,90630,medium,name_exact,09-30-2028,Physical Therapist
PT,293952,JIMMY PHAN,"PT, DPT",949-340-6927,,1881131118,24422 AVENIDA DE LA CARLOTA STE 190,LAGUNA HILLS,CA,92653,GARDEN GROVE,ORANGE,92840,high,license_number,06-30-2027,Physical Therapist
PT,24154,JO ANNE CARPENTER,PT,714-893-7399,,1376778282,11105 KNOTT AVE,CYPRESS,CA,90630,SAN CLEMENTE,ORANGE,92673,high,license_number,04-30-2027,Physical Therapist
PT,21327,JO SUZANNE KIM,PT,949-932-2960,,1114159597,18666 PARK MEADOW LANE,HUNTINGTON BEACH,CA,92648,HUNTINGTON BEACH,ORANGE,92648,high,license_number,02-28-2027,Physical Therapist
PT,25115,JOAN GARLATZ,P.T.,562-826-5555,,1598861270,5901 E 7TH ST,LONG BEACH,CA,90822,GARDEN GROVE,ORANGE,92845,high,license_number,09-30-2027,Physical Therapist
PT,20769,JOAN JUNIO TENGAN,P.T.,562-657-4803,,1902022031,9353 IMPERIAL HWY,DOWNEY,CA,90242,CYPRESS,ORANGE,90630,high,license_number,09-30-2026,Physical Therapist
PT,17677,JOAN M BOESEL,DPT,714-939-6200,,1528060712,415 W TAFT AVE STE E,ORANGE,CA,92865,ORANGE,ORANGE,92865,high,license_number,07-31-2027,Physical Therapist
PT,25713,JOANNA C BAUM,P.T.,615-778-4066,,1669597803,2121 S TOWNE CENTRE PL,ANAHEIM,CA,92806,IRVINE,ORANGE,92614,high,license_number,06-30-2028,Physical Therapist
PT,11613,JOANNE MIMM,PT,949-459-9010,,1407929995,29803 SANTA MARGARITA PKWY,RANCHO SANTA MARGARITA,CA,92688,MISSION VIEJO,ORANGE,92692,high,license_number,08-31-2028,Physical Therapist
PT,304136,JOANNE QUEVEDO,"PT, DPT",323-865-1200,,1164247631,1640 MARENGO ST,LOS ANGELES,CA,90033,ALISO VIEJO,ORANGE,92656,high,license_number,01-31-2027,Physical Therapist
PT,22174,JOANNE RAEL TERNER,,714-770-8222,,1184192726,13891 NEWPORT AVE STE 285,TUSTIN,CA,92780,IRVINE,ORANGE,92618,high,license_number,09-30-2028,Physical Therapist
PT,10953,JOEL PINEDA VILLAMATER,PT,626-851-6241,,1316141740,1011 BALDWIN PARK BLVD,BALDWIN PARK,CA,91706,ANAHEIM,ORANGE,92806,high,license_number,11-30-2026,Physical Therapist
PT,25349,JOELLEN DEE CLEMANS,PT,562-492-9785,,1164753372,1050 LINDEN AVE,LONG BEACH,CA,90813,CYPRESS,ORANGE,90630,high,license_number,05-31-2028,Physical Therapist
PT,12312,JOHN ANDREW RHINEHART,"PT, DPT",770-475-7272,,1073969804,620 CHEROKEE ST NE STE 275,MARIETTA,GA,30060,NEWPORT BEACH,ORANGE,92660,high,license_number,01-31-2027,Physical Therapist
PT,27052,JOHN JOSEPH FENGER,DPT,563-933-2000,,1164686564,2801 ATLANTIC AVE,LONG BEACH,CA,90806,FOUNTAIN VALLEY,ORANGE,92708,high,license_number,10-31-2027,Physical Therapist
PT,291865,JOHN LEE HUANG,D.P.T.,657-600-8320,,1083169346,1500 ADAMS AVE,COSTA MESA,CA,92626,SANTA ANA,ORANGE,92707,medium,name_exact,09-30-2027,Physical Therapist
PT,301593,JOHN LEMUEL UY GOMEZ,PT,714-984-3923,,1336781384,432 COLLARD WAY,PLACENTIA,CA,92870,BUENA PARK,ORANGE,90620,medium,name_exact,07-31-2027,Physical Therapist
PT,25614,JOHN M KWON,"PT, DPT, OCS",714-964-3337,,1104988708,10900 WARNER AVE STE 111,FOUNTAIN VALLEY,CA,92708,LADERA RANCH,ORANGE,92694,high,license_number,04-30-2028,Physical Therapist
PT,27237,JOHN MASON SOMERNDIKE,DPT,714-771-7047,,1801871983,1421 N WANDA RD,ORANGE,CA,92867,VILLA PARK,ORANGE,92861,high,license_number,01-31-2028,Physical Therapist
PT,34720,JOHN NICK TORRES,PT,714-879-9988,,1285974642,1001 S BROOKHURST RD,FULLERTON,CA,92833,BUENA PARK,ORANGE,90620,high,license_number,05-31-2028,Physical Therapist
PT,10045,JOHN P O'CONNOR,PT,949-766-8535,,1174517791,22521 AVENIDA EMPRESA STE 116,RANCHO SANTA MARGARITA,CA,92688,SAN JUAN CAPISTRANO,ORANGE,92675,high,license_number,08-31-2027,Physical Therapist
PT,12977,JOHN RANDOLPH DAVIES,PT,562-493-2223,,1003036765,2661 COPA DE ORO DR,LOS ALAMITOS,CA,90720,LOS ALAMITOS,ORANGE,90720,high,license_number,12-31-2027,Physical Therapist
PT,30004,JOHN THOMAS,,949-443-5442,,1003979378,31271 NIGUEL RD STE J,LAGUNA NIGUEL,CA,92677,LAGUNA NIGUEL,ORANGE,92677,high,license_number,12-31-2026,Physical Therapist
PT,297521,JOHN V HUYNH,"PT, DPT",714-769-5459,dynamixrehab@gmail.com,1336784883,14221 EUCLID ST STE F,GARDEN GROVE,CA,92843,COSTA MESA,ORANGE,92627,high,license_number,03-31-2027,Physical Therapist
PT,42503,JOHN VU,,714-716-6230,,1982136685,14631 PURDY ST,MIDWAY CITY,CA,92655,MIDWAY CITY,ORANGE,92655,high,license_number,07-31-2028,Physical Therapist
PT,23925,JOHN WILLIAM HICKS,"PT, DPT",828-484-4200,,1811672363,20 GALA DR STE G104,ASHEVILLE,NC,28803,LADERA RANCH,ORANGE,92694,high,license_number,08-31-2028,Physical Therapist
PT,20991,JOHN WILLIAM SANTOS,P.T.,949-598-9315,,1457316267,27725 SANTA MARGARITA PKWY,MISSION VIEJO,CA,92691,MISSION VIEJO,ORANGE,92691,high,license_number,02-28-2027,Physical Therapist
PT,299322,JOHNNY NGUYEN,"PT, DPT",714-693-0460,,1962082842,19768 YORBA LINDA BLVD,YORBA LINDA,CA,92886,TUSTIN,ORANGE,92780,high,license_number,06-30-2028,Physical Therapist
PT,33928,JON CARLOS AGUIRRE,MPT,562-924-8837,,1073706628,19141 BLOOMFIELD AVE,CERRITOS,CA,90703,CYPRESS,ORANGE,90630,high,license_number,10-31-2026,Physical Therapist
PT,307733,JON DENSING,"PT, DPT",657-243-8710,,1962290486,1307 S HARBOR BLVD UNIT 32,FULLERTON,CA,92832,ORANGE,ORANGE,92865,high,license_number,02-28-2027,Physical Therapist
PT,14277,JON STERKEL,,949-588-7278,,1063554368,24731 ALICIA PKWY STE B,LAGUNA HILLS,CA,92653,DANA POINT,ORANGE,92629,high,license_number,11-30-2026,Physical Therapist
PT,42678,JONATHAN BAIK,DPT,714-893-7399,,1851760508,11205 KNOTT AVE,CYPRESS,CA,90630,CYPRESS,ORANGE,90630,high,license_number,04-30-2027,Physical Therapist
PT,37936,JONATHAN BRYANT,D.P.T.,562-401-6847,,1003204215,7601 IMPERIAL HWY,DOWNEY,CA,90242,FOUNTAIN VALLEY,ORANGE,92708,high,license_number,04-30-2027,Physical Therapist
PT,35306,JONATHAN CHAN,DPT,714-891-2739,,1699383570,14221 EUCLID ST STE F,GARDEN GROVE,CA,92843,IRVINE,ORANGE,92618,high,license_number,10-31-2028,Physical Therapist
PT,295792,JONATHAN FAIGEN,DPT,949-764-5645,,1104396019,520 SUPERIOR AVE STE 100,NEWPORT BEACH,CA,92663,NEWPORT BEACH,ORANGE,92663,high,license_number,10-31-2026,Physical Therapist
PT,303146,JONATHAN FARRIS,,949-689-6289,,1215646302,1821 NANTUCKET PL,COSTA MESA,CA,92627,COSTA MESA,ORANGE,92627,medium,name_exact,08-31-2028,Physical Therapist
PT,29342,JONATHAN FUJII,P.T.,714-456-5571,,1437268570,200 S MANCHESTER AVE,ORANGE,CA,92868,FOUNTAIN VALLEY,ORANGE,92708,high,license_number,09-30-2027,Physical Therapist
PT,302648,JONATHAN JAMES PENA,,949-364-1400,,1730997826,27700 MEDICAL CENTER RD,MISSION VIEJO,CA,92691,COSTA MESA,ORANGE,92627,high,license_number,05-31-2028,Physical Therapist
PT,299116,JONATHAN LIEU,PT,714-281-0169,,1689272148,30025 ALICIA PKWY STE G-262,LAGUNA NIGUEL,CA,92677,STANTON,ORANGE,90680,high,license_number,05-31-2028,Physical Therapist
PT,293790,JONATHAN LOWELL,"DPT, PT",714-988-8110,,1154833085,1800 E LAMBERT RD STE 220,BREA,CA,92821,IRVINE,ORANGE,92603,high,license_number,03-31-2027,Physical Therapist
PT,29580,JONATHAN MICHAEL YEH,P.T.,949-276-8845,,1649458225,32302 CAMINO CAPISTRANO STE 106,SAN JUAN CAPISTRANO,CA,92675,SAN JUAN CAPISTRANO,ORANGE,92675,high,license_number,11-30-2027,Physical Therapist
PT,40787,JONATHAN TO,,714-256-5074,,1467883983,1800 E LAMBERT RD,BREA,CA,92821,SANTA ANA,ORANGE,92704,high,license_number,03-31-2027,Physical Therapist
PT,293264,JONATHON MYERS,"PT, DPT",702-281-4772,,1487179008,801 N TUSTIN AVE STE 407,SANTA ANA,CA,92705,SANTA ANA,ORANGE,92705,high,license_number,07-31-2027,Physical Therapist
PT,304416,JORDAN ANTOL,DPT,949-679-3337,,1033997333,4482 BARRANCA PKWY STE 195,IRVINE,CA,92604,TRABUCO CANYON,ORANGE,92679,high,license_number,09-30-2028,Physical Therapist
PT,22810,JORDAN JESSE TURNER,P.T.,949-364-6888,,1700811080,27882 FORBES RD # 100,LAGUNA NIGUEL,CA,92677,DANA POINT,ORANGE,92629,high,license_number,11-30-2027,Physical Therapist
PT,294237,JORDAN MAYO,"PT, DPT",760-729-7298,,1205342441,3633 VISTA WAY,OCEANSIDE,CA,92056,ORANGE,ORANGE,92869,high,license_number,11-30-2027,Physical Therapist
PT,298072,JORDAN SAVAGE,"PT, DPT",714-841-6162,,1285267302,19582 BEACH BLVD STE 130,HUNTINGTON BEACH,CA,92648,HUNTINGTON BEACH,ORANGE,92647,high,license_number,01-31-2028,Physical Therapist
PT,294099,JORDAN SONANDER-DANGERFIELD,DPT,408-523-3060,,1295244739,1085 W EL CAMINO REAL,SUNNYVALE,CA,94087,BREA,ORANGE,92821,high,license_number,02-28-2027,Physical Therapist
PT,295116,JORDAN TSAI,DPT,310-828-2188,,1720573538,1821 WILSHIRE BLVD,SANTA MONICA,CA,90403,LAGUNA BEACH,ORANGE,92651,high,license_number,01-31-2028,Physical Therapist
PT,302003,JOSE E CERDA,"PT, DPT",714-966-2950,,1316682461,2755 BRISTOL ST STE 130,COSTA MESA,CA,92626,COSTA MESA,ORANGE,92626,high,license_number,08-31-2027,Physical Therapist
PT,24684,JOSE FOJAS,DPT,949-707-5555,,1215052576,23271 VERDUGO DR,LAGUNA HILLS,CA,92653,MISSION VIEJO,ORANGE,92691,medium,name_exact,10-31-2027,Physical Therapist
PT,32482,JOSE ROY C DE LEON,RPT,213-400-1640,,1831358548,3740 TOLAND WAY,LOS ANGELES,CA,90065,TUSTIN,ORANGE,92780,high,license_number,08-31-2027,Physical Therapist
PT,301884,JOSEPH ALAIN ABARICIA CACHERO,,714-726-7270,,1063153039,3070 W DEL MONTE DR APT 70,ANAHEIM,CA,92804,ANAHEIM,ORANGE,92804,high,license_number,03-31-2028,Physical Therapist
PT,18997,JOSEPH ANDREW BLANSCET,P.T.,949-586-3200,,1528102217,24331 EL TORO RD,LAGUNA WOODS,CA,92637,LAKE FOREST,ORANGE,92630,high,license_number,07-31-2028,Physical Therapist
PT,305295,JOSEPH AUSTIN MCKEE,"PT, DPT",949-276-5401,,1285402156,30100 TOWN CENTER DR STE YZ,LAGUNA NIGUEL,CA,92677,RANCHO MISSION VIEJO,ORANGE,92694,high,license_number,08-31-2027,Physical Therapist
PT,303371,JOSEPH DAVID BRADLEY,DPT,949-333-3833,,1538870225,15775 LAGUNA CANYON RD,IRVINE,CA,92618,ORANGE,ORANGE,92868,high,license_number,12-31-2026,Physical Therapist
PT,309658,JOSEPH DELIMA,"PT, DPT",714-256-5074,,1598611022,3230 E IMPERIAL HWY STE 100,BREA,CA,92821,SANTA ANA,ORANGE,92701,high,license_number,06-30-2027,Physical Therapist
PT,295896,JOSEPH DOUGLAS DEDEAUX,,949-932-5000,,1477021442,6670 ALTON PKWY,IRVINE,CA,92618,IRVINE,ORANGE,92604,medium,name_exact,06-30-2028,Physical Therapist
PT,299959,JOSEPH JAVIER LIZARRAGA,"PT, DPT",833-574-2273,,1396322004,3440 E LA PALMA AVE,ANAHEIM,CA,92806,PLACENTIA,ORANGE,92870,high,license_number,11-30-2026,Physical Therapist
PT,13681,JOSEPH JOHN DONOHUE,PT,949-250-1112,,1619930252,2777 BRISTOL ST,COSTA MESA,CA,92626,COSTA MESA,ORANGE,92626,high,license_number,01-31-2028,Physical Therapist
PT,32987,JOSEPH LIDIO DAMIANI,DPT,845-641-4637,,1396012795,15B BROOKSIDE HTS,WANAQUE,NJ,07465,TUSTIN,ORANGE,92780,high,license_number,02-29-2028,Physical Therapist
PT,39962,JOSEPH M BYRD,,951-212-3290,,1336497502,3893 ROSEWOOD PL,RIVERSIDE,CA,92506,ANAHEIM,ORANGE,92807,medium,name_exact,08-31-2028,Physical Therapist
PT,39588,JOSEPH PARK,DPT,714-703-8477,,1760726574,12465 LEWIS STREET,GARDEN GROVE,CA,92840,LA PALMA,ORANGE,90623,high,license_number,04-30-2028,Physical Therapist
PT,306366,JOSEPH PASSIN,,609-705-7672,,1013730407,7401 YORKTOWN AVE,HUNTINGTON BEACH,CA,92648,HUNTINGTON BEACH,ORANGE,92648,high,license_number,06-30-2028,Physical Therapist
PT,22423,JOSEPH RONALDO ELUMBA,MPT,949-300-3423,,1932111820,28 STYLE DR,ALISO VIEJO,CA,92656,ALISO VIEJO,ORANGE,92656,high,license_number,04-30-2027,Physical Therapist
PT,33144,JOSEPH STANLEY CHEW,P.T.,714-776-1231,,1780818203,1360 S ANAHEIM BLVD STE 150,ANAHEIM,CA,92805,FULLERTON,ORANGE,92833,high,license_number,08-31-2028,Physical Therapist
PT,28405,JOSEPH STEVEN BREISINGER,"PT, DPT",323-634-0221,,1235745514,5757 WILSHIRE BLVD,LOS ANGELES,CA,90036,CYPRESS,ORANGE,90630,high,license_number,10-31-2026,Physical Therapist
PT,306230,JOSEPHINE H NGUYEN,,949-679-3988,,1154106490,2 PETERS CANYON RD STE 100,IRVINE,CA,92606,IRVINE,ORANGE,92606,high,license_number,08-31-2027,Physical Therapist
PT,307679,JOSETTE DIANA CORDERO SANTOS,"PT, DPT",714-594-3972,,1982498648,10900 WARNER AVE STE 117,FOUNTAIN VALLEY,CA,92708,SANTA ANA,ORANGE,92704,medium,name_exact,07-31-2028,Physical Therapist
PT,296924,JOSHUA DANIEL HEINLY,"PT, DPT",714-834-7336,jheinly2@memorialcare.org,1386294403,405 W 5TH ST,SANTA ANA,CA,92701,MISSION VIEJO,ORANGE,92692,high,license_number,07-31-2027,Physical Therapist
PT,297420,JOSHUA DRAGE WATSON,"PT, DPT",949-461-1250,,1114557147,30230 RANCHO VIEJO RD STE 120,SAN JUAN CAPISTRANO,CA,92675,LADERA RANCH,ORANGE,92694,high,license_number,10-31-2027,Physical Therapist
PT,308680,JOSHUA MEDINA,,714-389-9306,,1205709664,3002 DOW AVE STE 318,TUSTIN,CA,92780,ORANGE,ORANGE,92868,high,license_number,10-31-2026,Physical Therapist
PT,309657,JOSHUA MIGUEL NAVARRO DELEON,DPT,562-837-3061,,1538001219,18000 STUDEBAKER RD STE 595,CERRITOS,CA,90703,ANAHEIM,ORANGE,92804,high,license_number,09-30-2027,Physical Therapist
PT,308525,JOSHUA NAPIZA JAVIER,"PT, DPT",714-542-8904,,1366327918,1619 E EDINGER AVE,SANTA ANA,CA,92705,CYPRESS,ORANGE,90720,high,license_number,07-31-2027,Physical Therapist
PT,296297,JOSHUA RASMUSSEN,DPT,714-999-6596,,1588121271,215 N STATE COLLEGE BLVD STE G,ANAHEIM,CA,92806,TRABUCO CANYON,ORANGE,92679,high,license_number,05-31-2028,Physical Therapist
PT,26624,JOSHUA W OVERSTREET,PT,323-783-4011,,1609074939,4733 W SUNSET BLVD,LOS ANGELES,CA,90027,LAGUNA NIGUEL,ORANGE,92677,high,license_number,01-31-2027,Physical Therapist
PT,293145,JOSIAH LEUNG,"PT, DPT",562-384-4525,,1063934479,2820 N BELLFLOWER BLVD,LONG BEACH,CA,90815,MISSION VIEJO,ORANGE,92691,high,license_number,05-31-2027,Physical Therapist
PT,23127,JOY DAVIS,P.T.,714-456-5571,,1598126096,200 S MANCHESTER AVE,ORANGE,CA,92868,CORONA DEL MAR,ORANGE,92625,high,license_number,12-31-2027,Physical Therapist
PT,29187,JOY DECICCO,P.T.,714-979-3500,,1528085180,1190 BAKER ST,COSTA MESA,CA,92626,IRVINE,ORANGE,92618,high,license_number,10-31-2027,Physical Therapist
PT,28415,JUBY BIDONG SIA,,562-925-4252,,1336344845,9028 ROSE ST,BELLFLOWER,CA,90706,FULLERTON,ORANGE,92835,high,license_number,12-31-2026,Physical Therapist
PT,301014,JUHYEONG LEE,,213-908-7065,,1982374062,266 S HARVARD BLVD STE 370,LOS ANGELES,CA,90004,ANAHEIM,ORANGE,92801,high,license_number,08-31-2027,Physical Therapist
PT,15574,JULIA A ELIZONDO,"PT, OCS",949-250-7870,,1811157951,4341 BIRCH STREET,NEWPORT BEACH,CA,92660,ORANGE,ORANGE,92867,high,license_number,12-31-2026,Physical Therapist
PT,299098,JULIA CHARLESWORTH,"PT, DPT",714-255-8877,,1306451703,471 W LAMBERT RD STE 106,BREA,CA,92821,BREA,ORANGE,92821,high,license_number,08-31-2028,Physical Therapist
PT,16059,JULIA KRAUSE,MPT,714-399-1111,,1104963461,11021 BROOKHURST ST,GARDEN GROVE,CA,92840,HUNTINGTON BEACH,ORANGE,92648,high,license_number,12-31-2026,Physical Therapist
PT,14776,JULIA MARGUERITE JULIUSSON,Physical Therapist,949-305-3536,,1134265895,5 STONEBROOK,ALISO VIEJO,CA,92656,ALISO VIEJO,ORANGE,92656,high,license_number,04-30-2027,Physical Therapist
PT,307181,JULIA POLANCO,"PT, DPT",714-256-5074,,1306659461,3230 E IMPERIAL HWY STE 100,BREA,CA,92821,BREA,ORANGE,92821,high,license_number,04-30-2028,Physical Therapist
PT,36918,JULIA RHEE KIM,MPT,714-373-4555,,1114234572,7631 WYOMING ST STE 107,WESTMINSTER,CA,92683,FULLERTON,ORANGE,92833,high,license_number,06-30-2028,Physical Therapist
PT,310575,JULIA VICTORIA SCIESINSKI,,949-627-3225,,1164337820,23961 CALLE DE LA MAGDALENA,LAGUNA HILLS,CA,92653,LAGUNA NIGUEL,ORANGE,92677,high,license_number,01-31-2028,Physical Therapist
PT,24615,JULIAN MARTIN MANRIQUE,"MPT, OCS",949-709-8770,,1417020637,30212 TOMAS,RANCHO SANTA MARGARITA,CA,92688,MISSION VIEJO,ORANGE,92692,high,license_number,05-31-2027,Physical Therapist
PT,295810,JULIANNE GUEVARRA HIRAMOTO,DPT,714-966-2950,,1518426121,2755 BRISTOL ST STE 130,COSTA MESA,CA,92626,GARDEN GROVE,ORANGE,92841,high,license_number,10-31-2026,Physical Therapist
PT,14522,JULIANNE MURPHY,BS,949-496-8080,,1619410156,32170 NIGUEL RD,LAGUNA NIGUEL,CA,92677,DANA POINT,ORANGE,92629,medium,name_exact,07-31-2027,Physical Therapist
PT,299448,JULIE BAO VINH,"PT, DPT",626-397-3801,,1861089997,630 S RAYMOND AVE UNIT 120,PASADENA,CA,91105,WESTMINSTER,ORANGE,92685,high,license_number,12-31-2027,Physical Therapist
PT,15514,JULIE EDNA HENDRICKS,M.P.T,800-642-5031,,1467794727,8655 HAVEN AVE,RANCHO CUCAMONGA,CA,91730,NEWPORT BEACH,ORANGE,92660,high,license_number,07-31-2028,Physical Therapist
PT,24207,JULIE HOLT,"DSc, MPT, CPC, ELIMP",949-462-0560,,1760522551,17232 RED HILL AVE,IRVINE,CA,92614,NEWPORT BEACH,ORANGE,92660,high,license_number,09-30-2026,Physical Therapist
PT,299291,JULIE KRAUS,,714-556-1600,,1801496153,1700 ADAMS AVE STE 201,COSTA MESA,CA,92626,HUNTINGTON BEACH,ORANGE,92648,medium,name_exact,11-30-2027,Physical Therapist
PT,22335,JULIE LYNN APPEL,P.T.,714-227-6282,,1679605356,17272 NEWHOPE ST,FOUNTAIN VALLEY,CA,92708,LAGUNA BEACH,ORANGE,92652,high,license_number,06-30-2028,Physical Therapist
PT,21949,JULIE SARTON,PT,714-456-2986,,1457527830,101 THE CITY DR S,ORANGE,CA,92868,TRABUCO CANYON,ORANGE,92679,high,license_number,01-31-2028,Physical Therapist
PT,18147,JULIE SATO,PT,714-315-2539,,1225523335,1146 N LIBERTY LN,ANAHEIM,CA,92805,ANAHEIM,ORANGE,92805,high,license_number,10-31-2027,Physical Therapist
PT,295927,JULIE SIAS,,714-331-4145,,1053883454,2518 SALERNO,NEWPORT BEACH,CA,92660,LAKE FOREST,ORANGE,92630,high,license_number,12-31-2027,Physical Therapist
PT,26564,JULIE YANG KASAYAMA,,562-385-7008,,1952828568,7601 IMPERIAL HWY,DOWNEY,CA,90242,ROSSMOOR,ORANGE,90720,high,license_number,07-31-2027,Physical Therapist
PT,38808,JUSTIN CHARLES BROWN,MPT,949-459-9010,,1700151735,30211 AVENIDA DE LAS BANDERAS,RANCHO SANTA MARGARITA,CA,92688,RANCHO SANTA MARG,ORANGE,92688,high,license_number,10-31-2027,Physical Therapist
PT,35795,JUSTIN CHIEN-YO LIN,DPT,714-900-3880,,1063608891,14661 MYFORD RD,TUSTIN,CA,92780,TUSTIN,ORANGE,92780,high,license_number,04-30-2027,Physical Therapist
PT,29628,JUSTIN JOHN FESLER,DPT,949-837-9074,,1902987100,26034 ACERO,MISSION VIEJO,CA,92691,TRABUCO CANYON,ORANGE,92679,high,license_number,10-31-2027,Physical Therapist
PT,299866,JUSTIN YAMAGUCHI,DPT,949-265-2442,,1952994931,250 E YALE LOOP STE. 201,IRVINE,CA,92604,LAKE FOREST,ORANGE,92630,high,license_number,01-31-2027,Physical Therapist
PT,305794,JUSTINA YOUNG,,562-431-6004,,1821842352,5152 KATELLA AVE STE 106,LOS ALAMITOS,CA,90720,IRVINE,ORANGE,92614,medium,name_exact,12-31-2027,Physical Therapist
PT,293147,JUSTIS GEORGE,P.T.,424-526-5151,,1427494673,4640 ADMIRALTY WAY STE 420,MARINA DEL REY,CA,90292,COSTA MESA,ORANGE,92626,high,license_number,04-30-2027,Physical Therapist
PT,37443,KACEY JOLENE LEWIS,"PT, MPT, OCS",562-212-7102,,1275833345,1016 OCEAN AVE,SEAL BEACH,CA,90740,LOS ALAMITOS,ORANGE,90720,medium,name_exact,02-29-2028,Physical Therapist
PT,35939,KACIE EMI MORINAGA,DPT,714-964-0727,,1154657500,10540 TALBERT AVE STE 250W,FOUNTAIN VALLEY,CA,92708,ANAHEIM,ORANGE,92805,high,license_number,03-31-2027,Physical Therapist
PT,292612,KAI SEBASTIAN BROWN,PT,949-916-2601,,1942737952,26471 CROWN VALLEY PKWY STE 102,MISSION VIEJO,CA,92691,LOS ALAMITOS,ORANGE,90720,high,license_number,04-30-2028,Physical Therapist
PT,307141,KARA ITO,"PT, DPT",949-271-0012,,1376356436,24301 MUIRLANDS BLVD STE T,LAKE FOREST,CA,92630,ORANGE,ORANGE,92867,high,license_number,10-31-2028,Physical Therapist
PT,20469,KAREN AVRAMIDIS,P.T.,949-363-7716,,1922111830,30112 CROWN VALLEY PKWY,LAGUNA NIGUEL,CA,92677,ALISO VIEJO,ORANGE,92656,high,license_number,05-31-2028,Physical Therapist
PT,16866,KAREN BORREGO,PT,714-993-2093,,1649223579,710 GOLDEN AVE,PLACENTIA,CA,92870,ANAHEIM,ORANGE,92808,high,license_number,12-31-2027,Physical Therapist
PT,11672,KAREN CHRISTINA BARTHOLOMEW,,562-493-5501,,1659091254,2017 PALO VERDE AVE,LONG BEACH,CA,90815,GARDEN GROVE,ORANGE,92845,high,license_number,03-31-2027,Physical Therapist
PT,29099,KAREN KELLER,"PT, CWS, CLT",949-350-6299,,1306225982,27762 NIGUEL VILLAGE DR,LAGUNA NIGUEL,CA,92677,LAGUNA NIGUEL,ORANGE,92677,high,license_number,01-31-2028,Physical Therapist
PT,15848,KAREN LUTGERDING,PT,714-901-4200,,1962910240,1922 N BROADWAY,SANTA ANA,CA,92706,FOUNTAIN VALLEY,ORANGE,92708,high,license_number,09-30-2026,Physical Therapist
PT,18454,KAREN LYNNE HOWELL,"MPT, CWS",949-233-7283,,1205182805,31741 RANCHO VIEJO RD,SAN JUAN CAPISTRANO,CA,92675,DANA POINT,ORANGE,92629,high,license_number,12-31-2027,Physical Therapist
PT,13956,KAREN OWENS,PT,949-797-9007,,1225169329,1929 MAIN ST STE 103,IRVINE,CA,92614,TUSTIN,ORANGE,92780,high,license_number,01-31-2028,Physical Therapist
PT,29371,KAREN ROOS,"PhD, MSPT, ATC",949-307-6101,karen.roos@csulb.edu,1639180540,1250 BELLFLOWER BLVD,LONG BEACH,CA,90840,ANAHEIM,ORANGE,92804,high,license_number,06-30-2027,Physical Therapist
PT,18936,KAREN ROSEN,PT,714-458-8558,,1033401492,2555 N CAPRI ST,ORANGE,CA,92865,ORANGE,ORANGE,92865,medium,name_exact,05-31-2028,Physical Therapist
PT,17984,KAREN YEE WAKAMOTO,M.P.T.,714-798-7900,,1487743688,10601 WALKER ST STE 200,CYPRESS,CA,90630,LOS ALAMITOS,ORANGE,90720,high,license_number,09-30-2027,Physical Therapist
PT,37285,KARENA LYNN HOBUS,DPT,310-539-8800,,1295014306,3244 SEPULVEDA BLVD,TORRANCE,CA,90505,NEWPORT BEACH,ORANGE,92663,high,license_number,09-30-2028,Physical Therapist
PT,25808,KARI A FRANKS,M.P.T.,949-644-1322,,1164474466,200 NEWPORT CENTER DR,NEWPORT BEACH,CA,92660,NEWPORT BEACH,ORANGE,92660,high,license_number,08-31-2028,Physical Therapist
PT,25551,KARI RENE LOUDENBACK,DPT,562-997-8000,,1518893635,1515 HUGHES WAY,LONG BEACH,CA,90810,IRVINE,ORANGE,92614,high,license_number,07-31-2028,Physical Therapist
PT,13798,KARIN REYNOLDS,PT,866-414-0448,,1093156549,330 GOLDEN SHR,LONG BEACH,CA,90802,TUSTIN,ORANGE,92781,high,license_number,09-30-2028,Physical Therapist
PT,14715,KARIN SPRUILL,P.T.,714-699-1710,,1982974481,6850 LINCOLN AVE STE 104,BUENA PARK,CA,90620,CYPRESS,ORANGE,90630,high,license_number,03-31-2027,Physical Therapist
PT,36618,KARINA MARTINEZ BELL,P.T.,714-758-9500,,1760798813,627 BEVERLY DR,FULLERTON,CA,92833,FULLERTON,ORANGE,92833,high,license_number,06-30-2027,Physical Therapist
PT,299492,KARINA PAONESSA,DPT,949-645-4086,,1205438512,1784 NEWPORT BLVD,COSTA MESA,CA,92627,COSTA MESA,ORANGE,92627,high,license_number,12-31-2027,Physical Therapist
PT,38416,KARISSA DAWN LY,"PT, DPT",818-592-6030,,1477090181,22122 SHERMAN WAY,CANOGA PARK,CA,91303,RANCHO MISSION VIEJO,ORANGE,92694,high,license_number,04-30-2027,Physical Therapist
PT,302638,KARLYN MORIKAWA,DPT,562-855-1129,,1871213660,5539B E STEARNS ST,LONG BEACH,CA,90815,CYPRESS,ORANGE,90630,high,license_number,05-31-2028,Physical Therapist
PT,298036,KASEY MARIE CASNER,,949-206-1700,,1689206682,26302 LA PAZ RD STE 105,MISSION VIEJO,CA,92691,LAGUNA HILLS,ORANGE,92653,high,license_number,12-31-2027,Physical Therapist
PT,294004,KATE FAN,DPT,949-349-9555,,1518475862,2 JOURNEY STE 101,ALISO VIEJO,CA,92656,ALISO VIEJO,ORANGE,92656,high,license_number,01-31-2027,Physical Therapist
PT,295895,KATELYN CECIL,,949-496-5786,,1760180129,35410 DEL REY,DANA POINT,CA,92624,GARDEN GROVE,ORANGE,92841,high,license_number,05-31-2028,Physical Therapist
PT,295907,KATERINA HOERNER,DPT,949-248-8855,,1699245340,31741 RANCHO VIEJO RD # B,SAN JUAN CAPISTRANO,CA,92675,NEWPORT BEACH,ORANGE,92663,medium,name_exact,09-30-2028,Physical Therapist
PT,33320,KATHERINE ANN FISCHER,DPT,714-761-0936,,1235271289,2911 W STONYBROOK DR,ANAHEIM,CA,92804,ALISO VIEJO,ORANGE,92656,high,license_number,12-31-2026,Physical Therapist
PT,34827,KATHERINE GRACE CREAMER,P.T.,562-596-7074,,1316193089,6695 EAST PACIFIC COAST HWY,LONG BEACH,CA,90803,SEAL BEACH,ORANGE,90740,high,license_number,10-31-2027,Physical Therapist
PT,301258,KATHERINE LEVANE,PT,949-443-5442,,1760871149,31271 NIGUEL RD STE J,LAGUNA NIGUEL,CA,92677,SAN JUAN CAPISTRANO,ORANGE,92675,medium,name_exact,03-31-2027,Physical Therapist
PT,298287,KATHERINE MACKENZIE MOSES,"PT, DPT",903-306-8831,,1942831375,18030 MAGNOLIA ST,FOUNTAIN VALLEY,CA,92708,IRVINE,ORANGE,92612,high,license_number,06-30-2027,Physical Therapist
PT,306703,KATHERINE NESS,"PT, DPT",562-427-2225,,1265266100,3292 E WILLOW ST,SIGNAL HILL,CA,90755,HUNTINGTON BEACH,ORANGE,92648,high,license_number,12-31-2027,Physical Therapist
PT,304063,KATHERINE POLLACK,,626-969-9800,,1699477703,15768 ARROW HWY,IRWINDALE,CA,91706,LAGUNA NIGUEL,ORANGE,92677,medium,name_exact,08-31-2028,Physical Therapist
PT,41709,KATHLEEN IKUTA,PT,650-638-9142,,1396147278,1650 S AMPHLETT BLVD STE 108,SAN MATEO,CA,94402,LOS ALAMITOS,ORANGE,90720,high,license_number,09-30-2028,Physical Therapist
PT,35210,KATHLEEN JOY GOZUM LOMBARDO,DPT,949-752-2227,,1508003674,18271 MCDURMOTT W,IRVINE,CA,92614,IRVINE,ORANGE,92618,high,license_number,11-30-2026,Physical Therapist
PT,41943,KATHLEEN M BERIAU,DPT,949-716-4889,,1720485543,25231 PASEO DE ALICIA,LAGUNA HILLS,CA,92653,MISSION VIEJO,ORANGE,92691,high,license_number,05-31-2028,Physical Therapist
PT,25744,KATHLEEN MANNIX RAINS,PT,714-975-8011,,1689975112,3187 RED HILL AVE STE 200,COSTA MESA,CA,92626,MISSION VIEJO,ORANGE,92691,high,license_number,08-31-2028,Physical Therapist
PT,20605,KATHLEEN MONAHAN NAFICY,PT,619-314-6382,,1033618061,5308 MONROE AVE,SAN DIEGO,CA,92115,ALISO VIEJO,ORANGE,92656,high,license_number,12-31-2026,Physical Therapist
PT,305550,KATHRYN JUSTINE DELGADO,,760-340-4050,,1437916053,72880 FRED WARING DR STE B7,PALM DESERT,CA,92260,ANAHEIM,ORANGE,92807,medium,name_exact,12-31-2027,Physical Therapist
PT,291903,KATHRYN KARKUT,,949-764-7277,,1063967347,500 SUPERIOR AVE STE 315,NEWPORT BEACH,CA,92663,HUNTINGTON BEACH,ORANGE,92648,high,license_number,08-31-2028,Physical Therapist
PT,19913,KATHY BRADLEY,MPT19913,949-644-2022,,1528110855,369 SAN MIGUEL DR,NEWPORT BEACH,CA,92660,IRVINE,ORANGE,92612,high,license_number,11-30-2027,Physical Therapist
PT,297002,KATIA NICOLE CORREA,PT,657-859-6458,,1831744036,15000 KENSINGTON PARK DR,TUSTIN,CA,92782,MISSION VIEJO,ORANGE,92692,high,license_number,07-31-2027,Physical Therapist
PT,294963,KATIE ELIZABETH BOSS,DPT,949-861-8600,,1043669088,17332 VON KARMAN AVE STE 120,IRVINE,CA,92614,IRVINE,ORANGE,92614,high,license_number,02-29-2028,Physical Therapist
PT,35839,KATRINA HERRERA,DPT,714-647-0300,,1942539119,200 W SANTA ANA BLVD STE 100,SANTA ANA,CA,92701,PLACENTIA,ORANGE,92870,high,license_number,05-31-2027,Physical Therapist
PT,27653,KATRINA SNOUFFER,DPT,407-822-7506,,1770830259,8945 W COLONIAL DR,OCOEE,FL,34761,SAN CLEMENTE,ORANGE,92673,high,license_number,05-31-2028,Physical Therapist
PT,28524,KATRINA TRAM DO,Physical Therapist,714-898-0250,,1396796371,15321 VICTORIA LN,HUNTINGTON BEACH,CA,92647,WESTMINSTER,ORANGE,92685,high,license_number,02-28-2027,Physical Therapist
PT,301673,KEELY AHROLD,"PT,",323-912-9166,,1871248112,1965 HILLHURST AVE FL 1,LOS ANGELES,CA,90027,LAGUNA NIGUEL,ORANGE,92677,high,license_number,04-30-2027,Physical Therapist
PT,306406,KEI HAKHAMANESHI,,949-367-1833,,1316778749,27071 CABOT RD,LAGUNA HILLS,CA,92653,COSTA MESA,ORANGE,92627,high,license_number,10-31-2027,Physical Therapist
PT,291346,KEILYN TANIMOTO,DPT,401-662-6114,,1801244777,5425 POMONA BLVD,EAST LOS ANGELES,CA,90022,IRVINE,ORANGE,92618,high,license_number,03-31-2028,Physical Therapist
PT,292082,KEITH MICHAEL CORBIN,DPT,714-966-2950,,1992254536,2755 BRISTOL ST,COSTA MESA,CA,92626,TUSTIN,ORANGE,92782,high,license_number,04-30-2028,Physical Therapist
PT,33732,KELLI ANGELINA STROBEL,DPT,562-945-1587,,1861775298,15141 WHITTIER BLVD STE 100,WHITTIER,CA,90603,FULLERTON,ORANGE,92833,high,license_number,07-31-2028,Physical Therapist
PT,39615,KELLI M BARUCH,DPT,714-703-8477,,1346587631,12465 LEWIS STREET,GARDEN GROVE,CA,92840,PLACENTIA,ORANGE,92870,high,license_number,08-31-2028,Physical Therapist
PT,303198,KELLY ELIZABETH LEACH,"PT, DPT",310-665-7100,,1144939927,6801 PARK TER,LOS ANGELES,CA,90045,MONROE,ORANGE,10950,high,license_number,01-31-2028,Physical Therapist
PT,25436,KELLY HILLIARD,PT,714-870-6116,,1902858871,233 ORANGEFAIR MALL,FULLERTON,CA,92832,BUENA PARK,ORANGE,90621,high,license_number,09-30-2027,Physical Therapist
PT,294025,KELLY ISAACS,"PT, DPT, GCS, CEEAA",714-960-6060,,1538079025,6930 WARNER AVE,HUNTINGTON BEACH,CA,92647,HUNTINGTON BEACH,ORANGE,92647,high,license_number,10-31-2027,Physical Therapist
PT,38748,KELLY LAZOR,DPT,949-292-8824,,1457624884,33 CLOVER LN,ALISO VIEJO,CA,92656,LAGUNA NIGUEL,ORANGE,92677,high,license_number,10-31-2027,Physical Therapist
PT,297174,KELLY NGUYEN,DPT,714-347-0300,,1508407412,200 W SANTA ANA BLVD STE 100,SANTA ANA,CA,92701,SANTA ANA,ORANGE,92703,high,license_number,09-30-2026,Physical Therapist
PT,37683,KELLY NGUYEN PHAN,DPT,714-870-6116,,1134553381,233 ORANGEFAIR MALL,FULLERTON,CA,92832,BUENA PARK,ORANGE,90620,high,license_number,10-31-2026,Physical Therapist
PT,306053,KELLY ROSAS ARAUJO,"PT, DPT",562-432-2821,,1811746647,100 OCEANGATE STE P245,LONG BEACH,CA,90802,MISSION VIEJO,ORANGE,92691,medium,name_exact,10-31-2027,Physical Therapist
PT,298831,KELLY SURRATT,"PT, DPT",949-759-1840,,1659984813,15 CORPORATE PLAZA DR,NEWPORT BEACH,CA,92660,NEWPORT BEACH,ORANGE,92663,high,license_number,09-30-2027,Physical Therapist
PT,299564,KELSEY AMANDA BURGE,PT,916-922-7177,,1699371914,500 JESSIE AVE,SACRAMENTO,CA,95838,IRVINE,ORANGE,92606,high,license_number,12-31-2027,Physical Therapist
PT,307294,KELSEY QUIAMBAO,"PT, DPT",714-870-8478,,1801601331,1027 N HARBOR BLVD STE B,FULLERTON,CA,92832,ANAHEIM,ORANGE,92801,high,license_number,02-29-2028,Physical Therapist
PT,291114,KELVIN LAM,,714-487-8325,,1891156196,11615 CHESTER AVE,GARDEN GROVE,CA,92840,ANAHEIM,ORANGE,92807,high,license_number,07-31-2027,Physical Therapist
PT,295918,KELVIN WONG,,310-845-9690,,1538638556,3283 MOTOR AVE,LOS ANGELES,CA,90034,FULLERTON,ORANGE,92833,high,license_number,12-31-2027,Physical Therapist
PT,296455,KEN VINH PHAM,DPT,949-271-0053,,1164984613,3300 IRVINE AVE STE 130,NEWPORT BEACH,CA,92660,GARDEN GROVE,ORANGE,92841,high,license_number,02-28-2027,Physical Therapist
PT,295145,KENDRA B CORNELIUS,DPT,949-443-5442,,1831671189,31271 NIGUEL RD STE J,LAGUNA NIGUEL,CA,92677,MISSION VIEJO,ORANGE,92692,high,license_number,07-31-2028,Physical Therapist
PT,40505,KENDRICK R CARLTON,MPT,714-633-7227,,1346675485,871 S TUSTIN ST,ORANGE,CA,92866,ANAHEIM,ORANGE,92801,high,license_number,01-31-2027,Physical Therapist
PT,19841,KENNETH RANDY PINKERTON,MPT,714-544-5565,,1003003161,365 W 1ST ST,TUSTIN,CA,92780,ALISO VIEJO,ORANGE,92656,high,license_number,07-31-2027,Physical Therapist
PT,29003,KENNETH TANPINCO,RPT,562-484-3860,,1932264967,13330 BLOOMFIELD AVE,NORWALK,CA,90650,BUENA PARK,ORANGE,90620,high,license_number,09-30-2027,Physical Therapist
PT,20512,KENNETH W MENGEL,PT MPT OCS,626-446-7027,,1033154737,671 NAOMI AVE,ARCADIA,CA,91007,SEAL BEACH,ORANGE,90740,high,license_number,07-31-2028,Physical Therapist
PT,38569,KERRY ALLISON BECKER,P.T.,949-631-9009,,1144576018,2216 NEWPORT BLVD,COSTA MESA,CA,92627,TUSTIN,ORANGE,92780,high,license_number,09-30-2027,Physical Therapist
PT,24160,KERRY GRIMES WAGNER,MPT,949-481-1095,,1194049056,1120 VIA CALLEJON STE B,SAN CLEMENTE,CA,92673,LAGUNA NIGUEL,ORANGE,92677,high,license_number,07-31-2028,Physical Therapist
PT,25126,KESTUTIS JUSIONIS,PT,714-963-7712,,1801823331,21501 BROOKHURST ST STE E,HUNTINGTON BEACH,CA,92646,HUNTINGTON BEACH,ORANGE,92648,high,license_number,07-31-2027,Physical Therapist
PT,42966,KEVIN AGUINALDO,,949-387-7333,,1649648023,23001 DEL LAGO DR STE C1,LAGUNA HILLS,CA,92653,TUSTIN,ORANGE,92780,high,license_number,03-31-2027,Physical Therapist
PT,41899,KEVIN ANDREW COURVOISIER,D.P.T.,714-256-5074,,1942635503,1800 E LAMBERT RD,BREA,CA,92821,FOUNTAIN VALLEY,ORANGE,92708,high,license_number,09-30-2026,Physical Therapist
PT,294503,KEVIN C PORTER,DPT,562-826-8000,,1427557016,5901 E 7TH ST BLDG 150,LONG BEACH,CA,90822,COSTA MESA,ORANGE,92626,medium,name_exact,04-30-2027,Physical Therapist
PT,304559,KEVIN CASTILLO,,714-870-8478,,1063293736,1027 N HARBOR BLVD STE B,FULLERTON,CA,92832,ANAHEIM,ORANGE,92801,high,license_number,10-31-2028,Physical Therapist
PT,36983,KEVIN GALACGAC,DPT,424-251-7223,,1710297064,25821 VERMONT AVE.,HARBOR CITY,CA,90710,CYPRESS,ORANGE,90630,high,license_number,03-31-2028,Physical Therapist
PT,297642,KEVIN JING YOUNG,"PT, DPT",323-725-0711,,1720625882,2300 W BEVERLY BLVD STE 202,MONTEBELLO,CA,90640,ANAHEIM,ORANGE,92808,high,license_number,01-31-2027,Physical Therapist
PT,291906,KEVIN KIM,DPT,562-408-1140,,1861930646,4115 SOUTH ST,LAKEWOOD,CA,90712,YORBA LINDA,ORANGE,92886,high,license_number,03-31-2028,Physical Therapist
PT,32506,KEVIN LORTON,P.T.,949-650-1410,,1538186473,1525 SUPERIOR AVE,NEWPORT BEACH,CA,92663,RANCHO SANTA MARGARI,ORANGE,92688,high,license_number,04-30-2027,Physical Therapist
PT,28769,KEVIN MICHAEL RAUSCH,MPT,949-347-1021,,1649221979,28202 CABOT RD,LAGUNA NIGUEL,CA,92677,LAGUNA NIGUEL,ORANGE,92677,high,license_number,04-30-2027,Physical Therapist
PT,22637,KEVIN NEAL GLASER,MPT,714-273-9587,,1962627968,524 S MORNINGSTAR DR,ANAHEIM,CA,92808,ANAHEIM,ORANGE,92808,high,license_number,08-31-2027,Physical Therapist
PT,291940,KEVIN RICHARD CAPATA,Physical therapist,949-653-7878,,1942750476,4870 BARRANCA PKWY STE 340,IRVINE,CA,92604,LAGUNA NIGUEL,ORANGE,92677,high,license_number,10-31-2027,Physical Therapist
PT,18267,KEVIN TAYLOR,P.T.,714-701-0479,,1508948712,5475 E LA PALMA AVE,ANAHEIM,CA,92807,IRVINE,ORANGE,92612,high,license_number,02-29-2028,Physical Therapist
PT,303475,KEVIN TRAN,"PT, DPT",949-250-1112,,1568175461,2777 BRISTOL ST STE B,COSTA MESA,CA,92626,FOUNTAIN VALLEY,ORANGE,92708,high,license_number,11-30-2026,Physical Therapist
PT,294651,KEVIN TUAN DUONG,DPT,714-456-6942,,1558865519,101 THE CITY DR S,ORANGE,CA,92868,ANAHEIM,ORANGE,92806,high,license_number,12-31-2027,Physical Therapist
PT,296254,KEVIN VINCENT HARTSOUGH,,949-265-2442,,1033672373,250 E YALE LOOP STE 201,IRVINE,CA,92604,ORANGE,ORANGE,92869,high,license_number,05-31-2028,Physical Therapist
PT,298752,KHANG LAI,Khang,714-837-9120,,1508477852,9681 BLAKE AVE,GARDEN GROVE,CA,92844,WESTMINSTER,ORANGE,92683,medium,name_exact,11-30-2027,Physical Therapist
PT,308519,KHIEM HUU HUYNH,DPT,562-923-4704,,1225909732,12555 LAKEWOOD BLVD,DOWNEY,CA,90242,WESTMINSTER,ORANGE,92683,high,license_number,03-31-2027,Physical Therapist
PT,27904,KHIEM TRAN,M.P.T.,949-274-5342,,1255359691,381 CEDAR AVE,BREA,CA,92821,BREA,ORANGE,92821,high,license_number,09-30-2028,Physical Therapist
PT,306624,KHLOE MCCARTHY,,559-759-3181,,1235960865,23001 DEL LAGO DR,LAGUNA HILLS,CA,92653,LAGUNA HILLS,ORANGE,92653,high,license_number,12-31-2027,Physical Therapist
PT,310202,KHUSHI MALHOTRA,,949-413-3028,,1235065020,15172 CHALON CIR,IRVINE,CA,92604,IRVINE,ORANGE,92604,medium,name_exact,09-30-2027,Physical Therapist
PT,306426,KIANA MOIN,DPT,949-486-9052,,1427867274,5319 UNIVERSITY DR # 124,IRVINE,CA,92612,LAGUNA HILLS,ORANGE,92653,high,license_number,08-31-2028,Physical Therapist
PT,300557,KIANA SCHWENK-MUELLER,DPT,949-273-4739,,1144964354,19191 HARVARD AVE,IRVINE,CA,92612,NEWPORT BEACH,ORANGE,92660,high,license_number,11-30-2026,Physical Therapist
PT,308604,KIANNA ALICE REZAEI,"PT, DPT",619-544-1055,,1760355275,1601 KETTNER BLVD UNIT 11,SAN DIEGO,CA,92101,MISSION VIEJO,ORANGE,92692,high,license_number,07-31-2027,Physical Therapist
PT,10755,KIM LORI LAWLER-COYLE,P.T.,949-851-8121,,1134339708,1601 DOVE ST STE 210,NEWPORT BEACH,CA,92660,NEWPORT BEACH,ORANGE,92660,high,license_number,11-30-2027,Physical Therapist
PT,27815,KIM LUZENTALES BARRETTO,PT,559-448-5179,,1942378518,7300 N FRESNO ST,FRESNO,CA,93720,FULLERTON,ORANGE,92831,high,license_number,10-31-2026,Physical Therapist
PT,29958,KIMBERLY ANN PARKAN,DPT,949-705-7695,,1750403309,22891 PLAINVIEW CIR,LAKE FOREST,CA,92630,LAKE FOREST,ORANGE,92630,high,license_number,07-31-2028,Physical Therapist
PT,310145,KIMBERLY C KUJAWA,PT,949-586-3200,,1427386549,24331 EL TORO RD STE 200,LAGUNA WOODS,CA,92637,LAGUNA WOODS,ORANGE,92637,high,license_number,11-30-2027,Physical Therapist
PT,21109,KIMBERLY CLARK,MPT,714-624-2315,,1376878595,101 S KRAEMER BLVD STE 125,PLACENTIA,CA,92870,ORANGE,ORANGE,92867,high,license_number,05-31-2027,Physical Therapist
PT,291078,KIMBERLY JARRETT,,323-724-5100,,1619336773,273 E BEVERLY BLVD,MONTEBELLO,CA,90640,HUNTINGTON BEACH,ORANGE,92647,high,license_number,11-30-2027,Physical Therapist
PT,28620,KIMBERLY KIRTON FUSELIER,PT,714-646-8070,,1063483899,18200 YORBA LINDA BLVD,YORBA LINDA,CA,92886,YORBA LINDA,ORANGE,92886,high,license_number,03-31-2027,Physical Therapist
PT,35852,KIMBERLY M. MACLEAN,"PT, DPT",949-265-2442,,1003047689,3500 BARRANCA PKWY,IRVINE,CA,92606,IRVINE,ORANGE,92618,high,license_number,05-31-2027,Physical Therapist
PT,299871,KIMBERLY MENENDEZ,"PT, DPT",424-269-3400,,1861079501,11840 S LA CIENEGA BLVD,HAWTHORNE,CA,90250,ORANGE,ORANGE,92869,medium,name_exact,07-31-2028,Physical Therapist
PT,21594,KIMBERLY N DRNDARSKI,DPT,714-889-4111,,1013960087,7222 TRASK AVE,WESTMINSTER,CA,92683,VILLA PARK,ORANGE,92861,high,license_number,08-31-2027,Physical Therapist
PT,39578,KIMBERLY SHIBUYA,D.P.T.,949-713-6445,,1861736845,23121 ANTONIO PKWY,RANCHO SANTA MARGARITA,CA,92688,ORANGE,ORANGE,92869,high,license_number,02-29-2028,Physical Therapist
PT,19136,KINNARY RAJENDRA PATEL,RPT,949-597-0007,,1215009501,23521 PASEO DE VALENCIA,LAGUNA HILLS,CA,92653,LADERA RANCH,ORANGE,92694,high,license_number,10-31-2026,Physical Therapist
PT,18615,KIRA MILNER,MPT,949-218-8482,,1689978876,1632 VISTA LUNA,SAN CLEMENTE,CA,92673,SAN CLEMENTE,ORANGE,92673,high,license_number,12-31-2027,Physical Therapist
PT,292414,KIRSTEN R. HERTZLER,DPT,949-496-0122,,1891237764,653 CAMINO DE LOS MARES,SAN CLEMENTE,CA,92673,SAN CLEMENTE,ORANGE,92673,high,license_number,02-29-2028,Physical Therapist
PT,299607,KIRSTYN NAMBA,,949-540-7560,,1639766470,24361 EL TORO RD STE 140,LAGUNA WOODS,CA,92637,MISSION VIEJO,ORANGE,92691,high,license_number,03-31-2028,Physical Therapist
PT,310277,KORINA GAHOL GALARAGA,DPT,714-646-8318,,1114014974,774 S PLACENTIA AVE,PLACENTIA,CA,92870,IRVINE,ORANGE,92602,high,license_number,08-31-2027,Physical Therapist
PT,304051,KOURTNEY MARIE KINGSMORE,,949-498-5100,,1144093477,1000 CALLE AMANECER,SAN CLEMENTE,CA,92673,FULLERTON,ORANGE,92832,high,license_number,05-31-2027,Physical Therapist
PT,307167,KOUSEI MATTOX,,714-847-8751,,1891510160,7921 PROFESSIONAL CIR,HUNTINGTON BEACH,CA,92648,CAPISTRANO BEACH,ORANGE,92624,high,license_number,01-31-2028,Physical Therapist
PT,38560,KRISHMA DHOLAKIA,P.T,562-428-3556,,1114273117,4010 ORANGE AVE,LONG BEACH,CA,90807,IRVINE,ORANGE,92620,high,license_number,03-31-2027,Physical Therapist
PT,25439,KRISTA ELLEN INGLIS,MPT,714-528-9400,,1326345117,1804 N PLACENTIA AVE,PLACENTIA,CA,92870,YORBA LINDA,ORANGE,92886,high,license_number,07-31-2028,Physical Therapist
PT,293035,KRISTA LYNNETTE CONTRERAS,"PT, DPT",714-870-8478,,1407383342,1027 N HARBOR BLVD # B,FULLERTON,CA,92832,BREA,ORANGE,92821,high,license_number,08-31-2028,Physical Therapist
PT,298104,KRISTEN MOORE,"PT, DPT",714-835-6638,,1942811062,1910 OLD TUSTIN AVE,SANTA ANA,CA,92705,YORBA LINDA,ORANGE,92886,high,license_number,11-30-2027,Physical Therapist
PT,22734,KRISTIE SPECKHALS,P.T.,714-317-0057,,1104239367,612 E GATES AVE,ORANGE,CA,92865,ORANGE,ORANGE,92865,high,license_number,02-28-2027,Physical Therapist
PT,29596,KRISTILYN COPPA,P.T.,949-644-1322,,1285683136,200 NEWPORT CENTER DR,NEWPORT BEACH,CA,92660,HUNTINGTON BEACH,ORANGE,92646,medium,name_exact,04-30-2028,Physical Therapist
PT,20638,KRISTIN DEMARS,PT,562-985-8286,,1801262019,1250 N BELLFLOWER BLVD,LONG BEACH,CA,90840,LAGUNA NIGUEL,ORANGE,92677,high,license_number,11-30-2026,Physical Therapist
PT,42945,KRISTIN KULAKOWSKI NAUTA,,714-334-7493,,1043696636,6082 EDINGER AVE STE 100,HUNTINGTON BEACH,CA,92647,HUNTINGTON BEACH,ORANGE,92648,medium,name_exact,03-31-2027,Physical Therapist
PT,33450,KRISTIN MARIE CHEN,PT,714-835-6638,,1588710784,1910 OLD TUSTIN AVE,SANTA ANA,CA,92705,LAKE FOREST,ORANGE,92630,high,license_number,12-31-2026,Physical Therapist
PT,24544,KRISTIN MASSAMIRI,"MPT, ATC",949-498-8312,,1932140068,150 AVENIDA CABRILLO,SAN CLEMENTE,CA,92672,SAN CLEMENTE,ORANGE,92672,high,license_number,08-31-2027,Physical Therapist
PT,297779,KRISTIN VO PHAM,Physical Therapist,949-722-7374,,1972141505,485 E 17TH ST STE 650,COSTA MESA,CA,92627,GARDEN GROVE,ORANGE,92843,high,license_number,08-31-2027,Physical Therapist
PT,303835,KRISTINA LEVIN,DPT,949-748-7806,,1649979576,22 ODYSSEY STE 260,IRVINE,CA,92618,LAGUNA BEACH,ORANGE,92651,high,license_number,07-31-2028,Physical Therapist
PT,26704,KRISTOFFER PETERSEN MONZON,PT,714-577-0745,,1609851781,16615 YORBA LINDA BLVD,YORBA LINDA,CA,92886,ANAHEIM,ORANGE,92805,high,license_number,10-31-2027,Physical Therapist
PT,27873,KRISTY LIST,MPT,949-551-3860,,1629238761,13001 SEAL BEACH BLVD STE 100,SEAL BEACH,CA,90740,ORANGE,ORANGE,92868,high,license_number,06-30-2028,Physical Therapist
PT,38636,KRYSTEN ASHLEY JACKSON,P.T.,714-847-3800,,1639453772,6930 WARNER AVE,HUNTINGTON BEACH,CA,92647,RSM,ORANGE,92688,high,license_number,08-31-2027,Physical Therapist
PT,310355,KUNYOUNG KOH,,949-317-4454,,1679493902,24050 ALISO CREEK RD STE 1C,LAGUNA NIGUEL,CA,92677,IRVINE,ORANGE,92606,medium,name_exact,06-30-2028,Physical Therapist
PT,302053,KURT VO,,818-375-2000,,1407514540,8250 WOODMAN AVE BLDG 2,PANORAMA CITY,CA,91402,NEWPORT BEACH,ORANGE,92663,medium,name_exact,05-31-2028,Physical Therapist
PT,292759,KWANGYO KANG,,949-691-9795,,1134634603,25301 CABOT RD STE 111,LAGUNA HILLS,CA,92653,LAGUNA NIGUEL,ORANGE,92677,high,license_number,09-30-2028,Physical Therapist
PT,309367,KY NGUYEN,,657-384-5273,,1568383404,8200 BOLSA AVE SPC 117,MIDWAY CITY,CA,92655,MIDWAY CITY,ORANGE,92655,medium,name_exact,06-30-2027,Physical Therapist
PT,41290,KYAN SAHBA,,714-406-4625,,1790196186,414 E SAN BERNARDINO RD,COVINA,CA,91723,ANAHEIM,ORANGE,92807,high,license_number,10-31-2027,Physical Therapist
PT,308677,KYLE ALLEN KOTECKI,DPT,714-835-6638,,1497636146,1910 OLD TUSTIN AVE,SANTA ANA,CA,92705,SANTA ANA,ORANGE,92705,high,license_number,11-30-2026,Physical Therapist
PT,295753,KYLE CHAPMAN,"PT, DPT",714-861-4440,,1124596507,10162 ADAMS AVE,HUNTINGTON BEACH,CA,92646,SAN JUAN CAPISTRANO,ORANGE,92675,high,license_number,07-31-2028,Physical Therapist
PT,306275,KYLE LUNA,,646-841-1402,,1871325324,794 UNION ST STE 3,BROOKLYN,NY,11215,LADERA RANCH,ORANGE,92694,high,license_number,09-30-2027,Physical Therapist
PT,295910,KYLE REED IGUCHI,"PT, DPT",888-859-0145,,1134686330,1600 MAIN ST FL 2,VENICE,CA,90291,LAGUNA NIGUEL,ORANGE,92677,high,license_number,09-30-2028,Physical Therapist
PT,22326,KYLE SARTON,DPT,714-456-5571,,1376903419,200 S MANCHESTER AVE,ORANGE,CA,92868,TRABUCO CANYON,ORANGE,92679,high,license_number,03-31-2027,Physical Therapist
PT,304484,KYLEE LEWALLEN,,949-766-8535,,1306529094,22521 AVENIDA EMPRESA STE 116,RANCHO SANTA MARGARITA,CA,92688,SAN JUAN CAPISTRANO,ORANGE,92675,high,license_number,04-30-2027,Physical Therapist
PT,302787,KYOUNG KOON KONG,"PT, DPT",562-595-4489,,1669192613,2888 LONG BEACH BLVD STE 405,LONG BEACH,CA,90806,BUENA PARK,ORANGE,90621,high,license_number,02-29-2028,Physical Therapist
PT,27030,LANCE SASAKI,,310-373-3181,,1275696833,23133 HAWTHORNE BLVD,TORRANCE,CA,90505,FOUNTAIN VALLEY,ORANGE,92708,high,license_number,10-31-2027,Physical Therapist
PT,301924,LANDY MIRABEL RAZAFINDRABE,,951-353-2000,,1972251007,10800 MAGNOLIA AVE,RIVERSIDE,CA,92505,ANAHEIM,ORANGE,92805,medium,name_exact,05-31-2027,Physical Therapist
PT,293485,LANE SEYMOUR,DPT,714-971-2153,,1477033942,12681 HASTER ST,GARDEN GROVE,CA,92840,GARDEN GROVE,ORANGE,92845,high,license_number,07-31-2027,Physical Therapist
PT,24979,LARRY JAMES LINDLEY,p.t.,949-837-5111,,1285772939,23961 CALLE DE LA MAGDALENA,LAGUNA HILLS,CA,92653,LAKE FOREST,ORANGE,92630,high,license_number,09-30-2027,Physical Therapist
PT,43076,LAURA ANN HENDERSON,DPT,949-722-5088,,1801264569,22 CORPORATE PLAZA DR,NEWPORT BEACH,CA,92660,BREA,ORANGE,92821,high,license_number,12-31-2026,Physical Therapist
PT,37048,LAURA CHRISTINE GORHAM,P.T.,949-631-3321,,1740551597,881 DOVER DR,NEWPORT BEACH,CA,92663,NEWPORT BEACH,ORANGE,92663,high,license_number,05-31-2028,Physical Therapist
PT,304649,LAURA CORINNE MANDICH,"PT, DPT",949-522-6720,,1831972843,18 ENDEAVOR STE 105,IRVINE,CA,92618,SEAL BEACH,ORANGE,90740,high,license_number,09-30-2028,Physical Therapist
PT,22157,LAURA HAYDEN PETERSON,,714-803-4470,,1710620265,9032 RHODESIA DR,HUNTINGTON BEACH,CA,92646,HUNTINGTON BEACH,ORANGE,92646,high,license_number,10-31-2028,Physical Therapist
PT,24923,LAURA JENNIFER DUNCAN,P.T.,949-459-9010,,1114979424,29803 SANTA MARGARITA PKWY,RANCHO SANTA MARGARITA,CA,92688,RSM,ORANGE,92688,high,license_number,07-31-2027,Physical Therapist
PT,38767,LAURA JOANNE ULYATE,MPT,949-292-3068,,1902171200,20382 BARENTS SEA CIR,LAKE FOREST,CA,92630,LAGUNA NIGUEL,ORANGE,92677,high,license_number,01-31-2028,Physical Therapist
PT,26849,LAURA KRISTIN SKEETERS,MPT,562-657-2823,,1609092287,9449 IMPERIAL HWY,DOWNEY,CA,90242,ALISO VIEJO,ORANGE,92656,high,license_number,06-30-2027,Physical Therapist
PT,42947,LAURA LEILANI WONG,"PT, DPT",949-265-2442,,1326417254,3500 BARRANCA PKWY STE 220,IRVINE,CA,92606,LAGUNA HILLS,ORANGE,92653,high,license_number,02-28-2027,Physical Therapist
PT,38417,LAURA MICHELLE KELLEN,"PT, DPT, ATC",949-265-2442,,1528338514,250 E. YALE LOOP,IRVINE,CA,92604,HUNTINGTON BEACH,ORANGE,92648,high,license_number,03-31-2027,Physical Therapist
PT,11759,LAUREN BEELER,"PT, PCS",949-589-1405,,1740487917,28715 VISTA SANTIAGO RD,TRABUCO CANYON,CA,92679,TRABUCO CANYON,ORANGE,92679,high,license_number,04-30-2027,Physical Therapist
PT,34909,LAUREN BOJORQUEZ,D.P.T.,714-693-0460,,1942448063,20655 YORBA LINDA BLVD STE A,YORBA LINDA,CA,92886,ORANGE,ORANGE,92868,high,license_number,06-30-2028,Physical Therapist
PT,301915,LAUREN KATE MOTTER,DPT,619-241-3678,,1174263370,5202 E ABBEYFIELD ST,LONG BEACH,CA,90815,FOUNTAIN VALLEY,ORANGE,92708,high,license_number,12-31-2027,Physical Therapist
PT,303716,LAUREN MARIE WRIGHT,DPT,657-206-8231,,1033890892,4755 KATELLA AVE,CYPRESS,CA,90720,HUNTINGTON BEACH,ORANGE,92648,high,license_number,04-30-2028,Physical Therapist
PT,300692,LAUREN MICHELE JOHNSON,"PT, DPT",562-296-8107,,1558031906,3851 KATELLA AVE STE 365,LOS ALAMITOS,CA,90720,GARDEN GROVE,ORANGE,92845,high,license_number,03-31-2027,Physical Therapist
PT,306634,LAUREN NICOLE ESCALANTE,,714-577-0745,,1588495378,16615 YORBA LINDA BLVD,YORBA LINDA,CA,92886,YORBA LINDA,ORANGE,92886,high,license_number,12-31-2027,Physical Therapist
PT,295293,LAUREN NISHIDA,"PT, DPT",949-412-9090,,1619510682,28791 CHARREADAS,LAGUNA NIGUEL,CA,92677,LAGUNA NIGUEL,ORANGE,92677,high,license_number,02-29-2028,Physical Therapist
PT,20005,LAUREN SEIBERT,,562-595-5159,,1801905492,2501 CHERRY AVE,SIGNAL HILL,CA,90755,TUSTIN,ORANGE,92781,medium,name_exact,01-31-2028,Physical Therapist
PT,301494,LAUREN SUGAY,,858-755-5200,,1689334849,2204 S EL CAMINO REAL STE 225,OCEANSIDE,CA,92054,GARDEN GROVE,ORANGE,92840,high,license_number,10-31-2027,Physical Therapist
PT,298846,LAUREN VERA,,800-872-2273,lauren.vera@direct.usc.edu,1588395073,1500 SAN PABLO ST,LOS ANGELES,CA,90033,LOS ALAMITOS,ORANGE,90720,high,license_number,07-31-2028,Physical Therapist
PT,299269,LAUREN YAMADA,DPT,401-490-9780,,1124621008,401 ELMGROVE AVE,PROVIDENCE,RI,02906,LOS ALAMITOS,ORANGE,90720,high,license_number,06-30-2028,Physical Therapist
PT,39096,LAUREN YOKO MURAKAWA,DPT,949-340-6927,,1982959284,24422 AVENIDA DE LA CARLOTA,LAGUNA HILLS,CA,92653,FULLERTON,ORANGE,92833,high,license_number,02-29-2028,Physical Therapist
PT,39367,LAURETTA MARIE RUSTAD,"PT, DPT",760-955-6061,,1083963839,12402 INDUSTRIAL BLVD,VICTORVILLE,CA,92395,RCHO STA MARG,ORANGE,92688,high,license_number,10-31-2027,Physical Therapist
PT,12761,LAURIE J GOSHE,P.T.,949-646-6863,,1316082027,404 WESTMINSTER AVE # 6,NEWPORT BEACH,CA,92663,NEWPORT BEACH,ORANGE,92663,high,license_number,01-31-2027,Physical Therapist
PT,36331,LAURIE L MORELAND,D.P.T.,949-631-0125,,1750607172,129 W. WILSON ST.,COSTA MESA,CA,92627,IRVINE,ORANGE,92604,high,license_number,09-30-2027,Physical Therapist
PT,28645,LAURIE LAYTON BOULWARE,"PT, DPT, CSCS",949-582-2555,,1093753741,26921 CROWN VALLEY PKWY,MISSION VIEJO,CA,92691,LOS ALAMITOS,ORANGE,90720,high,license_number,05-31-2027,Physical Therapist
PT,22154,LEE ALLEN PERKINS,PT,714-475-8568,,1770531709,514 8TH ST,HUNTINGTON BEACH,CA,92648,HUNTINGTON BEACH,ORANGE,92648,high,license_number,05-31-2028,Physical Therapist
PT,302191,LENA PARKER,"PT, DPT",858-755-5200,,1215676523,760 13TH ST,IMPERIAL BEACH,CA,91932,ALISO VIEJO,ORANGE,92656,high,license_number,10-31-2027,Physical Therapist
PT,17086,LENA TOTAH GLASGOW,"PT, OCS",714-992-9694,,1962741983,1341 MANZANITA DR,FULLERTON,CA,92833,FULLERTON,ORANGE,92833,high,license_number,01-31-2027,Physical Therapist
PT,22736,LESLEY ANNE KOCH,pt,714-596-0700,,1689646044,7451 WARNER AVE,HUNTINGTON BEACH,CA,92647,HUNTINGTON BEACH,ORANGE,92649,high,license_number,06-30-2027,Physical Therapist
PT,299430,LESLEY LINDA RIVERA,"PT, DPT",909-265-3584,,1245836618,21255 TRAIL RDG,YORBA LINDA,CA,92886,YORBA LINDA,ORANGE,92886,high,license_number,02-29-2028,Physical Therapist
PT,310633,LEYNA NGUYEN,DPT,949-590-9350,,1184539280,15375 BARRANCA PKWY STE A103,IRVINE,CA,92618,FOUNTAIN VALLEY,ORANGE,92708,high,license_number,02-29-2028,Physical Therapist
PT,293407,LIBBIE CHEN,"PT, DPT",949-265-2442,,1457878712,250 E YALE LOOP STE 201,IRVINE,CA,92604,IRVINE,ORANGE,92618,high,license_number,07-31-2027,Physical Therapist
PT,305501,LIEN TRAN,"PT, DPT",714-922-0815,,1033878723,301 E JEANETTE LN UNIT 348,SANTA ANA,CA,92705,SANTA ANA,ORANGE,92705,medium,name_exact,10-31-2027,Physical Therapist
PT,16902,LILIANA MONICA WOOD,PT,714-281-0169,,1285125088,30025 ALICIA PKWY,LAGUNA NIGUEL,CA,92677,SAN CLEMENTE,ORANGE,92673,medium,name_exact,08-31-2028,Physical Therapist
PT,21413,LILIBETH LO SAY,MPT,562-239-6467,,1629198510,12200 BELLFLOWER BLVD,DOWNEY,CA,90242,ANAHEIM,ORANGE,92808,high,license_number,09-30-2027,Physical Therapist
PT,25524,LILIBETH Y CO,P.T.,760-775-5511,,1316025521,81557 DOCTOR CARREON BLVD,INDIO,CA,92201,IRVINE,ORANGE,92620,high,license_number,11-30-2027,Physical Therapist
PT,303696,LILLIAN MAN PHAN,DPT,949-459-9010,,1497218929,29803 SANTA MARGARITA PKWY,RANCHO SANTA MARGARITA,CA,92688,BREA,ORANGE,92822,high,license_number,12-31-2026,Physical Therapist
PT,39421,LINA TAING,PT,626-716-7080,,1194108563,18234 MESCAL ST,ROWLAND HEIGHTS,CA,91748,ANAHEIM,ORANGE,92807,high,license_number,06-30-2028,Physical Therapist
PT,19144,LINDA M FITZGERALD,RPT,949-218-0853,,1790719847,23595 MOULTON PKWY STE E,LAGUNA HILLS,CA,92653,MISSION VIEJO,ORANGE,92692,medium,name_exact,06-30-2027,Physical Therapist
PT,26130,LINDA SIEMBIEDA,P.T.,714-847-8261,,1356651970,6422 FALLINGWATER DR,HUNTINGTON BEACH,CA,92647,HUNTINGTON BEACH,ORANGE,92647,high,license_number,01-31-2027,Physical Therapist
PT,42654,LINDSAY CLARKSEN,,920-606-5479,,1659780633,9312 ESPERANZA,IRVINE,CA,92618,ANAHEIM,ORANGE,92806,medium,name_exact,01-31-2027,Physical Therapist
PT,306046,LINDSAY MASUKAWA,PT,713-526-6143,,1922839067,2085 WESTHEIMER RD,HOUSTON,TX,77098,CYPRESS,ORANGE,90630,medium,name_exact,01-31-2028,Physical Therapist
PT,36211,LINDSAY MCGRAW,DPT,415-265-9692,,1669792594,480 UPPER TER,SAN FRANCISCO,CA,94117,CHAPEL HILL,ORANGE,27516,high,license_number,01-31-2027,Physical Therapist
PT,294871,LINDSAY MOORE,,818-926-9057,,1356964100,31248 OAK CREST DR STE 120,WESTLAKE VILLAGE,CA,91361,IRVINE,ORANGE,92603,high,license_number,05-31-2028,Physical Therapist
PT,298064,LINDSAY VALERIO,,562-597-3035,,1154957629,5214 E LOS ALTOS PLZ,LONG BEACH,CA,90815,FULLERTON,ORANGE,92833,high,license_number,05-31-2027,Physical Therapist
PT,35767,LINDSEY GOLDSTEIN,P.T.,310-869-2322,,1841429230,11500 WEST OLYMPIC BLVD.,LOS ANGELES,CA,90064,IRVINE,ORANGE,92603,high,license_number,02-28-2027,Physical Therapist
PT,307709,LINDSEY VEST,"PT, DPT",562-333-3700,,1164210084,3737 MARTIN LUTHER KING JR BLVD STE 604,LYNWOOD,CA,90262,MISSION VIEJO,ORANGE,92692,high,license_number,10-31-2028,Physical Therapist
PT,35438,LINH N. NGO-REYES,MPT,951-637-2320,,1588807739,10020 INDIANA AVE,RIVERSIDE,CA,92503,ALISO VIEJO,ORANGE,92656,high,license_number,11-30-2026,Physical Therapist
PT,14910,LISA ANNE WHITTEN,PT,714-835-2223,,1407831639,1820 E 16TH ST,SANTA ANA,CA,92701,ALISO VIEJO,ORANGE,92656,high,license_number,06-30-2027,Physical Therapist
PT,19356,LISA D SCHOLZ,P.T.,909-985-2337,,1104960640,299 W FOOTHILL BLVD,UPLAND,CA,91786,YORBA LINDA,ORANGE,92886,high,license_number,08-31-2027,Physical Therapist
PT,29159,LISA FAIRCHILD,M.P.T.,714-742-8238,,1730267600,21111 RED JACKET CIR,HUNTINGTON BEACH,CA,92646,HUNTINGTON BEACH,ORANGE,92646,high,license_number,10-31-2027,Physical Therapist
PT,12886,LISA JANE MCWHORTER,RPT,562-424-5198,,1972686111,2760 ATLANTIC AVE,LONG BEACH,CA,90806,CYPRESS,ORANGE,90630,high,license_number,09-30-2027,Physical Therapist
PT,28723,LISA LOUISE KERFOOT,D.P.T.,949-333-6403,,1801916119,980 ROOSEVELT,IRVINE,CA,92620,RSM,ORANGE,92688,high,license_number,11-30-2026,Physical Therapist
PT,11847,LISA MARGOT MEYERHOF-JONES,PT,949-459-9010,,1154422517,29803 SANTA MARGARITA PKWY,RANCHO SANTA MARGARITA,CA,92688,SAN JUAN CAPISTRANO,ORANGE,92675,medium,name_exact,11-30-2026,Physical Therapist
PT,36531,LISA MARLA MAYS-PAYAN,DPT,714-776-1720,,1891041109,1720 W ORANGE AVE,ANAHEIM,CA,92804,FULLERTON,ORANGE,92835,high,license_number,09-30-2027,Physical Therapist
PT,15080,LISA MICHELLE SMITH,PT,760-719-3675,,1205951340,200 MERCY CIRCLE,CAMP PENDLETON,CA,92055,MISSION VIEJO,ORANGE,92692,high,license_number,11-30-2027,Physical Therapist
PT,19856,LISA SHULMAN,PT,888-988-2800,,1366640245,411 N LAKEVIEW AVE,ANAHEIM,CA,92807,FOOTHILL RANCH,ORANGE,92610,high,license_number,09-30-2027,Physical Therapist
PT,303259,LISA TRAN,"PT, DPT",714-557-9292,,1821708199,201 SANDPOINTE AVE STE 130,SANTA ANA,CA,92707,MIDWAY CITY,ORANGE,92655,high,license_number,07-31-2028,Physical Therapist
PT,21353,LISSA A TREVINO,P.T,949-366-6785,,1669551750,901 CALLE AMANECER,SAN CLEMENTE,CA,92673,SAN CLEMENTE,ORANGE,92673,high,license_number,12-31-2027,Physical Therapist
PT,308623,LIZETTE SANCHEZ LOZA,,310-370-1200,,1497632038,3445 PACIFIC COAST HWY STE 310,TORRANCE,CA,90505,WESTMINSTER,ORANGE,92683,high,license_number,12-31-2026,Physical Therapist
PT,298625,LOK YIN LI,,562-432-2821,,1497367221,100 OCEANGATE STE P245,LONG BEACH,CA,90802,FULLERTON,ORANGE,92832,high,license_number,10-31-2027,Physical Therapist
PT,26701,LORELEI M KINCAID,,714-571-0141,,1265637599,515 CABRILLO PARK DR STE 100,SANTA ANA,CA,92701,GARDEN GROVE,ORANGE,92843,high,license_number,06-30-2027,Physical Therapist
PT,18207,LOREN L CARROLL,MSPT,714-334-1014,,1881725166,7662 DANUBE DR,HUNTINGTON BEACH,CA,92647,HUNTINGTON BEACH,ORANGE,92647,high,license_number,08-31-2027,Physical Therapist
PT,34526,LORENA BARRIOS HINGCO,RPT,714-562-0966,,1437320009,7212 ORANGETHORPE AVE,BUENA PARK,CA,90621,BUENA PARK,ORANGE,90620,high,license_number,11-30-2027,Physical Therapist
PT,296255,LORENA LIZARRAGA,,949-932-5000,,1992272413,2918 GRAYSON AVE,VENICE,CA,90291,PLACENTIA,ORANGE,92870,medium,name_exact,02-28-2027,Physical Therapist
PT,19377,LORI HOKAMA,RPT,949-764-2116,,1306485586,466 FLAGSHIP RD,NEWPORT BEACH,CA,92663,LAKE FOREST,ORANGE,92630,high,license_number,05-31-2027,Physical Therapist
PT,25455,LORI LYNN ROELOFS,MPT,949-600-5437,,1700197886,20902 BAKE PKWY,LAKE FOREST,CA,92630,LADERA RANCH,ORANGE,92694,high,license_number,03-31-2028,Physical Therapist
PT,37001,LOUELLA JAE GOPEZ,P.T.,714-538-0025,,1881901676,239 E. KATELLA AVE,ORANGE,CA,92867,GARDEN GROVE,ORANGE,92841,high,license_number,11-30-2027,Physical Therapist
PT,33636,LOUIE DELA PENA LABIAL,PT,909-881-8612,,1780891416,399 E HIGHLAND AVE,SAN BERNARDINO,CA,92404,HUNTINGTON BEACH,ORANGE,92649,medium,name_exact,10-31-2026,Physical Therapist
PT,298873,LUDMILA MALAKHOV,"PT, DPT",310-273-0877,,1568065381,415 N CRESCENT DR STE 130,BEVERLY HILLS,CA,90210,LAGUNA HILLS,ORANGE,92653,medium,name_exact,06-30-2028,Physical Therapist
PT,310656,LUIS RODRIGO RIZO,"PT, DPT",562-598-5500,,1679497713,1005 PACIFIC COAST HWY STE A2,SEAL BEACH,CA,90740,WESTMINSTER,ORANGE,92685,high,license_number,03-31-2028,Physical Therapist
PT,299341,LUKE VIKER,,760-633-6507,,1366334484,2205 VISTA WAY,OCEANSIDE,CA,92054,SAN CLEMENTE,ORANGE,92672,high,license_number,10-31-2026,Physical Therapist
PT,28358,LUZ O BLAKE,P.T.,949-206-9100,,1003242785,15715 ROCKFIELD BOULEVARD,IRVINE,CA,92618,IRVINE,ORANGE,92614,high,license_number,01-31-2027,Physical Therapist
PT,28060,LYNDA HAZEL J SALES,PT,562-569-4015,,1164632865,13010 MILLER AVE,NORWALK,CA,90650,CYPRESS,ORANGE,90630,high,license_number,09-30-2028,Physical Therapist
PT,28004,LYNDEN SALAS ROGERO,P.T.,510-577-0777,,1437330800,1000 E 14TH ST,SAN LEANDRO,CA,94577,ANAHEIM,ORANGE,92804,high,license_number,07-31-2028,Physical Therapist
PT,11148,LYNN TOSHIKO KANDA,"P.T., O.C.S.",714-964-3337,,1104864701,10900 WARNER AVE,FOUNTAIN VALLEY,CA,92708,NEWPORT BEACH,ORANGE,92660,high,license_number,05-31-2028,Physical Therapist
PT,15948,LYNN WATKINS,PT,949-542-5000,,1235137175,31461 RANCHO VIEJO RD,SAN JUAN CAPISTRANO,CA,92675,LAGUNA NIGUEL,ORANGE,92677,high,license_number,01-31-2027,Physical Therapist
PT,17337,LYNNE K FAIRCLOUGH,,515-222-8000,,1780216937,2970 HILLTOP MALL RD,RICHMOND,CA,94806,ALISO VIEJO,ORANGE,92656,high,license_number,02-28-2027,Physical Therapist
PT,42835,LYNNETTE YAMAMOTO,"PT, DPT",714-776-1231,,1205203700,217 W CERRITOS AVE,ANAHEIM,CA,92805,ORANGE,ORANGE,92869,high,license_number,03-31-2027,Physical Therapist
PT,32389,LYNZI IRVINE,"PT, DPT",949-291-8480,,1417999707,2951 HARBOR BLVD,COSTA MESA,CA,92626,COSTA MESA,ORANGE,92627,high,license_number,01-31-2027,Physical Therapist
PT,34676,MA CHRISTINA VERDE ARANETA,PT,714-271-6235,,1477822773,1342 LOYD WAY,PLACENTIA,CA,92870,ANAHEIM,ORANGE,92806,high,license_number,01-31-2028,Physical Therapist
PT,302916,MADELINE CHRISTINE COWAN,"PT, DPT",949-861-8600,,1740903202,17332 VON KARMAN AVE STE 120,IRVINE,CA,92614,HUNTINGTON BEACH,ORANGE,92649,high,license_number,02-29-2028,Physical Therapist
PT,307614,MADISON HANSON,,949-232-7507,,1700717790,112 CARTIER AISLE,IRVINE,CA,92620,IRVINE,ORANGE,92620,high,license_number,03-31-2028,Physical Therapist
PT,297889,MADISON MOUNGA,DPT,949-861-8600,,1619507340,17332 VON KARMAN AVE STE 120,IRVINE,CA,92614,IRVINE,ORANGE,92620,high,license_number,10-31-2027,Physical Therapist
PT,295841,MADISON RHODES,PT,818-885-6200,,1295290724,19325 SHERMAN WAY,RESEDA,CA,91335,IRVINE,ORANGE,92618,high,license_number,02-29-2028,Physical Therapist
PT,308207,MADISON STANLEY,"PT, DPT",714-538-0025,,1669351375,239 E KATELLA AVE,ORANGE,CA,92867,ORANGE,ORANGE,92867,high,license_number,07-31-2028,Physical Therapist
PT,39244,MAGDALENA BIALAS,,714-828-1293,,1497002547,2563 W WOODLAND DR,ANAHEIM,CA,92801,TUSTIN,ORANGE,92782,high,license_number,02-29-2028,Physical Therapist
PT,25008,MAHTA MIRHOSSEINI,PT,949-929-9454,,1952916603,18 HIGHPOINT,NEWPORT COAST,CA,92657,NEWPORT COAST,ORANGE,92657,medium,name_exact,03-31-2027,Physical Therapist
PT,308524,MAHTAB FARAHANI JALALI,"DPT, PT",714-406-3447,,1548146178,3324 ALABAMA CIR,COSTA MESA,CA,92626,IRVINE,ORANGE,92618,high,license_number,09-30-2028,Physical Therapist
PT,25669,MAI NGO STUDEBAKER,D.P.T.,714-968-3003,,1306884366,19032 MAGNOLIA ST,HUNTINGTON BEACH,CA,92646,HUNTINGTON BEACH,ORANGE,92647,high,license_number,04-30-2028,Physical Therapist
PT,19079,MAIHRI ELIZABETH THOMSON,PT,949-597-0007,,1235355116,23521 PASEO DE VALENCIA,LAGUNA HILLS,CA,92653,MISSION VIEJO,ORANGE,92691,high,license_number,11-30-2026,Physical Therapist
PT,300877,MALLORIE B HOPKINS,DPT,949-612-7695,,1952966988,2651 IRVINE AVE STE 138,COSTA MESA,CA,92627,COSTA MESA,ORANGE,92627,high,license_number,07-31-2027,Physical Therapist
PT,20844,MAMTA J SHAH,PT,714-279-4450,,1235335373,441 N LAKEVIEW AVE,ANAHEIM,CA,92807,VILLA PARK,ORANGE,92861,high,license_number,10-31-2026,Physical Therapist
PT,299794,MAMTA PATIL,,657-325-8864,,1275118663,18922 DELAWARE ST,HUNTINGTON BEACH,CA,92648,FOOTHILL RANCH,ORANGE,92610,medium,name_exact,02-29-2028,Physical Therapist
PT,37022,MANDY ANN MAGOTO,DPT,714-256-5074,,1427363787,1800 E LAMBERT RD,BREA,CA,92821,LADERA RANCH,ORANGE,92694,high,license_number,01-31-2028,Physical Therapist
PT,303745,MANDY DARAFEEV,,626-683-8536,,1922707108,111 S HUDSON AVE,PASADENA,CA,91101,IRVINE,ORANGE,92606,high,license_number,03-31-2028,Physical Therapist
PT,32640,MANJU SKARIAH,,714-777-9666,,1588856884,17801 IMPERIAL HWY,YORBA LINDA,CA,92886,PLACENTIA,ORANGE,92870,high,license_number,03-31-2027,Physical Therapist
PT,302014,MARANDA TERRY,DPT,949-716-5050,,1568108405,704 N HARBOR BLVD,FULLERTON,CA,92832,FULLERTON,ORANGE,92832,high,license_number,02-29-2028,Physical Therapist
PT,309195,MARCELINO MARTINEZ,,949-694-9988,,1437012614,24361 EL TORO RD STE 140,LAGUNA WOODS,CA,92637,COSTA MESA,ORANGE,92626,high,license_number,04-30-2027,Physical Therapist
PT,19874,MARCHELLE ETHEL ESPARZA,"MPT, OCS",714-838-6999,,1932131638,250 EL CAMINO REAL,TUSTIN,CA,92780,ORANGE,ORANGE,92869,high,license_number,05-31-2027,Physical Therapist
PT,35429,MARCO ARTIANO,DPT,949-587-1155,,1134356447,23961 CALLE DE LA MAGDALENA,LAGUNA HILLS,CA,92653,ALISO VIEJO,ORANGE,92656,high,license_number,04-30-2028,Physical Therapist
PT,302100,MARCUS VARELA,"PT, DPT",858-279-5570,,1083351456,3959 RUFFIN RD STE J,SAN DIEGO,CA,92123,LADERA RANCH,ORANGE,92694,high,license_number,09-30-2027,Physical Therapist
PT,292549,MARENA BOCTOR NAKHLA,DPT,949-443-5442,,1215472576,31271 NIGUEL RD STE J,LAGUNA NIGUEL,CA,92677,RSM,ORANGE,92688,medium,name_exact,01-31-2028,Physical Therapist
PT,298692,MARGARET LI CHENG,DPT,530-329-8490,,1346848181,1103 BUTTE HOUSE RD,YUBA CITY,CA,95991,IRVINE,ORANGE,92614,high,license_number,07-31-2028,Physical Therapist
PT,27973,MARGO JEAN CHAVEZ,MPT,562-385-7111,,1871016337,7601 IMPERIAL HWY,DOWNEY,CA,90242,TRABUCO CANYON,ORANGE,92679,high,license_number,12-31-2026,Physical Therapist
PT,18403,MARIA ALEXA CROSBY,PT,714-424-0290,,1891709739,11100 WARNER AVE,FOUNTAIN VALLEY,CA,92708,LOS ALAMITOS,ORANGE,90720,high,license_number,12-31-2027,Physical Therapist
PT,30101,MARIA C KING,,562-809-1833,,1538227525,19123 BLOOMFIELD AVE,CERRITOS,CA,90703,BREA,ORANGE,92821,high,license_number,06-30-2028,Physical Therapist
PT,17836,MARIA CHRISTINA MACMILLAN,,714-870-6116,,1407790280,233 ORANGEFAIR MALL,FULLERTON,CA,92832,ANAHEIM,ORANGE,92808,high,license_number,03-31-2027,Physical Therapist
PT,38256,MARIA CRISELDA LEONCIO,,949-649-4791,,1831862127,300 FREEDOM LN,ALISO VIEJO,CA,92656,LAKE FOREST,ORANGE,92630,high,license_number,01-31-2027,Physical Therapist
PT,303398,MARIA ELIZABETH COLUNGA,DPT,949-551-3860,,1417653635,13001 SEAL BEACH BLVD,SEAL BEACH,CA,90740,BREA,ORANGE,92821,medium,name_exact,04-30-2028,Physical Therapist
PT,18161,MARIA GARDUNO,PT,714-893-7399,,1477788131,11105 KNOTT AVE,CYPRESS,CA,90630,SANTA ANA,ORANGE,92706,high,license_number,03-31-2028,Physical Therapist
PT,38191,MARIA LEONOR UMALI SUNGLAO,,714-853-9938,,1225426885,1318 W BAKER AVE,FULLERTON,CA,92833,FULLERTON,ORANGE,92833,high,license_number,08-31-2027,Physical Therapist
PT,17870,MARIA LUISA BOLLIER,PT DPT CHT,714-527-9240,,1144384181,6850 LINCOLN AVE STE 205,BUENA PARK,CA,90620,LA HABRA,ORANGE,90631,high,license_number,08-31-2027,Physical Therapist
PT,35345,MARIA MONTOYA MANALOTO,PT,562-338-9441,,1821486259,19 SEACREST DR,BUENA PARK,CA,90621,BUENA PARK,ORANGE,90621,high,license_number,03-31-2028,Physical Therapist
PT,294229,MARIA TERESA OBIETA GARCIA,PT,714-765-9650,,1740670496,2310 E BALL RD APT 2,ANAHEIM,CA,92806,ANAHEIM,ORANGE,92806,high,license_number,07-31-2027,Physical Therapist
PT,18463,MARIA THERESA BAYLON,RPT,949-429-3220,,1801800859,27136 B PASEO ESPADA,SAN JUAN CAPISTRANO,CA,92675,LAGUNA NIGUEL,ORANGE,92677,high,license_number,06-30-2028,Physical Therapist
PT,22175,MARIA THURMAN,P.T.,949-367-1833,,1346269461,27071 CABOT RD,LAGUNA HILLS,CA,92653,SAN CLEMENTE,ORANGE,92672,high,license_number,05-31-2028,Physical Therapist
PT,32010,MARIA ZANITA D'URSO COMBS,PT,949-364-2955,,1003891185,27882 FORBES ROAD,LAGUNA NIGUEL,CA,92677,SAN JUAN CAPISTRANO,ORANGE,92675,high,license_number,03-31-2027,Physical Therapist
PT,20611,MARIA ZIBELL,DPT,323-865-1200,,1326562877,1640 MARENGO ST # ST102,LOS ANGELES,CA,90033,FULLERTON,ORANGE,92838,high,license_number,08-31-2028,Physical Therapist
PT,33632,MARIA ZONNA DILAG,r.p.t.,562-398-0200,,1659573186,5810 DOWNEY AVE,LONG BEACH,CA,90805,LAGUNA NIGUEL,ORANGE,92607,high,license_number,01-31-2027,Physical Therapist
PT,297546,MARIAH WEBER KING,"PT, DPT",949-590-9350,,1174168694,15375 BARRANCA PKWY STE A103,IRVINE,CA,92618,LAGUNA NIGUEL,ORANGE,92677,high,license_number,02-28-2027,Physical Therapist
PT,42787,MARIANA COUTO GAMA,DPT,818-846-7100,,1467813105,100 N FIRST ST,BURBANK,CA,91502,HUNTINGTON BEACH,ORANGE,92649,high,license_number,10-31-2026,Physical Therapist
PT,306396,MARIANN MICHELLE CABALLERO,,949-340-6927,,1942036389,23141 MOULTON PKWY STE 111,LAGUNA HILLS,CA,92653,IRVINE,ORANGE,92618,high,license_number,07-31-2028,Physical Therapist
PT,18597,MARIANNE SULLIVAN,P.T.,949-443-5442,,1134170442,31271 NIGUEL RD STE J,LAGUNA NIGUEL,CA,92677,SAN JUAN CAPISTRANO,ORANGE,92675,high,license_number,09-30-2026,Physical Therapist
PT,28951,MARIE CHARLOTTE C. GONZALES,P.T.,615-778-4066,,1174648331,9190 HAVEN AVE,RANCHO CUCAMONGA,CA,91730,FOOTHILL RANCH,ORANGE,92610,high,license_number,09-30-2027,Physical Therapist
PT,303652,MARIE NOELLE KOPACZEWSKI,"PT, DPT",714-276-3992,,1689370074,18030 MAGNOLIA ST,FOUNTAIN VALLEY,CA,92708,COSTA MESA,ORANGE,92626,high,license_number,12-31-2026,Physical Therapist
PT,301223,MARIE ROCHELLE FERNANDEZ,PT,323-401-3590,,1730332669,4539 STANTON DR,LOS ANGELES,CA,90065,FULLERTON,ORANGE,92833,medium,name_exact,03-31-2027,Physical Therapist
PT,303888,MARILIA GABRIELA BERTINI,PT,949-333-6411,,1407558034,1251 E DYER RD STE 150,SANTA ANA,CA,92705,ALISO VIEJO,ORANGE,92656,high,license_number,03-31-2027,Physical Therapist
PT,28997,MARINA ASIL,PT,949-388-9498,,1336429554,21 VIA SORIA,SAN CLEMENTE,CA,92673,SAN CLEMENTE,ORANGE,92673,high,license_number,08-31-2027,Physical Therapist
PT,7803,MARINA CATHERINE BROWN-BOCHICCHIO,PT,714-279-4800,,1487872768,2031 E ORANGETHORPE AVE,PLACENTIA,CA,92870,DANA POINT,ORANGE,92629,high,license_number,06-30-2028,Physical Therapist
PT,309263,MARINA ELIA MAKAR,,714-544-2188,,1952262941,2492 WALNUT AVE STE 140,TUSTIN,CA,92780,WESTMINSTER,ORANGE,92683,high,license_number,06-30-2027,Physical Therapist
PT,43043,MARIO URDANETA-MONCADA,"PT, DPT",661-827-8959,,1225401193,8200 STOCKDALE HWY,BAKERSFIELD,CA,93311,ORLANDO,ORANGE,32827,high,license_number,06-30-2027,Physical Therapist
PT,36352,MARISSA NICOLE SENDOWSKY,"DPT, PT, ATC",714-993-2093,,1881916005,710 E GOLDEN AVE,PLACENTIA,CA,92870,NORTH TUSTIN,ORANGE,92705,high,license_number,11-30-2027,Physical Therapist
PT,38809,MARISSA SCHUBERT,D.P.T.,714-558-3977,,1841564549,2101 E 4TH ST STE 170,SANTA ANA,CA,92705,HUNTINGTON BEACH,ORANGE,92646,high,license_number,04-30-2027,Physical Therapist
PT,22903,MARK A. KIRSCH,MPT,714-557-9292,,1154428829,201 SANDPOINTE AVE,SANTA ANA,CA,92707,COSTA MESA,ORANGE,92626,high,license_number,07-31-2027,Physical Therapist
PT,22591,MARK BOONE ALLEN,MPT,949-861-4108,,1497896054,15825 LAGUNA CANYON RD STE 103,IRVINE,CA,92618,YORBA LINDA,ORANGE,92886,high,license_number,02-28-2027,Physical Therapist
PT,36335,MARK CIPOLLA,MPT,714-505-3200,,1720308695,2682 WALNUT AVE,TUSTIN,CA,92780,NEWPORT BEACH,ORANGE,92663,high,license_number,09-30-2027,Physical Therapist
PT,24624,MARK EUGENE WEGENER,DPT,949-465-9500,,1013070200,23832 ROCKFIELD BLVD STE 160,LAKE FOREST,CA,92630,LAKE FOREST,ORANGE,92630,high,license_number,10-31-2026,Physical Therapist
PT,33737,MARK HAFFAR,"PT, DPT",714-256-5074,,1982800348,1800 E LAMBERT RD,BREA,CA,92821,LADERA RANCH,ORANGE,92694,high,license_number,01-31-2027,Physical Therapist
PT,293961,MARK JOSEPH SHEPTOCK,DPT,949-722-5054,,1306350400,22 CORPORATE PLAZA DR STE 113,NEWPORT BEACH,CA,92660,HUNTINGTON BEACH,ORANGE,92648,high,license_number,05-31-2027,Physical Therapist
PT,18176,MARK KLEM,PT,949-677-5029,,1841535465,12 HARVEST,IRVINE,CA,92604,TUSTIN,ORANGE,92780,high,license_number,04-30-2028,Physical Therapist
PT,23085,MARK KLINGSBERG,PT,714-630-6363,,1851866271,1300 N KRAEMER BLVD,ANAHEIM,CA,92806,FULLERTON,ORANGE,92831,high,license_number,03-31-2027,Physical Therapist
PT,28190,MARK KOZUKI,PT,949-467-9656,,1316275191,2900 BRISTOL ST,COSTA MESA,CA,92626,COSTA MESA,ORANGE,92626,high,license_number,10-31-2026,Physical Therapist
PT,37028,MARK M LEE,RPT,310-373-3181,,1730480070,23133 HAWTHORNE BLVD,TORRANCE,CA,90505,ANAHEIM,ORANGE,92801,high,license_number,04-30-2028,Physical Therapist
PT,23889,MARK NOWLIN,D.P.T,714-222-5922,,1467561654,3140 RED HILL AVE STE 225,COSTA MESA,CA,92626,HUNTINGTON BEACH,ORANGE,92646,high,license_number,08-31-2028,Physical Therapist
PT,11665,MARK PAUL ERSKINE,P.T.,909-427-6995,,1760605513,9985 SIERRA AVE,FONTANA,CA,92335,FOUNTAIN VALLEY,ORANGE,92708,high,license_number,09-30-2028,Physical Therapist
PT,29201,MARK QUIENG SY,RPT,562-303-6367,,1730378670,6322 MICHELSON ST,LAKEWOOD,CA,90713,LA HABRA,ORANGE,90631,high,license_number,01-31-2028,Physical Therapist
PT,37020,MARK STEPHEN HUGHES,DPT,949-448-0872,,1013226695,27432 ALISO CREEK RD,ALISO VIEJO,CA,92656,ORANGE,ORANGE,92866,high,license_number,06-30-2028,Physical Therapist
PT,301342,MARLA ANN LEWIS,DPT,562-424-3090,,1487300679,3939 ATLANTIC AVE STE 215,LONG BEACH,CA,90807,ANAHEIM,ORANGE,92805,high,license_number,10-31-2027,Physical Therapist
PT,308071,MARLENE JENSEN,,206-706-0063,,1073497731,2821 NW MARKET ST STE B,SEATTLE,WA,98107,BREA,ORANGE,92821,medium,name_exact,03-31-2027,Physical Therapist
PT,39272,MARLIZA SAGUM,,903-271-0393,,1255729885,5962 MARSHALL AVE,BUENA PARK,CA,90621,BUENA PARK,ORANGE,90621,high,license_number,09-30-2027,Physical Therapist
PT,23064,MARNI COTA,PT,949-443-5442,,1669470407,31271 NIGUEL RD STE J,LAGUNA NIGUEL,CA,92677,DANA POINT,ORANGE,92629,high,license_number,04-30-2027,Physical Therapist
PT,32143,MARRIANNE F NEALE,PT,949-727-3315,,1538210893,36 MAUCHLY,IRVINE,CA,92618,TRABUCO CANYON,ORANGE,92679,high,license_number,11-30-2026,Physical Therapist
PT,301557,MARSHAL TRUONG,PTA,714-530-9100,,1477213296,12151 DALE AVE,STANTON,CA,90680,GARDEN GROVE,ORANGE,92840,high,license_number,04-30-2027,Physical Therapist
PT,304527,MARSHALL DAVID RULE,"PT, DPT",310-870-3332,,1194408088,2355 CRENSHAW BLVD STE 130,TORRANCE,CA,90501,YORBA LINDA,ORANGE,92887,high,license_number,03-31-2027,Physical Therapist
PT,26667,MARTIN ANDRADE,DPT,949-759-1840,,1336212935,15 CORPORATE PLAZA DR,NEWPORT BEACH,CA,92660,HUNTINGTON BEACH,ORANGE,92648,high,license_number,11-30-2027,Physical Therapist
PT,298128,MARTIN EMMANUEL CRUZ,"PT, DPT",949-679-3988,,1447884093,1 PETERS CANYON RD STE 120,IRVINE,CA,92606,FOUNTAIN VALLEY,ORANGE,92708,high,license_number,11-30-2027,Physical Therapist
PT,10052,MARY ANN BRAUNSTEIN,PT,562-431-6004,,1356494371,2792 WOODSTOCK RD,LOS ALAMITOS,CA,90720,LOS ALAMITOS,ORANGE,90720,high,license_number,07-31-2027,Physical Therapist
PT,28234,MARY CATHERINE HENDERSON,P.T.,714-279-4450,,1891991394,441 N LAKEVIEW AVE,ANAHEIM,CA,92807,LADERA RANCH,ORANGE,92694,high,license_number,09-30-2026,Physical Therapist
PT,36712,MARY EIMERS,DPT,800-561-5207,,1306147061,300 S HARBOR BLVD,ANAHEIM,CA,92805,COSTA MESA,ORANGE,92627,high,license_number,06-30-2027,Physical Therapist
PT,13961,MARY ELIZABETH HARMAN,P.T.,949-459-7528,,1427388537,28371 HARVEST VIEW LN,TRABUCO CANYON,CA,92679,TRABUCO CANYON,ORANGE,92679,high,license_number,06-30-2028,Physical Therapist
PT,20787,MARY ELIZABETH MONTAGNA,P.T.,714-299-9642,,1730503772,163 W AVENIDA DE LOS LOBOS MARINOS,SAN CLEMENTE,CA,92672,SAN CLEMENTE,ORANGE,92673,high,license_number,04-30-2027,Physical Therapist
PT,37616,MARY GRAYLE JALALAIN CAMACHO,PT,949-727-2192,,1952555823,22 ODYSSEY,"IRVINE,",CA,92618,MISSION VIEJO,ORANGE,92692,high,license_number,02-28-2027,Physical Therapist
PT,11688,MARY HUDSON MCKINNEY,"DPT, NCS",714-703-8477,,1821164898,12459 LEWIS ST STE 102,GARDEN GROVE,CA,92840,YORBA LINDA,ORANGE,92886,high,license_number,07-31-2027,Physical Therapist
PT,32162,MARY JACAQUELYN COLOMA BALBA,MPT,714-992-3000,,1891559696,101 E VALENCIA MESA DR,FULLERTON,CA,92835,SANTA ANA,ORANGE,92705,high,license_number,02-28-2027,Physical Therapist
PT,23314,MARY JOANN NOSEK,PT,949-273-6766,,1174508253,26941 CABOT RD STE 125,LAGUNA HILLS,CA,92653,SAN CLEMENTE,ORANGE,92673,high,license_number,02-29-2028,Physical Therapist
PT,15023,MARY KATE SAUNDERS,P.T.,949-494-2046,,1700811445,906 GLENNEYRE ST,LAGUNA BEACH,CA,92651,LAGUNA BEACH,ORANGE,92651,high,license_number,01-31-2028,Physical Therapist
PT,28788,MARY KRISTINE JARO,PT,310-408-9828,,1124201686,10959 ROCHESTER AVE,LOS ANGELES,CA,90024,LAKE FOREST,ORANGE,92630,high,license_number,12-31-2026,Physical Therapist
PT,15611,MARY LILLIAN THOMPSON,DPT,562-385-7061,,1730602277,7601 IMPERIAL HWY # HB223,DOWNEY,CA,90242,ANAHEIM,ORANGE,92807,high,license_number,02-29-2028,Physical Therapist
PT,24786,MARY MARTINEZ,P.T.,714-979-3500,,1295755015,1190 BAKER ST,COSTA MESA,CA,92626,COSTA MESA,ORANGE,92627,high,license_number,09-30-2027,Physical Therapist
PT,15238,MARY MAURER,,714-531-9498,,1598716409,9300 GARDENIA AVE,FOUNTAIN VALLEY,CA,92708,COSTA MESA,ORANGE,92627,high,license_number,02-29-2028,Physical Therapist
PT,19911,MARY SHANNON LUDLOFF,P.T.,615-778-4066,,1376667600,4103 N VIKING WAY,LONG BEACH,CA,90808,HUNTINGTON BEACH,ORANGE,92646,high,license_number,08-31-2027,Physical Therapist
PT,38672,MARY THUY LE,DPT,714-892-6828,,1518231224,12881 KNOTT ST STE 103,GARDEN GROVE,CA,92841,TUSTIN,ORANGE,92780,high,license_number,08-31-2027,Physical Therapist
PT,32607,MARYAM FATHI JAVANBAKHT,DPT,310-355-8825,,1720438625,544 S SAN VICENTE BLVD,LOS ANGELES,CA,90048,SANTA ANA,ORANGE,92705,high,license_number,09-30-2027,Physical Therapist
PT,24838,MARYAM HAMIDI,PHYSICAL THERAPIST,949-545-7007,,1891738639,777 CORPORATE DR STE 160,LADERA RANCH,CA,92694,COTO DE CAZA,ORANGE,92679,high,license_number,12-31-2027,Physical Therapist
PT,27103,MARYANN SA-MI YOO,PT,909-865-9810,,1457980625,1798 N GAREY AVE,POMONA,CA,91767,BREA,ORANGE,92821,high,license_number,02-29-2028,Physical Therapist
PT,26441,MARYSA GLABMAN,M.P.T.,949-552-9393,,1760476790,18124 CULVER DR,IRVINE,CA,92612,LAKE FOREST,ORANGE,92630,high,license_number,12-31-2026,Physical Therapist
PT,37359,MARYSIA ADELE BOECKMAN,DPT,714-893-7399,,1568765501,11105 KNOTT AVE,CYPRESS,CA,90630,CYPRESS,ORANGE,90630,high,license_number,11-30-2026,Physical Therapist
PT,306552,MATEO DAVID LOPEZ,"PT, DPT",951-417-6195,,1346072691,29920 HUNTER RD STE 102,MURRIETA,CA,92563,BREA,ORANGE,92821,high,license_number,01-31-2028,Physical Therapist
PT,43357,MATHEW PARKER,,858-900-3361,,1386018604,560 N COAST HIGHWAY 101 STE 4A,ENCINITAS,CA,92024,CYPRESS,ORANGE,90630,high,license_number,10-31-2027,Physical Therapist
PT,304678,MATT G VILLANUEVA,"PT, DPT",562-296-8107,,1770368292,3851 KATELLA AVE STE 365,LOS ALAMITOS,CA,90720,IRVINE,ORANGE,92602,high,license_number,06-30-2027,Physical Therapist
PT,33345,MATT SWIFT,PT,714-917-3558,,1134278757,1500 S ANAHEIM BLVD,ANAHEIM,CA,92805,HUNTINGTON BEACH,ORANGE,92647,high,license_number,02-29-2028,Physical Therapist
PT,304965,MATTHEW ADRIAN HERNANDEZ,,310-742-2230,,1326985722,3392 MOTOR AVE,LOS ANGELES,CA,90034,YORBA LINDA,ORANGE,92887,medium,name_exact,01-31-2027,Physical Therapist
PT,301657,MATTHEW ALLEN JURIC,,951-353-4670,,1144989427,10800 MAGNOLIA AVE,RIVERSIDE,CA,92505,PLACENTIA,ORANGE,92870,medium,name_exact,03-31-2027,Physical Therapist
PT,297101,MATTHEW ANTHONY CONSALVI,,503-702-9212,,1396366712,2725 E BROADWAY,LONG BEACH,CA,90803,LAKE FOREST,ORANGE,92610,high,license_number,09-30-2026,Physical Therapist
PT,296391,MATTHEW BRANDON HUEBERT,DPT,949-240-8441,,1104388578,26284 OSO RD,SAN JUAN CAPISTRANO,CA,92675,IRVINE,ORANGE,92602,high,license_number,12-31-2026,Physical Therapist
PT,42121,MATTHEW CHARLES KIRSTEN,DPT,949-206-1700,,1255720686,26302 LA PAZ RD,MISSION VIEJO,CA,92691,MISSION VIEJO,ORANGE,92691,high,license_number,02-29-2028,Physical Therapist
PT,25341,MATTHEW G HERTZLER,PT,714-524-3500,,1366530073,1075 YORBA PL,PLACENTIA,CA,92870,PLACENTIA,ORANGE,92870,high,license_number,09-30-2027,Physical Therapist
PT,305564,MATTHEW HOANG,"PT, DPT",949-861-8600,,1013770866,17332 VON KARMAN AVE STE 120,IRVINE,CA,92614,FOUNTAIN VALLEY,ORANGE,92708,high,license_number,09-30-2027,Physical Therapist
PT,295706,MATTHEW I SHIHAB,,949-759-1840,,1568927366,15 CORPORATE PLAZA DR STE NEWPORT,NEWPORT BEACH,CA,92660,IRVINE,ORANGE,92618,high,license_number,11-30-2027,Physical Therapist
PT,26462,MATTHEW J. REEKSTIN,PT,714-870-8478,,1013933613,1027 N HARBOR BLVD,FULLERTON,CA,92832,FULLERTON,ORANGE,92835,high,license_number,02-28-2027,Physical Therapist
PT,32561,MATTHEW JASON BROWN,D.P.T.,909-427-6995,,1952526220,9985 SIERRA AVE,FONTANA,CA,92335,YORBA LINDA,ORANGE,92887,high,license_number,05-31-2027,Physical Therapist
PT,301641,MATTHEW JOSEPH GHANADIAN,,949-932-5000,,1750041042,6670 ALTON PKWY,IRVINE,CA,92618,ORANGE,ORANGE,92869,medium,name_exact,08-31-2027,Physical Therapist
PT,36431,MATTHEW K. SZKALAK,DPT,949-933-9630,,1073822920,654 W WILSON ST,COSTA MESA,CA,92627,COSTA MESA,ORANGE,92627,high,license_number,11-30-2027,Physical Therapist
PT,24650,MATTHEW KURT ORTIZ,"MPT, CSCS",949-459-9010,,1629169701,29803 SANTA MARGARITA PKWY,RANCHO SANTA MARGARITA,CA,92688,TRABUCO CANYON,ORANGE,92679,high,license_number,06-30-2027,Physical Therapist
PT,292001,MATTHEW LE,"PT, DPT",949-265-2442,,1659810042,250 E YALE LOOP,IRVINE,CA,92604,TUSTIN,ORANGE,92780,high,license_number,07-31-2028,Physical Therapist
PT,297736,MATTHEW MERCADO POSADAS,PT DPT,949-461-1250,,1790322410,30230 RANCHO VIEJO RD STE 120,SAN JUAN CAPISTRANO,CA,92675,LAGUNA HILLS,ORANGE,92653,high,license_number,06-30-2027,Physical Therapist
PT,302639,MATTHEW MULROONEY,DPT,714-870-8478,,1730802471,1027 N HARBOR BLVD STE B,FULLERTON,CA,92832,SAN CLEMENTE,ORANGE,92672,high,license_number,03-31-2028,Physical Therapist
PT,304974,MATTHEW OLESEN,DPT,949-443-5442,,1710130323,31271 NIGUEL RD STE J,LAGUNA NIGUEL,CA,92677,DANA POINT,ORANGE,92629,high,license_number,05-31-2027,Physical Therapist
PT,21849,MATTHEW S. WALZER,DPT,949-443-5442,,1164472585,31271 NIGUEL RD STE J,LAGUNA NIGUEL,CA,92677,LAGUNA NIGUEL,ORANGE,92677,high,license_number,01-31-2028,Physical Therapist
PT,25356,MATTHEW SCHATZ,,949-378-7347,,1306030945,23 WILLOWHURST,IRVINE,CA,92602,IRVINE,ORANGE,92618,high,license_number,07-31-2028,Physical Therapist
PT,305440,MATTHEW SIGUA,,443-523-5500,,1134999436,1875 SHERINGTON PL APT S203,NEWPORT BEACH,CA,92663,IRVINE,ORANGE,92602,high,license_number,05-31-2027,Physical Therapist
PT,310545,MAULI NIKHIL GANDHI,,949-387-7333,,1528983517,23001 DEL LAGO DR STE C1,LAGUNA HILLS,CA,92653,ANAHEIM,ORANGE,92806,high,license_number,04-30-2028,Physical Therapist
PT,24165,MAUREEN CROSS,"PT, CLT",714-456-5568,,1285088336,200 S MANCHESTER AVE STE 120,ORANGE,CA,92868,COSTA MESA,ORANGE,92626,high,license_number,07-31-2028,Physical Therapist
PT,292512,MAX BIESSMANN,PT,714-633-7227,,1124541016,871 S TUSTIN ST,ORANGE,CA,92866,ORANGE,ORANGE,92866,high,license_number,02-29-2028,Physical Therapist
PT,305864,MAX MASROOR,PT,562-421-7635,,1992585657,5000 AIRPORT PLAZA DR STE 240,LONG BEACH,CA,90815,ANAHEIM,ORANGE,92804,high,license_number,01-31-2028,Physical Therapist
PT,41107,MAXINE KAY BABAZADEH,M.P.T,310-621-6225,,1154749562,3205 CLAY ST,NEWPORT BEACH,CA,92663,NEWPORT BEACH,ORANGE,92663,high,license_number,12-31-2027,Physical Therapist
PT,41220,MAYRA YALOHA SOLANO,M.P.T.,714-505-2966,,1255758744,18102 IRVINE BLVD STE 207,TUSTIN,CA,92780,ANAHEIM,ORANGE,92801,high,license_number,09-30-2027,Physical Therapist
PT,302537,MCKAYLA JUSTINE CASALINI,,714-437-8700,,1851263974,18111 BROOKHURST ST,FOUNTAIN VALLEY,CA,92708,COSTA MESA,ORANGE,92626,medium,name_exact,01-31-2028,Physical Therapist
PT,306461,MCKENNA NICOLE THIBODEAU,PT,714-841-6162,,1790521904,19582 BEACH BLVD STE 130,HUNTINGTON BEACH,CA,92648,HUNTINGTON BEACH,ORANGE,92648,medium,name_exact,02-29-2028,Physical Therapist
PT,42925,MEAGHAN NICOLE O'DAY,"PT, DPT",714-316-3180,,1710356233,725 WELCH RD,PALO ALTO,CA,94304,FULLERTON,ORANGE,92832,high,license_number,11-30-2026,Physical Therapist
PT,12917,MEDHAT MOHAMMED ABDELRAHIM,PT,562-777-1333,,1356326128,12215 TELEGRAPH RD,SANTA FE SPRINGS,CA,90670,MISSION VIEJO,ORANGE,92691,high,license_number,07-31-2027,Physical Therapist
PT,38094,MEERA PAREKH,,909-204-8301,,1235524513,295 S LEANDRO ST,ANAHEIM,CA,92807,ANAHEIM,ORANGE,92807,high,license_number,08-31-2028,Physical Therapist
PT,293518,MEGAN CHOE,DPT,949-713-6445,,1740791789,23121 ANTONIO PKWY STE 100,RANCHO SANTA MARGARITA,CA,92688,FULLERTON,ORANGE,92833,high,license_number,09-30-2026,Physical Therapist
PT,36920,MEGAN ELIZABETH KAY,M.P.T.,714-770-8222,,1861705667,13891 NEWPORT AVE STE 285,TUSTIN,CA,92780,SANTA ANA,ORANGE,92705,high,license_number,06-30-2028,Physical Therapist
PT,304813,MEGAN FLORA,DPT,562-945-1587,,1982382487,15141 WHITTIER BLVD STE 100,WHITTIER,CA,90603,BREA,ORANGE,92821,medium,name_exact,12-31-2026,Physical Therapist
PT,309179,MEGAN KIEU,"PT, DPT",949-271-0010,,1518826981,32 DISCOVERY STE 100,IRVINE,CA,92618,TRABUCO CANYON,ORANGE,92679,high,license_number,12-31-2026,Physical Therapist
PT,36283,MEGAN VALENZUELA,"PT, DPT",714-731-4668,,1841528742,3002 DOW AVE STE 114,TUSTIN,CA,92780,LAGUNA HILLS,ORANGE,92653,high,license_number,10-31-2027,Physical Therapist
PT,292971,MEGAN VERRIER,PT,949-363-7716,,1609859354,30112 CROWN VALLEY PKWY,LAGUNA NIGUEL,CA,92677,LAGUNA NIGUEL,ORANGE,92677,high,license_number,10-31-2026,Physical Therapist
PT,302071,MEGAN WIECHMANN,PT,949-250-1112,,1811628050,2777 BRISTOL ST STE B,COSTA MESA,CA,92626,COSTA MESA,ORANGE,92626,high,license_number,08-31-2027,Physical Therapist
PT,29936,MEGUMI SCHIEFER,"MA, PT",714-893-7399,,1760617567,11105 KNOTT AVE,CYPRESS,CA,90630,GARDEN GROVE,ORANGE,92841,high,license_number,02-29-2028,Physical Therapist
PT,294238,MEI LENG LEONG,PT,510-659-3602,,1154838019,5687 MILES AVE,OAKLAND,CA,94618,IRVINE,ORANGE,92614,high,license_number,03-31-2027,Physical Therapist
PT,20169,MELANIE PAMINTUAN,MPT,714-507-0065,,1295100170,8052 ANDRE LN,LA PALMA,CA,90623,LA PALMA,ORANGE,90623,high,license_number,05-31-2028,Physical Therapist
PT,37253,MELANIE WHEELER CONNELL,"MPT, MTC",714-556-1600,,1124244769,1700 ADAMS AVE STE 201,COSTA MESA,CA,92626,COSTA MESA,ORANGE,92627,high,license_number,08-31-2028,Physical Therapist
PT,28554,MELIA NAMI KAKITA,"DPT, CSCS",310-273-8256,,1972688844,200 N ROBERTSON BLVD,BEVERLY HILLS,CA,90211,HUNTINGTON BEACH,ORANGE,92646,high,license_number,06-30-2027,Physical Therapist
PT,299417,MELIN NGUYEN,PT,510-856-7794,,1760086490,14302 LYNDON ST,GARDEN GROVE,CA,92843,GARDEN GROVE,ORANGE,92843,high,license_number,12-31-2027,Physical Therapist
PT,28607,MELINDA E WINTERSWYK,"DPT, ATP",714-647-0300,,1164637583,200 W SANTA ANA BLVD STE 100,SANTA ANA,CA,92701,ORANGE,ORANGE,92867,high,license_number,06-30-2027,Physical Therapist
PT,27654,MELISSA A. MCKNIGHT,MPT,888-859-0145,,1083706451,6080 CENTER DR FL 6,LOS ANGELES,CA,90045,GARDEN GROVE,ORANGE,92845,high,license_number,06-30-2028,Physical Therapist
PT,33159,MELISSA COLE,DPT,714-639-4990,,1073812129,1301 W PROVIDENCE AVE,ORANGE,CA,92868,ORANGE,ORANGE,92867,high,license_number,09-30-2026,Physical Therapist
PT,17124,MELISSA LYNN HARMAN,PT,714-299-7053,,1013306315,2514 E WILLOW ST UNIT 109,SIGNAL HILL,CA,90755,TUSTIN,ORANGE,92782,high,license_number,02-29-2028,Physical Therapist
PT,32233,MELISSA MARIE DE LA O,,949-429-2155,,1164602124,32261 CAMINO CAPISTRANO,SAN JUAN CAPISTRANO,CA,92675,SAN JUAN CAPISTRANO,ORANGE,92675,high,license_number,06-30-2027,Physical Therapist
PT,39905,MELISSA MARIE HOLCOMBE,PT,714-748-6261,,1255680716,4201 W CHAPMAN AVE,ORANGE,CA,92868,LA HABRA,ORANGE,90631,high,license_number,07-31-2028,Physical Therapist
PT,25334,MELISSA MATTA,PT,714-546-3811,,1184687410,3093 S HARBOR BLVD,SANTA ANA,CA,92704,SAN CLEMENTE,ORANGE,92672,high,license_number,10-31-2027,Physical Therapist
PT,307789,MELLICA TABATABAEEPOUR,,714-505-2966,,1457153660,18102 IRVINE BLVD STE 207,TUSTIN,CA,92780,TUSTIN,ORANGE,92780,high,license_number,09-30-2028,Physical Therapist
PT,41051,MENA MAHER SEDAROUS,"PT, DPT",562-900-8929,,1700203759,215 N STATE COLLEGE BLVD STE G,ANAHEIM,CA,92806,TUSTIN,ORANGE,92782,high,license_number,04-30-2027,Physical Therapist
PT,20424,MENDE RAE MILLER,PT,805-688-5645,,1508022377,636 ATTERDAG RD,SOLVANG,CA,93463,ORANGE,ORANGE,92867,high,license_number,04-30-2028,Physical Therapist
PT,34513,MIA BELTRAN MILLER,PT,909-461-0821,,1558517557,400 LUCERA CT,PHILLIPS RANCH,CA,91766,ORANGE,ORANGE,92868,high,license_number,09-30-2027,Physical Therapist
PT,21486,MICHAEL ABDOU,,949-232-2176,,1992470058,1 SANDY CV,LAGUNA NIGUEL,CA,92677,LAGUNA NIGUEL,ORANGE,92677,high,license_number,04-30-2028,Physical Therapist
PT,27506,MICHAEL ALLAN ANDERSEN,D.P.T.,310-260-9039,,1013979434,719 SANTA MONICA BLVD,SANTA MONICA,CA,90401,NEWPORT BEACH,ORANGE,92663,high,license_number,01-31-2028,Physical Therapist
PT,26437,MICHAEL ANDREW GLABMAN,M.P.T.,714-861-4440,,1134171234,10162 ADAMS AVE,HUNTINGTON BEACH,CA,92646,LAKE FOREST,ORANGE,92630,high,license_number,09-30-2027,Physical Therapist
PT,305759,MICHAEL ANTHONY ROFAIL,"DPT, PT",714-943-8782,,1104682491,1866 W SURF DR,ANAHEIM,CA,92801,YORBA LINDA,ORANGE,92887,medium,name_exact,11-30-2027,Physical Therapist
PT,43501,MICHAEL CHANG,DPT,909-596-7733,,1386164523,255 E BONITA AVE,POMONA,CA,91767,LA HABRA,ORANGE,90631,high,license_number,02-28-2027,Physical Therapist
PT,5111,MICHAEL DEAN HAIRSTON,PT,714-289-7790,,1033243886,1178 N TUSTIN ST,ORANGE,CA,92867,ORANGE,ORANGE,92867,high,license_number,01-31-2027,Physical Therapist
PT,27916,MICHAEL FORSGREN,MSPT,714-618-2916,,1902998065,18208 LAUREL VIEW DR,YORBA LINDA,CA,92886,YORBA LINDA,ORANGE,92886,high,license_number,03-31-2028,Physical Therapist
PT,25861,MICHAEL GOZAR,,562-698-0811,,1104762509,380 W CENTRAL AVE STE 200,BREA,CA,92821,FULLERTON,ORANGE,92835,high,license_number,07-31-2028,Physical Therapist
PT,296938,MICHAEL HARUO NARITA,"PT, DPT",562-799-4494,,1194368035,3662 KATELLA AVE STE 105,LOS ALAMITOS,CA,90720,LA PALMA,ORANGE,90623,high,license_number,11-30-2026,Physical Therapist
PT,292464,MICHAEL ITO,PT,949-439-5344,,1457895633,2863 SERANG PL,COSTA MESA,CA,92626,IRVINE,ORANGE,92619,high,license_number,09-30-2026,Physical Therapist
PT,26780,MICHAEL J. THORPE,DPT,949-206-9501,,1215034996,23521 PASEO DE VALENCIA,LAGUNA HILLS,CA,92653,HUNTINGTON BEACH,ORANGE,92646,high,license_number,08-31-2027,Physical Therapist
PT,291986,MICHAEL JAMES SENSENBAUGH,DPT,858-437-7569,,1396291043,11439 SPICA DR,SAN DIEGO,CA,92126,HUNTINGTON BEACH,ORANGE,92646,high,license_number,03-31-2028,Physical Therapist
PT,33761,MICHAEL JOHN MARTINEZ,"DPT, LPTA",562-343-3469,,1265694277,3541 DAHLIA CIR,SEAL BEACH,CA,90740,SEAL BEACH,ORANGE,90740,high,license_number,07-31-2028,Physical Therapist
PT,12770,MICHAEL JON KOERNER,P.T.,714-730-1525,,1689747636,17352 VINEWOOD AVE,TUSTIN,CA,92780,TUSTIN,ORANGE,92780,high,license_number,10-31-2026,Physical Therapist
PT,25272,MICHAEL KENNETH MCKINDLEY,D.P.T.,949-631-0125,,1568492064,129 W. WILSON ST.,COSTA MESA,CA,92627,RSM,ORANGE,92688,high,license_number,10-31-2027,Physical Therapist
PT,25552,MICHAEL MAGA,MPT,949-916-2601,,1225066657,26471 CROWN VALLEY PKWY,MISSION VIEJO,CA,92691,LAGUNA HILLS,ORANGE,92653,high,license_number,09-30-2028,Physical Therapist
PT,17558,MICHAEL MILLER,PT,951-340-3402,,1619174828,886 MAGNOLIA AVE,CORONA,CA,92879,IRVINE,ORANGE,92606,high,license_number,12-31-2026,Physical Therapist
PT,296945,MICHAEL ROBERT SANDOVAL,DPT,714-542-8904,,1891346110,1619 E EDINGER AVE,SANTA ANA,CA,92705,TUSTIN,ORANGE,92780,high,license_number,03-31-2027,Physical Therapist
PT,33846,MICHAEL S KO,DPT,714-867-1682,,1093961435,1401 N TUSTIN AVE STE 355,SANTA ANA,CA,92705,SANTA ANA,ORANGE,92705,high,license_number,12-31-2026,Physical Therapist
PT,16943,MICHAEL S MONNAHAN,PT,949-218-0790,,1447435946,800 CORPORATE DR,LADERA RANCH,CA,92694,TRABUCO CANYON,ORANGE,92679,high,license_number,02-29-2028,Physical Therapist
PT,291201,MICHAEL SUTCLIFFE,PT,424-269-3400,,1861851024,11840 S LA CIENEGA BLVD,HAWTHORNE,CA,90250,GARDEN GROVE,ORANGE,92845,high,license_number,08-31-2027,Physical Therapist
PT,306529,MICHAEL TIM LIAN,PT,949-679-2933,,1821824434,6865 ALTON PKWY STE 110,IRVINE,CA,92618,IRVINE,ORANGE,92620,high,license_number,03-31-2028,Physical Therapist
PT,296112,MICHAEL TRAFICANTE,"DPT, PT",916-834-3089,,1487227880,706 HAWTHORNE AVE,FULLERTON,CA,92833,FULLERTON,ORANGE,92833,high,license_number,05-31-2028,Physical Therapist
PT,30171,MICHAEL VINCENT BIGAY,P.T.,626-321-7210,,1043267834,35 JUNIPER CT,STANTON,CA,90680,STANTON,ORANGE,90680,high,license_number,09-30-2026,Physical Therapist
PT,302988,MICHAEL VU,"PT, DPT",714-538-0025,,1558086421,239 E KATELLA AVE,ORANGE,CA,92867,GARDEN GROVE,ORANGE,92840,high,license_number,05-31-2028,Physical Therapist
PT,297566,MICHAEL VUONG,"PT, DPT",714-835-6638,,1407495435,1910 OLD TUSTIN AVE,SANTA ANA,CA,92705,IRVINE,ORANGE,92618,high,license_number,05-31-2027,Physical Therapist
PT,16836,MICHAEL WILLIAM RYMER,PT,562-595-4489,,1083699169,2888 LONG BEACH BLVD,LONG BEACH,CA,90806,HUNTINGTON BEACH,ORANGE,92647,high,license_number,06-30-2028,Physical Therapist
PT,15938,MICHELE BIALEK,P.T.,949-494-2046,,1043241342,1285 GLENNEYRE ST,LAGUNA BEACH,CA,92651,LAGUNA NIGUEL,ORANGE,92677,high,license_number,06-30-2027,Physical Therapist
PT,33796,MICHELE KAYIRAN,DPT,949-675-2922,,1508063348,2711 E COAST HWY STE 206,CORONA DEL MAR,CA,92625,IRVINE,ORANGE,92618,high,license_number,09-30-2026,Physical Therapist
PT,26731,MICHELE LEANN ELVANDER,MPT,562-397-4871,,1053707281,3124 TAFT WAY,COSTA MESA,CA,92626,NEWPORT BEACH,ORANGE,92660,high,license_number,10-31-2027,Physical Therapist
PT,22618,MICHELE LYN DORAME,MPT,714-647-0300,,1336337476,200 W SANTA ANA BLVD STE 100,SANTA ANA,CA,92701,MISSION VIEJO,ORANGE,92692,high,license_number,02-28-2027,Physical Therapist
PT,13009,MICHELE LYNN WEST,PT,310-474-5384,,1871614396,1765 GLENDON AVE,LOS ANGELES,CA,90024,DANA POINT,ORANGE,92629,high,license_number,10-31-2026,Physical Therapist
PT,20214,MICHELE O'HARA,PT,714-544-5565,,1720261654,365 W 1ST ST,TUSTIN,CA,92780,SANTA ANA,ORANGE,92705,high,license_number,07-31-2028,Physical Therapist
PT,25332,MICHELE RAYE CHEROW,DPT,714-835-4900,,1023406170,1800 OLD TUSTIN AVE,SANTA ANA,CA,92705,LAGUNA NIGUEL,ORANGE,92677,high,license_number,08-31-2027,Physical Therapist
PT,41952,MICHELLE BUI,,714-553-8223,,1962892679,13761 MCMAINS ST,GARDEN GROVE,CA,92844,WESTMINSTER,ORANGE,92684,high,license_number,09-30-2026,Physical Therapist
PT,296766,MICHELLE C MEZIN,,949-276-5401,michellez@rauschpt.net,1336700285,30100 TOWN CENTER DRIVE,LAGUNA NIGUEL,CA,92677,LAGUNA HILLS,ORANGE,92653,high,license_number,07-31-2028,Physical Therapist
PT,14887,MICHELLE CHEE DARROW,,866-839-6979,,1346063534,16185 LOS GATOS BLVD STE 205,LOS GATOS,CA,95032,LAGUNA NIGUEL,ORANGE,92677,high,license_number,01-31-2028,Physical Therapist
PT,297643,MICHELLE FESTA,DPT,949-631-0125,,1386289882,129 W WILSON ST STE 202,COSTA MESA,CA,92627,IRVINE,ORANGE,92603,high,license_number,11-30-2027,Physical Therapist
PT,14684,MICHELLE HEDRICK MCKAY,P.T.,949-759-0300,,1730281791,360 SAN MIGUEL DR,NEWPORT BEACH,CA,92660,IRVINE,ORANGE,92604,high,license_number,08-31-2027,Physical Therapist
PT,39893,MICHELLE MARIE FISCHER,DPT,714-642-9384,,1669133989,514 8TH ST,HUNTINGTON BEACH,CA,92648,MISSION VIEJO,ORANGE,92691,high,license_number,11-30-2026,Physical Therapist
PT,15168,MICHELLE PARCELL,P.T.,951-737-1965,,1881654762,1113 S MAIN ST,CORONA,CA,92882,COSTA MESA,ORANGE,92627,high,license_number,07-31-2028,Physical Therapist
PT,40721,MICHELLE SATAKE BAXTER,"PT, DPT",619-437-6450,,1417373937,1224 10TH ST,CORONADO,CA,92118,ANAHEIM,ORANGE,92805,high,license_number,05-31-2027,Physical Therapist
PT,301241,MICHELLE UYEN NGUYEN,"PT, DPT",949-333-6436,,1568129104,1251 E DYER RD STE 150,SANTA ANA,CA,92705,ANAHEIM,ORANGE,92801,high,license_number,08-31-2027,Physical Therapist
PT,25420,MICHELLE WALL,P.T.,949-644-1322,,1942258330,200 NEWPORT CENTER DR,NEWPORT BEACH,CA,92660,IRVINE,ORANGE,92606,high,license_number,10-31-2027,Physical Therapist
PT,299173,MICHELLE WOLFF,DPT,908-770-5485,,1437536935,1310 W STEWART DR STE 404,ORANGE,CA,92868,SANTA ANA,ORANGE,92705,high,license_number,03-31-2028,Physical Therapist
PT,292695,MIGUEL GARCIA,,949-649-4791,,1336988302,300 FREEDOM LN,ALISO VIEJO,CA,92656,ALISO VIEJO,ORANGE,92656,high,license_number,10-31-2026,Physical Therapist
PT,18163,MILAN STEIJN,PT,949-412-4913,,1407044050,1178 N TUSTIN ST,ORANGE,CA,92867,MISSION VIEJO,ORANGE,92692,high,license_number,07-31-2027,Physical Therapist
PT,40116,MIMI P. TON,DPT,310-273-8256,,1639502453,200 N ROBERTSON BLVD,BEVERLY HILLS,CA,90211,IRVINE,ORANGE,92618,high,license_number,04-30-2027,Physical Therapist
PT,11203,MIMI SAADAT,PT,714-543-5005,,1073709242,1125 E 17TH ST STE E213,SANTA ANA,CA,92701,SANTA ANA,ORANGE,92701,high,license_number,02-29-2028,Physical Therapist
PT,26001,MINA M SCHWARTZ,,714-972-0489,,1831310051,1505 E 17TH ST STE 115,SANTA ANA,CA,92705,IRVINE,ORANGE,92618,high,license_number,06-30-2028,Physical Therapist
PT,27802,MING HOU CHIU,"PT, DPT",714-375-1755,,1538240387,16271 BEACH BLVD,HUNTINGTON BEACH,CA,92647,LAGUNA NIGUEL,ORANGE,92677,high,license_number,02-29-2028,Physical Therapist
PT,28121,MINH MAI,P.T.,714-693-1300,,1699881722,1240 N LAKEVIEW AVE,ANAHEIM,CA,92807,TUSTIN,ORANGE,92780,high,license_number,05-31-2028,Physical Therapist
PT,298304,MINH THIEN TANG,,714-230-9637,,1720615636,641 S ROANNE ST,ANAHEIM,CA,92804,ANAHEIM,ORANGE,92804,high,license_number,07-31-2027,Physical Therapist
PT,42412,MINH-CHAU HUYNH,DPT,714-997-5518,,1518352905,1111 W TOWN AND COUNTRY RD STE 1,ORANGE,CA,92868,GARDEN GROVE,ORANGE,92843,high,license_number,11-30-2026,Physical Therapist
PT,17372,MINHEE SONG,PT,714-279-4000,,1598992307,441 N LAKEVIEW AVE,ANAHEIM,CA,92807,SAN CLEMENTE,ORANGE,92673,high,license_number,08-31-2028,Physical Therapist
PT,292964,MINNIE JAN,DPT,323-865-1200,,1326563446,1640 MARENGO ST,LOS ANGELES,CA,90033,BUENA PARK,ORANGE,90621,high,license_number,01-31-2027,Physical Therapist
PT,38463,MINSU KIM,,858-414-3600,,1932477106,435 W CENTER STREET PROMENADE,ANAHEIM,CA,92805,IRVINE,ORANGE,92602,high,license_number,02-28-2027,Physical Therapist
PT,307210,MIRANDA JUSTINE TRAMISON,"DPT, PT",866-303-9355,,1962227355,5455 GARDEN GROVE BLVD STE 100,WESTMINSTER,CA,92683,PLACENTIA,ORANGE,92870,high,license_number,12-31-2027,Physical Therapist
PT,301679,MIRANDA NICOLE LOPEZ,DPT,714-771-7047,,1649924648,2854 N SANTIAGO BLVD STE 100,ORANGE,CA,92867,ORANGE,ORANGE,92868,high,license_number,09-30-2027,Physical Therapist
PT,27241,MIRKO VUKSIC,"MPT, OCS, CSCS",949-429-2155,,1922107614,32261 CAMINO CAPISTRANO,SAN JUAN CAPISTRANO,CA,92675,MISSION VIEJO,ORANGE,92691,high,license_number,03-31-2028,Physical Therapist
PT,26175,MITCHELL TSURUDOME,DPT,310-538-4725,,1902054737,16420 S HARVARD BLVD,GARDENA,CA,90247,FOUNTAIN VALLEY,ORANGE,92708,high,license_number,04-30-2027,Physical Therapist
PT,40294,MITRA NEDJATI,PT,805-496-9301,,1427482900,3680 N MOORPARK RD,THOUSAND OAKS,CA,91360,LA PALMA,ORANGE,90623,high,license_number,04-30-2027,Physical Therapist
PT,28854,MITZILYN ELA,PT,562-484-3860,,1437206380,13330 BLOOMFIELD AVE,NORWALK,CA,90650,BUENA PARK,ORANGE,90620,high,license_number,08-31-2027,Physical Therapist
PT,19881,MOHAMED KAMEL HASHEM,RPT,714-269-4645,,1770771412,191 S ALICE WAY,ANAHEIM,CA,92806,ANAHEIM,ORANGE,92806,high,license_number,10-31-2027,Physical Therapist
PT,301396,MOHAMMED KHALED,,866-839-6979,,1528785599,16185 LOS GATOS BLVD STE 205,LOS GATOS,CA,95032,MISSION VIEJO,ORANGE,92691,high,license_number,11-30-2027,Physical Therapist
PT,23920,MOJGAN VALIYAN,,949-584-0080,,1922941657,121 W YALE LOOP,IRVINE,CA,92604,IRVINE,ORANGE,92604,high,license_number,01-31-2027,Physical Therapist
PT,30244,MONA LIZA LASIAN,,562-338-0495,,1942742846,3516 ELM AVE APT 305,LONG BEACH,CA,90807,SANTA ANA,ORANGE,92707,high,license_number,08-31-2028,Physical Therapist
PT,7364,MONICA LUCAS,PT,949-646-0653,,1376819227,1441 SUPERIOR AVE,NEWPORT BEACH,CA,92663,NEWPORT BEACH,ORANGE,92659,high,license_number,05-31-2027,Physical Therapist
PT,23762,MONICA SMITH,"MPT, ATC",949-597-2103,,1952737249,26741 PORTOLA PKWY # 1E-630,FOOTHILL RANCH,CA,92610,SAN CLEMENTE,ORANGE,92672,high,license_number,08-31-2028,Physical Therapist
PT,292274,MONIQUE LOPEZ,"PT, DPT",626-445-2400,,1366989675,50 E FOOTHILL BLVD STE 100,ARCADIA,CA,91006,LAGUNA NIGUEL,ORANGE,92677,high,license_number,03-31-2028,Physical Therapist
PT,13318,MONIQUE PETERSON,P.T.,714-848-8318,,1750425203,18800 DELAWARE ST STE 350,HUNTINGTON BEACH,CA,92648,HUNTINGTON BEACH,ORANGE,92646,high,license_number,08-31-2027,Physical Therapist
PT,294220,MORGAN SUMMER NAIM,DPT,949-597-0007,,1437652724,23521 PASEO DE VALENCIA,LAGUNA HILLS,CA,92653,LAKE FOREST,ORANGE,92630,high,license_number,10-31-2027,Physical Therapist
PT,23488,MUMTAZ KHAN BAYLES,P.T.,562-458-1625,,1912205121,16162 FAIRWAY LN,HUNTINGTON BEACH,CA,92649,HUNTINGTON BEACH,ORANGE,92649,high,license_number,04-30-2028,Physical Therapist
PT,22173,MURRAY TANNER,,714-998-9580,,1407865827,120 S CHAPARRAL CT STE 150,ANAHEIM,CA,92808,ORANGE,ORANGE,92867,high,license_number,01-31-2028,Physical Therapist
PT,23120,NAN DING,MPT,949-439-2883,,1902096662,313 HUNTINGTON,IRVINE,CA,92620,LAGUNA HILLS,ORANGE,92653,high,license_number,03-31-2028,Physical Therapist
PT,16979,NANCY ANDREWS,PT,714-921-9080,,1447470133,1607 E LINCOLN AVE STE B,ORANGE,CA,92865,ORANGE,ORANGE,92865,high,license_number,03-31-2028,Physical Therapist
PT,22945,NANCY B MCCLUSKEY,"PT MS, DPT",858-692-6874,,1013145721,13616 ESSENCE RD,SAN DIEGO,CA,92128,FULLERTON,ORANGE,92835,high,license_number,09-30-2027,Physical Therapist
PT,26985,NANCY KIM,,714-546-7575,,1134445166,2951 HARBOR BLVD,COSTA MESA,CA,92626,IRVINE,ORANGE,92614,high,license_number,08-31-2027,Physical Therapist
PT,15955,NANCY MICHLER,"P.T., O.C.S.",714-739-4941,,1578615662,7851 WALKER ST,LA PALMA,CA,90623,LA PALMA,ORANGE,90623,high,license_number,09-30-2026,Physical Therapist
PT,7052,NANCY WHITING-SCOTT,P.T.,909-392-3460,,1629154398,2125 WRIGHT ST,LA VERNE,CA,91750,BREA,ORANGE,92821,medium,name_exact,10-31-2027,Physical Therapist
PT,29433,NANDI SUNDARAM,"PT, MPT",714-544-2188,,1568650794,2492 WALNUT AVE STE 140,TUSTIN,CA,92780,IRVINE,ORANGE,92618,high,license_number,12-31-2027,Physical Therapist
PT,18952,NANIE NER,PT,714-279-4450,,1144484197,441 N LAKEVIEW AVE,ANAHEIM,CA,92807,IRVINE,ORANGE,92618,high,license_number,06-30-2028,Physical Therapist
PT,25199,NATALIE ANTOUN THOMAS,"PT, DPT, MPT",949-861-8600,,1841236114,17332 VON KARMAN AVE,IRVINE,CA,92614,IRVINE,ORANGE,92614,high,license_number,11-30-2027,Physical Therapist
PT,20475,NATHAN JAMES BLISS,M.P.T.,714-861-4440,,1699722025,10162 ADAMS AVE,HUNTINGTON BEACH,CA,92646,SEAL BEACH,ORANGE,90740,high,license_number,12-31-2026,Physical Therapist
PT,291908,NATHAN KINDSTRAND,"PT, DPT, ATC, CSCS",714-864-4741,,1205224938,1640 MARENGO ST,LOS ANGELES,CA,90033,MISSION VIEJO,ORANGE,92692,high,license_number,06-30-2028,Physical Therapist
PT,295919,NATHAN MCCLUSKY,,949-540-5641,,1487126785,9080 IRVINE CENTER DR,IRVINE,CA,92618,RANCHO MISSION VIEJO,ORANGE,92694,high,license_number,11-30-2026,Physical Therapist
PT,40960,NATHAN MERTICK,"PT, DPT",714-522-8020,,1679983761,40 CENTERPOINTE DR,LA PALMA,CA,90623,MISSION VIEJO,ORANGE,92692,high,license_number,02-28-2027,Physical Therapist
PT,308103,NATHANIEL YOMOGIDA,DPT,619-515-2500,,1558259895,251 LANDIS AVE,CHULA VISTA,CA,91910,GARDEN GROVE,ORANGE,92845,high,license_number,06-30-2028,Physical Therapist
PT,39271,NATJA RICHARDSON,RPT,714-366-0216,,1801284245,1621 W OAK AVE,FULLERTON,CA,92833,FULLERTON,ORANGE,92833,high,license_number,09-30-2027,Physical Therapist
PT,35232,NATSUKO WATANABE,DPT,949-274-9551,,1750615050,20301 SW ACACIA ST STE 150,NEWPORT BEACH,CA,92660,NEWPORT BEACH,ORANGE,92660,high,license_number,07-31-2028,Physical Therapist
PT,291388,NEGIN ZARE,,714-963-3322,,1003201245,18821 DELAWARE ST STE 106,HUNTINGTON BEACH,CA,92648,MIDWAY CITY,ORANGE,92655,high,license_number,12-31-2027,Physical Therapist
PT,6939,NELS R DAHLQUIST,RPT,626-582-8812,,1770896946,3236 SANTA ANITA AVE,EL MONTE,CA,91733,SAN CLEMENTE,ORANGE,92672,high,license_number,12-31-2026,Physical Therapist
PT,302608,NENE KITABATAKE,"PT, DPT",949-271-0010,,1225757503,32 DISCOVERY STE 100,IRVINE,CA,92618,IRVINE,ORANGE,92618,high,license_number,10-31-2027,Physical Therapist
PT,303697,NEVIN POOLPUONG,,800-464-4000,,1114643319,1011 BALDWIN PARK BLVD,BALDWIN PARK,CA,91706,BUENA PARK,ORANGE,90620,medium,name_exact,04-30-2028,Physical Therapist
PT,29554,NGOC YOUNG BUI,D.P.T,310-397-8600,,1205044047,2200 PACIFIC COAST HWY,HERMOSA BEACH,CA,90254,HUNTINGTON BEACH,ORANGE,92647,high,license_number,09-30-2027,Physical Therapist
PT,20828,NGOC-VAN T NGUYEN,PT,888-988-2800,,1801094784,411 N LAKEVIEW AVE,ANAHEIM,CA,92807,IRVINE,ORANGE,92620,high,license_number,09-30-2028,Physical Therapist
PT,291170,NGUYEN KHOI TRAN DO,DPT,408-238-1552,,1013377035,4205 SAN FELIPE RD,SAN JOSE,CA,95135,STANTON,ORANGE,90680,high,license_number,02-29-2028,Physical Therapist
PT,42769,NHI HONG DANG,DPT,310-393-9292,,1922476589,2212 PICO BLVD,SANTA MONICA,CA,90405,FULLERTON,ORANGE,92833,high,license_number,11-30-2026,Physical Therapist
PT,309713,NICHOLAS ALBERT TOROS,,833-574-2273,,1831056761,3460 E LA PALMA AVE,ANAHEIM,CA,92806,BREA,ORANGE,92821,medium,name_exact,05-31-2027,Physical Therapist
PT,43516,NICHOLAS BUCHER,"PT, DPT",626-573-3141,,1114383957,610 N GARFIELD AVE,MONTEREY PARK,CA,91754,BREA,ORANGE,92823,high,license_number,12-31-2027,Physical Therapist
PT,43269,NICHOLAS DEMONACO,"PT, DPT",714-256-5074,,1861858664,1800 E LAMBERT RD,BREA,CA,92821,LA HABRA,ORANGE,90631,high,license_number,09-30-2027,Physical Therapist
PT,305947,NICHOLAS HIDEO TASAKA-MEJIA,DPT,949-679-3337,,1699583633,4482 BARRANCA PKWY STE 195,IRVINE,CA,92604,ORANGE,ORANGE,92869,high,license_number,01-31-2028,Physical Therapist
PT,298165,NICHOLAS HSU,DPT,714-774-8555,,1518584325,600 S HARBOR BLVD,ANAHEIM,CA,92805,IRVINE,ORANGE,92618,high,license_number,12-31-2027,Physical Therapist
PT,300671,NICHOLAS JOHN BOWDEN,Doctorate,949-206-1700,,1184391880,26302 LA PAZ RD STE 105,MISSION VIEJO,CA,92691,NEWPORT BEACH,ORANGE,92660,high,license_number,07-31-2027,Physical Therapist
PT,36249,NICHOLAS JOHN NELSON HENDERSON,P.T.,949-206-1700,,1740518091,26302 LA PAZ RD,MISSION VIEJO,CA,92691,MISSION VIEJO,ORANGE,92691,high,license_number,10-31-2027,Physical Therapist
PT,19359,NICHOLAS PAUL THEDERS,PT,714-544-5565,,1548457609,365 W 1ST ST,TUSTIN,CA,92780,TUSTIN,ORANGE,92780,high,license_number,05-31-2027,Physical Therapist
PT,300321,NICHOLAS SANTIAGO GARCIA,DPT,310-984-5222,,1346817715,2730 WILSHIRE BLVD STE 105,SANTA MONICA,CA,90403,ORANGE,ORANGE,92866,medium,name_exact,10-31-2026,Physical Therapist
PT,23144,NICHOLAS STEVEN NOSEK,P.T.,949-273-6766,,1861608317,26941 CABOT RD,LAGUNA HILLS,CA,92653,LAGUNA HILLS,ORANGE,92653,high,license_number,02-29-2028,Physical Therapist
PT,306202,NICKOLAS TURNER,dpt,714-621-0327,,1679310791,13311 GARDEN GROVE BLVD STE B,GARDEN GROVE,CA,92843,SANTA ANA,ORANGE,92706,high,license_number,09-30-2027,Physical Therapist
PT,299433,NICKON SHARIFABADI,DPT,323-912-9166,,1659973030,200 MERCY CIRCLE,CAMP PENDLETON,CA,92055,LAGUNA NIGUEL,ORANGE,92677,high,license_number,06-30-2028,Physical Therapist
PT,303236,NICOLA POLIC,"PT, DPT",714-468-2669,,1427751007,2118 VIA PUERTA UNIT A,LAGUNA WOODS,CA,92637,LAGUNA WOODS,ORANGE,92637,high,license_number,04-30-2028,Physical Therapist
PT,292726,NICOLE A ANDERSON,DPT,949-529-1184,,1578099214,260 NEWPORT CENTER DR STE 502,NEWPORT BEACH,CA,92660,NEWPORT BEACH,ORANGE,92660,high,license_number,09-30-2026,Physical Therapist
PT,25419,NICOLE A VERSH,"PT, ATC",949-916-2601,,1356474571,26471 CROWN VALLEY PKWY,MISSION VIEJO,CA,92691,MISSION VIEJO,ORANGE,92691,high,license_number,09-30-2027,Physical Therapist
PT,301440,NICOLE AHO,,949-759-1840,,1003572728,15 CORPORATE PLAZA DR,NEWPORT BEACH,CA,92660,YORBA LINDA,ORANGE,92887,medium,name_exact,06-30-2027,Physical Therapist
PT,34292,NICOLE CONSTANCE MADONIA,"P.T., A.T.C.",714-430-6206,,1679757660,1635 S CENTER ST,SANTA ANA,CA,92704,ORANGE,ORANGE,92866,high,license_number,10-31-2027,Physical Therapist
PT,33488,NICOLE DANIELLE COZEAN,"PT, DPT, WCS",949-393-1113,,1326321837,25401 CABOT ROAD,LAGUNA HILLS,CA,92653,LAGUNA HILLS,ORANGE,92653,high,license_number,02-28-2027,Physical Therapist
PT,29569,NICOLE JAHNE,D.P.T.,714-693-0460,,1356360077,20655 YORBA LINDA BLVD,YORBA LINDA,CA,92886,ANAHEIM,ORANGE,92808,high,license_number,07-31-2028,Physical Therapist
PT,297617,NICOLE M AMARO,"PT, DPT",714-427-0803,,1194367714,2951 HARBOR BLVD,COSTA MESA,CA,92626,LAGUNA HILLS,ORANGE,92653,high,license_number,02-28-2027,Physical Therapist
PT,295707,NICOLE MILLER,,714-783-5016,,1558213074,13955 CHELMSFORD WALK,WESTMINSTER,CA,92683,WESTMINSTER,ORANGE,92683,high,license_number,07-31-2028,Physical Therapist
PT,25215,NICOLE ROTH,PT,909-865-9810,,1417585563,1798 N GAREY AVE,POMONA,CA,91767,HUNTINGTON BEACH,ORANGE,92646,high,license_number,12-31-2027,Physical Therapist
PT,39693,NICOLE SACHIKO BLANCO,DPT,949-722-5088,,1861835464,16300 SAND CANYON AVE STE 401,IRVINE,CA,92618,LAGUNA HILLS,ORANGE,92653,high,license_number,09-30-2026,Physical Therapist
PT,308978,NIKI NANDISH PATEL,PT,818-363-3000,,1932057429,3101 BEVERLY BLVD STE A,LOS ANGELES,CA,90057,FULLERTON,ORANGE,92831,high,license_number,05-31-2027,Physical Therapist
PT,291498,NIKITA DESAI,"PT, DPT",800-788-5753,,1285085944,26672 PORTOLA PKWY STE 116,FOOTHILL RANCH,CA,92610,RANCHO SANTA MARG,ORANGE,92688,high,license_number,12-31-2027,Physical Therapist
PT,309826,NIKOLAS HIDEKI OHARA,,949-644-1322,,1679425771,200 NEWPORT CENTER DR STE 213,NEWPORT BEACH,CA,92660,IRVINE,ORANGE,92614,medium,name_exact,01-31-2028,Physical Therapist
PT,17668,NINA WEISSHAAR SURBER,"PT, DPT",561-747-2234,,1053532556,1210 SOUTH OLD DIXIE HWY,JUPITER,FL,33458,COSTA MESA,ORANGE,92627,medium,name_exact,06-30-2027,Physical Therapist
PT,27537,NIRAV HIRU PATEL,D.P.T.,949-340-6927,,1053480467,24422 AVENIDA DE LA CARLOTA,LAGUNA HILLS,CA,92653,HUNTINGTON BEACH,ORANGE,92615,high,license_number,10-31-2027,Physical Therapist
PT,29070,NISHA PAGAN,"DPT, PT, NCS",562-281-7369,,1972836054,4301 ATLANTIC AVE,LONG BEACH,CA,90807,SANTA ANA,ORANGE,92701,high,license_number,06-30-2027,Physical Therapist
PT,26689,NISHA PATEL,,714-590-0100,,1811307523,9764 GARDEN GROVE BLVD,GARDEN GROVE,CA,92844,IRVINE,ORANGE,92606,high,license_number,09-30-2027,Physical Therapist
PT,30102,NITI MAKOL,P.T.,408-851-1454,,1225152556,710 LAWRENCE EXPY,SANTA CLARA,CA,95051,IRVINE,ORANGE,92606,high,license_number,12-31-2026,Physical Therapist
PT,304190,NOLAN TRAN,DPT,818-263-0605,,1194502872,21830 CACTUS AVE STE 302,RIVERSIDE,CA,92518,GARDEN GROVE,ORANGE,92841,high,license_number,12-31-2026,Physical Therapist
PT,292461,NOLAN VASQUEZ,"PT, DPT",562-900-2509,,1730611013,1215 BAYWOOD DR,BREA,CA,92821,LA HABRA,ORANGE,90631,high,license_number,02-29-2028,Physical Therapist
PT,18402,NOLI VENERACION,,619-456-5127,,1639655947,101 E VALENCIA MESA DR,FULLERTON,CA,92835,LA PALMA,ORANGE,90623,high,license_number,03-31-2028,Physical Therapist
PT,297103,NOREEN PIRING,"PT, DPT",626-485-7459,,1417504697,1482 HEATHERTON AVE,ROWLAND HEIGHTS,CA,91748,ANAHEIM,ORANGE,92801,high,license_number,07-31-2027,Physical Therapist
PT,16906,NORMAN VINCENT OCAMPO,P.T.,714-348-5654,,1275083180,237 S GARDENIA ST,ANAHEIM,CA,92805,ANAHEIM,ORANGE,92805,high,license_number,03-31-2028,Physical Therapist
PT,297216,OLITA LACE,DPT,949-709-8770,,1548818883,30212 TOMAS STE 120,RANCHO SANTA MARGARITA,CA,92688,LAGUNA NIGUEL,ORANGE,92677,high,license_number,02-28-2027,Physical Therapist
PT,309172,OLIVIA HING,"PT, DPT",949-679-3337,,1366307480,4482 BARRANCA PKWY,IRVINE,CA,92604,FOUNTAIN VALLEY,ORANGE,92708,high,license_number,02-28-2027,Physical Therapist
PT,294419,OLIVIA LAURA CRUZ,,909-861-3511,,1003316969,21015 PATHFINDER RD STE 100,DIAMOND BAR,CA,91765,BREA,ORANGE,92821,high,license_number,04-30-2027,Physical Therapist
PT,305649,OLIVIA VAN GUYSE,,909-248-4264,,1427902048,1500 ADAMS AVE STE 206,COSTA MESA,CA,92626,COSTA MESA,ORANGE,92627,high,license_number,11-30-2027,Physical Therapist
PT,40741,ORRIN RICKEY BAROI,DPT,951-340-3402,,1073934220,886 MAGNOLIA AVE,CORONA,CA,92879,SAN JUAN CAPISTRANO,ORANGE,92675,high,license_number,04-30-2027,Physical Therapist
PT,302619,OSCAR LEDEZMA,,714-746-9836,,1922745314,2229 E TAFT AVE,ORANGE,CA,92867,ANAHEIM,ORANGE,92807,medium,name_exact,06-30-2028,Physical Therapist
PT,301141,PADMINI JADEJA,PT,714-841-6162,,1699438721,19582 BEACH BLVD STE 130,HUNTINGTON BEACH,CA,92648,HUNTINGTON BEACH,ORANGE,92648,medium,name_initial_zip,10-31-2027,Physical Therapist
PT,299640,PAIGE GARDNER,,818-926-9057,,1689348146,31248 OAK CREST DR STE 120,WESTLAKE VILLAGE,CA,91361,ANAHEIM,ORANGE,92806,high,license_number,04-30-2028,Physical Therapist
PT,21554,PAMELA ANDERSON,P.T.,562-431-6004,,1275785412,5152 KATELLA AVE STE 106,LOS ALAMITOS,CA,90720,CYPRESS,ORANGE,90630,high,license_number,11-30-2027,Physical Therapist
PT,10694,PAMELA DORNER,P.T.,949-651-9199,,1326028374,4200 TRABUCO RD,IRVINE,CA,92620,TUSTIN,ORANGE,92782,high,license_number,01-31-2028,Physical Therapist
PT,12815,PAMELA J HAUGER,P.T.,951-353-4670,,1285830877,10800 MAGNOLIA AVE,RIVERSIDE,CA,92505,ANAHEIM,ORANGE,92807,high,license_number,05-31-2027,Physical Therapist
PT,16992,PAMELA L MONNAHAN,PT,949-218-0790,,1255516753,800 CORPORATE DR,LADERA RANCH,CA,92694,TRABUCO CANYON,ORANGE,92679,high,license_number,07-31-2028,Physical Therapist
PT,28623,PAMELA LAO,RPT,562-484-3860,,1841235017,"13330 BLOOMFIELD AVE, STE 101",NORWALK,CA,90650,ANAHEIM,ORANGE,92804,high,license_number,01-31-2027,Physical Therapist
PT,22401,PAMELA MACPHERSON,,800-741-1164,,1780550095,1317 W FOOTHILL BLVD STE 130,UPLAND,CA,91786,HUNTINGTON BEACH,ORANGE,92648,high,license_number,01-31-2027,Physical Therapist
PT,39843,PAMELA MONICA MARCELO CARINGAL,,714-854-7732,,1619248143,273 E SANTA FE CT,PLACENTIA,CA,92870,ANAHEIM,ORANGE,92806,medium,name_exact,10-31-2026,Physical Therapist
PT,38428,PARI REZAEI,DPT,714-953-7330,,1942572631,1520 BROOKHOLLOW DR STE 37,SANTA ANA,CA,92705,LAGUNA HILLS,ORANGE,92653,high,license_number,09-30-2027,Physical Therapist
PT,33982,PARISA LANOUE,,510-246-5626,,1447445689,3555 WHIPPLE RD DEPT 174,UNION CITY,CA,94587,LAGUNA NIGUEL,ORANGE,92677,high,license_number,11-30-2026,Physical Therapist
PT,300956,PARITA VIPUL SHAH,PT DPT,949-597-2103,,1366006447,26700 TOWNE CENTRE DR STE 120,FOOTHILL RANCH,CA,92610,LAKE FOREST,ORANGE,92630,high,license_number,04-30-2027,Physical Therapist
PT,9743,PARIVASH F OREIZY,P.T.,714-685-0700,,1043231277,500 S ANAHEIM HILLS RD,ANAHEIM,CA,92807,ANAHEIM,ORANGE,92806,high,license_number,01-31-2028,Physical Therapist
PT,38468,PARTH PATEL,PT,949-759-0300,,1194086595,360 SAN MIGUEL DR STE 301,NEWPORT BEACH,CA,92660,MISSION VIEJO,ORANGE,92691,high,license_number,07-31-2027,Physical Therapist
PT,19653,PATRICIA LYNNE SITTON,MSPT,415-601-1145,,1568773307,321 3RD ST,LAGUNA BEACH,CA,92651,LAGUNA BEACH,ORANGE,92651,high,license_number,10-31-2027,Physical Therapist
PT,37317,PATRICIA MAGANA LEPE,PT,714-953-9358,,1750667275,718 W MCFADDEN AVE,SANTA ANA,CA,92707,IRVINE,ORANGE,92618,high,license_number,12-31-2027,Physical Therapist
PT,296476,PATRICIA MERTEN,"PT, DPT",714-538-0025,,1215498084,239 E KATELLA AVE,ORANGE,CA,92867,LAKE FOREST,ORANGE,92630,high,license_number,03-31-2027,Physical Therapist
PT,13517,PATRICIA SACCOMANNO BROWN,PT,949-452-7843,,1730391202,34507 CALLE PORTOLA,CAPISTRANO BEACH,CA,92624,IRVINE,ORANGE,92618,high,license_number,11-30-2027,Physical Therapist
PT,29977,PATRICK D KLICK,P.T.,714-642-9384,,1376670877,316 OLIVE AVE,HUNTINGTON BEACH,CA,92648,HUNTINGTON BEACH,ORANGE,92648,high,license_number,12-31-2026,Physical Therapist
PT,42525,PATRICK EVERETT,DPT,949-836-5239,,1386032365,1111 BAKER ST,COSTA MESA,CA,92626,COSTA MESA,ORANGE,92626,high,license_number,12-31-2026,Physical Therapist
PT,17732,PATRICK GARDUNO,PT,714-972-3144,,1487957312,2617 FREEMAN LN,SANTA ANA,CA,92706,SANTA ANA,ORANGE,92706,high,license_number,03-31-2027,Physical Therapist
PT,25344,PATRICK LE,MPT,949-900-1300,,1346275112,23422 MILL CREEK DR,LAGUNA HILLS,CA,92653,LAGUNA HILLS,ORANGE,92653,high,license_number,12-31-2027,Physical Therapist
PT,42916,PATRICK O'ROURKE,DPT,714-841-6162,,1881061158,19582 BEACH BLVD STE 130,HUNTINGTON BEACH,CA,92648,HUNTINGTON BEACH,ORANGE,92648,high,license_number,07-31-2027,Physical Therapist
PT,300885,PATRICK SEWEJE,DPT,949-276-5401,,1841960663,30100 TOWN CENTER DR STE YZ,LAGUNA NIGUEL,CA,92677,SANTA ANA,ORANGE,92705,high,license_number,03-31-2027,Physical Therapist
PT,21261,PAUL ALVEAR,,949-465-9500,,1699838961,25971 PALA,MISSION VIEJO,CA,92691,HUNTINGTON BEACH,ORANGE,92648,high,license_number,02-28-2027,Physical Therapist
PT,27078,PAUL GREGORY BATCHELOR,,949-429-2155,,1932389996,32261 CAMINO CAPISTRANO,SAN JUAN CAPISTRANO,CA,92675,CAPISTRANO BEACH,ORANGE,92624,high,license_number,01-31-2028,Physical Therapist
PT,13708,PAUL HANS HASENYAGER,PT,714-960-7995,,1063434421,19531 BEACH BLVD,HUNTINGTON BEACH,CA,92648,HUNTINGTON BEACH,ORANGE,92648,high,license_number,11-30-2027,Physical Therapist
PT,295834,PAUL KAIWO LEUNG,PT,714-712-9222,,1578035663,2400 E KATELLA AVE STE 405,ANAHEIM,CA,92806,TUSTIN,ORANGE,92782,high,license_number,05-31-2028,Physical Therapist
PT,297233,PAUL KANG,DPT,714-772-5040,,1700437654,1176 N EUCLID ST,ANAHEIM,CA,92801,ANAHEIM,ORANGE,92801,high,license_number,08-31-2027,Physical Therapist
PT,302286,PAUL KIM,DPT,949-533-4707,,1649903170,8250 E BROOKDALE LN,ANAHEIM,CA,92807,ANAHEIM,ORANGE,92807,high,license_number,05-31-2028,Physical Therapist
PT,310919,PAUL LEE,,714-544-2188,,1225945355,2492 WALNUT AVE STE 140,TUSTIN,CA,92780,ANAHEIM,ORANGE,92804,high,license_number,05-31-2028,Physical Therapist
PT,299037,PAUL PHUC NGUYEN,"PT, DPT",714-966-2950,,1508469339,2755 BRISTOL ST STE 130,COSTA MESA,CA,92626,GARDEN GROVE,ORANGE,92844,high,license_number,09-30-2027,Physical Therapist
PT,296311,PAUL ROH,"PT, DPT, OT",858-755-5200,,1174088140,380 STEVENS AVE STE 314,SOLANA BEACH,CA,92075,TUSTIN,ORANGE,92782,high,license_number,07-31-2028,Physical Therapist
PT,296454,PAUL TAYAS MOLINA,"PT, DPT",949-679-3337,,1598253650,4482 BARRANCA PKWY STE 195,IRVINE,CA,92604,LAKE FOREST,ORANGE,92630,high,license_number,08-31-2028,Physical Therapist
PT,37059,PAUL UYEDA,,714-679-0183,,1811326903,13852 GROVESITE DR,TUSTIN,CA,92780,TUSTIN,ORANGE,92780,high,license_number,01-31-2028,Physical Therapist
PT,15952,PAUL WILLIAM KONOPASKY,RPT,949-837-2113,,1376624528,24431 CALLE DE LA LOUISA,LAGUNA HILLS,CA,92653,MISSION VIEJO,ORANGE,92691,high,license_number,07-31-2027,Physical Therapist
PT,293252,PAULA LEEANNE PARK,DPT,785-250-1755,,1568845816,171 S LINCOLN ST,ORANGE,CA,92866,IRVINE,ORANGE,92602,high,license_number,06-30-2027,Physical Therapist
PT,302494,PAULA PACK,"PT, DPT",818-369-7700,,1609596741,3810 LA CRESCENTA AVE,LA CRESCENTA,CA,91214,BUENA PARK,ORANGE,90621,high,license_number,01-31-2028,Physical Therapist
PT,32572,PAULA SANDERS,RPT,800-707-5768,,1952392268,4021 ORANGE AVE,CYPRESS,CA,90630,HUNTINGTON BEACH,ORANGE,92647,high,license_number,09-30-2027,Physical Therapist
PT,5652,PEGGY ANNE MATIS,PT,714-381-5955,,1699341289,13660 EL DORADO DR APT 34I,SEAL BEACH,CA,90740,SEAL BEACH,ORANGE,90740,high,license_number,01-31-2027,Physical Therapist
PT,295022,PEIHUA LEE,DPT,760-345-9934,,1972081230,78078 COUNTRY CLUB DR STE 205,BERMUDA DUNES,CA,92203,SAN JUAN CAPISTRANO,ORANGE,92675,high,license_number,07-31-2028,Physical Therapist
PT,16710,PENNY HOMAN-MUISE,,562-477-5144,,1447659651,609 SANDPIPER DR,SEAL BEACH,CA,90740,SEAL BEACH,ORANGE,90740,high,license_number,12-31-2027,Physical Therapist
PT,293370,PERRI SUZANNE KRAUS,,213-742-5568,,1669940326,1401 S GRAND AVE,LOS ANGELES,CA,90015,NEWPORT BEACH,ORANGE,92660,high,license_number,04-30-2027,Physical Therapist
PT,43122,PETER DOOLEY,DPT,714-578-8720,peter.dooley@stjoe.org,1164899597,2767 E IMPERIAL HWY,BREA,CA,92821,PLACENTIA,ORANGE,92870,high,license_number,06-30-2027,Physical Therapist
PT,297206,PETER EBINER,"PT, DPT, OCS, CSCS",866-839-6979,,1881350437,16185 LOS GATOS BLVD STE 205,LOS GATOS,CA,95032,ALISO VIEJO,ORANGE,92656,high,license_number,08-31-2027,Physical Therapist
PT,26080,PETER J MORRIS,MPT,714-939-6200,,1124020391,1590 S SINCLAIR ST,ANAHEIM,CA,92806,YORBA LINDA,ORANGE,92886,high,license_number,06-30-2028,Physical Therapist
PT,16805,PETER JOHN KONOPASKY,RPT,949-837-2113,,1720169980,24431 CALLE DE LA LOUISA,LAGUNA HILLS,CA,92653,MISSION VIEJO,ORANGE,92691,high,license_number,07-31-2028,Physical Therapist
PT,37950,PETER JONATHAN RUMFORD,"DPT, FAAOMPT, FFMT,",949-232-1955,,1245526383,9891 IRVINE CENTER DRIVE,IRVINE,CA,92618,IRVINE,ORANGE,92618,medium,name_exact,10-31-2026,Physical Therapist
PT,302038,PETER MINH PHAM,,714-646-8319,,1649904806,774 S PLACENTIA AVE FL 1,PLACENTIA,CA,92870,FOUNTAIN VALLEY,ORANGE,92708,high,license_number,01-31-2028,Physical Therapist
PT,303395,PETER MITCHELL,"PT, DPT",949-271-0012,,1366156945,24301 MCIRLANDS BLVD SUITE T,LAKE FOREST,CA,92630,ALISO VIEJO,ORANGE,92656,high,license_number,09-30-2028,Physical Therapist
PT,294581,PETER NGUYEN,DPT,714-361-6180,,1346742103,1601 E SAINT ANDREW PL,SANTA ANA,CA,92705,NEWPORT BEACH,ORANGE,92663,high,license_number,03-31-2027,Physical Therapist
PT,310229,PEYTON ASHLEY LUMANOG,DPT,949-276-5401,,1447176227,30100 TOWN CENTER DR STE Y,LAGUNA NIGUEL,CA,92677,ANAHEIM,ORANGE,92806,high,license_number,01-31-2028,Physical Therapist
PT,16971,PHILIP MARTIN MOLINA,DPT,714-992-3000,,1336347855,2151 N HARBOR BLVD,FULLERTON,CA,92835,IRVINE,ORANGE,92612,high,license_number,11-30-2027,Physical Therapist
PT,25694,PHILIP S.W. LIM,D.P.T.,949-400-7445,,1215238001,1 ALTEZZA,IRVINE,CA,92606,IRVINE,ORANGE,92606,high,license_number,04-30-2028,Physical Therapist
PT,41090,PHILIP THOMAS MORICONE,DPT,603-475-4128,,1407285562,7264 E VILLANUEVA DR,ORANGE,CA,92867,ORANGE,ORANGE,92867,high,license_number,07-31-2027,Physical Therapist
PT,295742,PHILLIP CARR,,949-837-5111,,1255949467,23961 CALLE DE LA MAGDALENA,LAGUNA HILLS,CA,92653,LAGUNA NIGUEL,ORANGE,92677,high,license_number,06-30-2028,Physical Therapist
PT,301444,PHILLIP NGO,"PT, DPT",562-384-4525,,1649938994,2820 N BELLFLOWER BLVD,LONG BEACH,CA,90815,GARDEN GROVE,ORANGE,92841,high,license_number,11-30-2027,Physical Therapist
PT,28700,PIA HERNANDEZ,DPT,909-489-7502,,1407288368,12228 CANYON MEADOWS DR,RANCHO CUCAMONGA,CA,91739,ALISO VIEJO,ORANGE,92656,high,license_number,12-31-2026,Physical Therapist
PT,292229,POOJA KHIRASARIA,,714-397-9953,,1710432430,5295 CAMERON DR APT 103,BUENA PARK,CA,90621,FULLERTON,ORANGE,92833,medium,name_exact,01-31-2028,Physical Therapist
PT,32450,POOJA MANIAR DOSHI,D.P.T.,415-572-1526,,1881843001,630 MOULTRIE ST,SAN FRANCISCO,CA,94110,IRVINE,ORANGE,92620,high,license_number,12-31-2027,Physical Therapist
PT,301974,POOJA THAKER LAKHIA,RPT,714-507-8503,,1477275907,556 S CASITA ST,ANAHEIM,CA,92805,ANAHEIM,ORANGE,92805,high,license_number,06-30-2027,Physical Therapist
PT,32112,PRINCESS ROMA RESPLANDOR MALILIM,,714-224-8339,,1043346117,2205 CAROB WAY,TUSTIN,CA,92782,ANAHEIM,ORANGE,92807,high,license_number,08-31-2027,Physical Therapist
PT,36197,PRITI PARSOTAM,PT,909-217-6866,,1326149584,2414 MEADOW RIDGE DR,CHINO HILLS,CA,91709,ANAHEIM,ORANGE,92807,medium,name_exact,04-30-2027,Physical Therapist
PT,308773,PRIYA DIPTESH PATEL,"PT, DPT",714-988-8120,,1336010479,13931 CARROLL WAY STE B,TUSTIN,CA,92780,ORANGE,ORANGE,92867,high,license_number,11-30-2026,Physical Therapist
PT,308151,PRIYANKA BHAKTA,,424-306-8490,,1194600551,1000 W CARSON ST BLDG N-31,TORRANCE,CA,90502,FOUNTAIN VALLEY,ORANGE,92708,high,license_number,11-30-2026,Physical Therapist
PT,38630,PRIYANKA KUMAR,PT,805-772-4325,,1568738375,890 SHASTA AVE,MORRO BAY,CA,93442,MISSION VIEJO,ORANGE,92691,high,license_number,08-31-2027,Physical Therapist
PT,32704,PURVI CHANDRESH JAVIA,DPT,949-903-6925,,1659881688,41 ROYAL VICTORIA,IRVINE,CA,92606,IRVINE,ORANGE,92606,high,license_number,03-31-2028,Physical Therapist
PT,35808,PURVI DAVE,,714-510-7201,,1972993780,1231 PALM CT,TUSTIN,CA,92780,TUSTIN,ORANGE,92780,high,license_number,12-31-2026,Physical Therapist
PT,298464,QIANYUN MENG,"PT, DPT",678-473-1081,,1821649690,3455 PEACHTREE PKWY STE 206,SUWANEE,GA,30024,CYPRESS,ORANGE,90630,medium,name_exact,11-30-2027,Physical Therapist
PT,22690,QUAN NGO,P.T.,562-501-2200,,1750321899,16405 WHITTIER BLVD,WHITTIER,CA,90603,ORANGE,ORANGE,92865,medium,name_exact,12-31-2026,Physical Therapist
PT,43595,RACHAEL KNOBLAUCH,PT,714-963-3632,,1427416221,21501 BROOKHURST ST,HUNTINGTON BEACH,CA,92646,WESTMINSTER,ORANGE,92683,high,license_number,04-30-2027,Physical Therapist
PT,27875,RACHEL BUCHANAN KOHLER,DPT,415-561-6655,,1457605719,1162 GORGAS AVE,SAN FRANCISCO,CA,94129,LADERA RANCH,ORANGE,92694,high,license_number,06-30-2028,Physical Therapist
PT,30271,RACHEL LEIGH PIMENTEL,DPT,714-647-0300,,1780635045,200 W SANTA ANA BLVD,SANTA ANA,CA,92701,FULLERTON,ORANGE,92832,high,license_number,07-31-2028,Physical Therapist
PT,291627,RACHEL LIBONATI,,714-544-2188,,1013467471,2492 WALNUT AVE,TUSTIN,CA,92780,MISSION VIEJO,ORANGE,92691,high,license_number,11-30-2027,Physical Therapist
PT,35568,RACHEL REBECCA BUIVIDS,M.S.P.T.,714-754-7268,,1003136482,17272 NEWHOPE ST,FOUNTAIN VALLEY,CA,92708,FULLERTON,ORANGE,92833,high,license_number,04-30-2027,Physical Therapist
PT,41822,RACHEL RENEE BELLOWS,DPT,949-430-3968,,1437585122,3960 BARRANCA PKWY,IRVINE,CA,92606,HUNTINGTON BEACH,ORANGE,92648,high,license_number,10-31-2026,Physical Therapist
PT,302841,RACHEL SPIVAK,DPT,949-387-7333,,1285343913,23001 DEL LAGO DR,LAGUNA HILLS,CA,92653,LAGUNA NIGUEL,ORANGE,92677,medium,name_exact,07-31-2028,Physical Therapist
PT,21767,RACHNA LALONDE,MPT,949-631-9009,,1881814176,2216 NEWPORT BLVD,COSTA MESA,CA,92627,COSTA MESA,ORANGE,92627,high,license_number,02-29-2028,Physical Therapist
PT,310286,RAFAEL BECERRA,"PT, DPT",209-745-5802,,1134058357,835 C ST STE 130,GALT,CA,95632,MISSION VIEJO,ORANGE,92691,high,license_number,07-31-2027,Physical Therapist
PT,301798,RAFAEL JAE CHUL LEE,"PT, DPT",714-632-2822,,1194473132,10061 TALBERT AVE,FOUNTAIN VALLEY,CA,92708,FOUNTAIN VALLEY,ORANGE,92708,high,license_number,10-31-2027,Physical Therapist
PT,32330,RAM J MERCADO,P.T.,949-502-5520,,1164894085,17911 SKY PARK CIR,IRVINE,CA,92614,LAGUNA HILLS,ORANGE,92653,high,license_number,12-31-2026,Physical Therapist
PT,33981,RAMON FERNANDO GELUZ,R.P.T.,714-398-7951,,1134586795,250 W WEEPING WILLOW AVE,ORANGE,CA,92865,ORANGE,ORANGE,92865,high,license_number,09-30-2027,Physical Therapist
PT,14376,RANDALL GARY BAUER,R.P.T.,949-588-7278,,1114068152,27071 CABOT RD,LAGUNA HILLS,CA,92653,LAGUNA HILLS,ORANGE,92653,high,license_number,11-30-2026,Physical Therapist
PT,26800,RANDI BERRY,P.T.,714-488-2915,,1053559690,18222 VANDERLIP PL,TUSTIN,CA,92780,TUSTIN,ORANGE,92780,high,license_number,07-31-2027,Physical Therapist
PT,291164,RANDI SHANNAHAN,"PT, DPT",325-656-5729,,1124489547,10975 BLUFFSIDE DR APT 1325,STUDIO CITY,CA,91604,SANTA ANA,ORANGE,92707,high,license_number,03-31-2027,Physical Therapist
PT,29058,RANDY LAUCHENGCO ARCIAGA,,949-331-8803,,1205846383,65 STRATUS LN,TUSTIN,CA,92782,TUSTIN,ORANGE,92782,high,license_number,07-31-2027,Physical Therapist
PT,42764,RAPHAEL V DOLOJAN,DPT,760-723-8337,,1518322197,521 E ELDER ST,FALLBROOK,CA,92028,SAN CLEMENTE,ORANGE,92673,high,license_number,09-30-2028,Physical Therapist
PT,299705,RASHMI SHAMPUR,DPT,909-255-0611,,1316559149,1455 FORD ST STE 104,REDLANDS,CA,92373,LAKE FOREST,ORANGE,92630,high,license_number,04-30-2028,Physical Therapist
PT,29145,RAY ALEXIUS PANINSORO SATINA,P.T.,949-727-2192,,1780880195,22 ODYSSEY,IRVINE,CA,92618,ORANGE,ORANGE,92865,high,license_number,08-31-2027,Physical Therapist
PT,305033,RAYMOND POON,,657-859-6458,,1790558849,15000 KENSINGTON PARK DR STE 110,TUSTIN,CA,92782,LAGUNA NIGUEL,ORANGE,92677,high,license_number,04-30-2027,Physical Therapist
PT,38076,REBECCA ANN FISHER,DPT,562-598-5500,,1912287566,1005 PACIFIC COAST HWY,SEAL BEACH,CA,90740,TUSTIN,ORANGE,92780,high,license_number,03-31-2027,Physical Therapist
PT,26070,REBECCA ANNE GILLMAN,,714-282-7701,Anaheimhills@PRNPT.com,1346867454,5630 E SANTA ANA CANYON RD,ANAHEIM,CA,92807,TUSTIN,ORANGE,92782,high,license_number,01-31-2027,Physical Therapist
PT,299593,REBECCA BRIANNA KOPPEL,DPT,657-204-2959,,1649874223,11420 WARNER AVE,FOUNTAIN VALLEY,CA,92708,IRVINE,ORANGE,92618,medium,name_exact,07-31-2028,Physical Therapist
PT,29074,REBECCA DE RUYTER,P.T.,714-558-3977,,1336312479,2101 E 4TH ST,SANTA ANA,CA,92705,SANTA ANA,ORANGE,92707,high,license_number,03-31-2027,Physical Therapist
PT,295073,REBECCA GASCA RABAJA,"PT, DPT",949-276-5401,,1568939387,30100 TOWN CENTER DR STE YZ,LAGUNA NIGUEL,CA,92677,LAGUNA HILLS,ORANGE,92653,high,license_number,10-31-2027,Physical Therapist
PT,35185,REBECCA MARIE FARAHAT,DPT,714-501-7028,,1043545924,1224 E KATELLA AVE,ORANGE,CA,92867,SANTA ANA,ORANGE,92705,high,license_number,08-31-2028,Physical Therapist
PT,41598,REBECCA MOORE,DPT,562-988-3570,,1720489990,3294 E SPRING ST,LONG BEACH,CA,90806,NEWPORT BEACH,ORANGE,92660,high,license_number,06-30-2028,Physical Therapist
PT,301668,REBECCA SUZANNE MORSE,"PT, DPT",310-782-3333,,1023765757,21081 S WESTERN AVE,TORRANCE,CA,90501,BREA,ORANGE,92821,high,license_number,02-29-2028,Physical Therapist
PT,302177,REED MCMILLAN,,714-485-7642,,1346979507,2790 HARBOR BLVD STE 300,COSTA MESA,CA,92626,COSTA MESA,ORANGE,92626,high,license_number,11-30-2027,Physical Therapist
PT,295858,REGINA MOHAN,"PT, DPT",310-337-7115,,1700343035,6820 S CENTINELA AVE,CULVER CITY,CA,90230,ANAHEIM,ORANGE,92807,high,license_number,01-31-2028,Physical Therapist
PT,298399,REGINALD QUITO PAMINTUAN,"PT, DPT",619-254-5239,,1609488584,9333 GENESEE AVE STE 350B,SAN DIEGO,CA,92121,BREA,ORANGE,92821,high,license_number,01-31-2028,Physical Therapist
PT,295647,REGINALDO PUNSALAN,,949-587-9000,,1639714389,24962 CALLE ARAGON,LAGUNA HILLS,CA,92637,RANCHO SANTA MARGARI,ORANGE,92688,high,license_number,05-31-2028,Physical Therapist
PT,29649,REHA C SHRIKHANDE,PT,949-713-7939,,1760650071,8 YELLOWPINE LANE,TRABUCO CYN,CA,92679,ANAHEIM HILLS,ORANGE,92808,high,license_number,01-31-2028,Physical Therapist
PT,20506,REIKO ALLYSON KURIHARA,MPT,714-861-4440,,1407803836,10162 ADAMS AVE,HUNTINGTON BEACH,CA,92646,SEAL BEACH,ORANGE,90740,high,license_number,02-29-2028,Physical Therapist
PT,33145,REINA PLATERO,RPT,714-241-0555,,1235457417,214 NOBEL AVE,SANTA ANA,CA,92707,TUSTIN,ORANGE,92782,high,license_number,11-30-2027,Physical Therapist
PT,305846,REN KUWAYE-TAMANAHA,,949-540-5641,,1083450357,9080 IRVINE CENTER DR,IRVINE,CA,92618,IRVINE,ORANGE,92612,high,license_number,05-31-2027,Physical Therapist
PT,25890,RENE ANTONIO ALVAREZ,,562-385-6237,,1962925255,7601 E. IMPERIAL HWY,DOWNEY,CA,90242,BREA,ORANGE,92821,high,license_number,08-31-2028,Physical Therapist
PT,34213,RENEE CAPRICE HOLLANDSWORTH,D.P.T.,949-770-5843,,1124202809,23293 S POINTE DR,LAGUNA HILLS,CA,92653,LAGUNA NIGUEL,ORANGE,92677,high,license_number,08-31-2027,Physical Therapist
PT,292499,RENEE FRANCES CULLEN,DPT,949-443-5442,,1962947788,31271 NIGUEL RD STE J,LAGUNA NIGUEL,CA,92677,SAN JUAN CAPISTRANO,ORANGE,92675,high,license_number,08-31-2028,Physical Therapist
PT,36758,REYNALYD GARCIA,,714-827-2440,,1215325592,3067 W ORANGE AVE,ANAHEIM,CA,92804,ANAHEIM,ORANGE,92804,high,license_number,01-31-2028,Physical Therapist
PT,28320,RHEA TAN,,310-381-9784,,1114127131,1555 SEPULVEDA BLVD STE M,TORRANCE,CA,90501,BREA,ORANGE,92821,high,license_number,08-31-2028,Physical Therapist
PT,24551,RHEENA NIETO BURKHARDT,"DPT, OCS",949-553-8853,,1073622734,1124 MAIN ST,IRVINE,CA,92614,IRVINE,ORANGE,92616,high,license_number,12-31-2026,Physical Therapist
PT,12259,RHONDA GIUFFREDA,PT,866-839-6979,,1588311740,16185 LOS GATOS BLVD STE 205,LOS GATOS,CA,95032,FOUNTAIN VALLEY,ORANGE,92708,high,license_number,09-30-2027,Physical Therapist
PT,14483,RHONDA JEAN HANLEY,PT,949-727-0700,,1689898181,26151 MARGUERITE PKWY STE A,MISSION VIEJO,CA,92692,LAKE FOREST,ORANGE,92609,high,license_number,11-30-2026,Physical Therapist
PT,41012,RICARDO ERNESTO MARTINEZ GARCIA,DPT,949-764-4624,,1568869675,1 HOAG DR,NEWPORT BEACH,CA,92663,ORANGE,ORANGE,92865,high,license_number,08-31-2027,Physical Therapist
PT,303164,RICARDO HERNANDEZ,PT DPT,949-429-2155,,1740999739,32261 CAMINO CAPISTRANO STE D101,SAN JUAN CAPISTRANO,CA,92675,LADERA RANCH,ORANGE,92694,high,license_number,05-31-2028,Physical Therapist
PT,22222,RICH COURY,"MPT, OCS, ATC",714-256-5075,,1972680635,239 E. KATELLA AVE,ORANGE,CA,92867,BREA,ORANGE,92821,high,license_number,11-30-2026,Physical Therapist
PT,29360,RICHARD DANO,,714-595-1510,,1609264183,5732 OAK DR,LA PALMA,CA,90623,LA PALMA,ORANGE,90623,high,license_number,01-31-2028,Physical Therapist
PT,310694,RICHARD HONG,,714-633-7227,,1538074349,871 S TUSTIN ST,ORANGE,CA,92866,FULLERTON,ORANGE,92835,high,license_number,09-30-2027,Physical Therapist
PT,29339,RICHARD P POULSEN,"MPT, ATC",562-799-4494,,1659460103,3662 KATELLA AVE,LOS ALAMITOS,CA,90720,FOUNTAIN VALLEY,ORANGE,92708,high,license_number,05-31-2027,Physical Therapist
PT,28301,RICHARD ROMMELFANGER,P.T.,949-788-9253,,1346269446,40 TESLA,IRVINE,CA,92618,IRVINE,ORANGE,92604,high,license_number,03-31-2027,Physical Therapist
PT,14242,RICHARD SOUNG BIEN,"P.T.,L.Ac., Ph.D.",714-446-0708,,1669493094,1401 S BROOKHURST RD,FULLERTON,CA,92833,LAGUNA HILLS,ORANGE,92653,high,license_number,06-30-2028,Physical Therapist
PT,292368,RICHARD YOON,DPT,714-282-7701,,1750826970,5630 E SANTA ANA CANYON RD,ANAHEIM,CA,92807,BREA,ORANGE,92821,high,license_number,01-31-2028,Physical Therapist
PT,33300,RICHARD ZOO JIN,PT,310-465-2477,,1467621938,23430 HAWTHORNE BLVD,TORRANCE,CA,90505,TUSTIN,ORANGE,92780,high,license_number,12-31-2026,Physical Therapist
PT,298089,RILEY FORD KERR,"PT, DPT, ATC",949-590-9350,,1144855917,2925 AIRWAY AVE STE J,COSTA MESA,CA,92626,ORANGE,ORANGE,92867,high,license_number,12-31-2027,Physical Therapist
PT,41310,RITESHKUMAR GANDHI,,248-497-6366,,1851635676,6640 BULL THISTLE COURT,EASTVALE,CA,92880,IRVINE,ORANGE,92604,medium,name_exact,12-31-2027,Physical Therapist
PT,32678,RIZALITO A. ORTIZ,PT,562-809-1833,,1619035607,19123 BLOOMFIELD AVE,CERRITOS,CA,90703,BREA,ORANGE,92821,high,license_number,03-31-2028,Physical Therapist
PT,7591,ROBERT BEDELL,P.T.,562-884-9756,,1558664722,4501 ELDER AVE,SEAL BEACH,CA,90740,SEAL BEACH,ORANGE,90740,high,license_number,11-30-2026,Physical Therapist
PT,33656,ROBERT C. LOO,DPT,562-928-0121,,1487861316,9901 PARAMOUNT BLVD,DOWNEY,CA,90240,MISSION VIEJO,ORANGE,92691,high,license_number,12-31-2026,Physical Therapist
PT,17092,ROBERT E ZOLG,P.T.,562-777-1333,,1760518625,12555 LAKEWOOD BLVD,DOWNEY,CA,90242,HUNTINGTON BEACH,ORANGE,92647,high,license_number,02-29-2028,Physical Therapist
PT,14870,ROBERT J FOSTER,PT,949-395-7417,,1013012343,28351 QUIET HILL LANE,TRABUCO CANYON,CA,92679,TRABUCO CANYON,ORANGE,92679,high,license_number,01-31-2028,Physical Therapist
PT,294425,ROBERT JAMES GRANT,"PT, DPT",714-988-8120,,1831691658,13931 CARROLL WAY STE B,TUSTIN,CA,92780,LAGUNA NIGUEL,ORANGE,92677,high,license_number,11-30-2027,Physical Therapist
PT,25208,ROBERT JONATHAN INGLIS,MPT,714-528-9400,,1518052935,1804 N. PLACENTIA AVE.,PLACENTIA,CA,92870,YORBA LINDA,ORANGE,92886,high,license_number,01-31-2028,Physical Therapist
PT,301661,ROBERT JOSEPH KING,,949-713-6445,,1306590559,23121 ANTONIO PKWY,RANCHO SANTA MARGARITA,CA,92688,DOVE CANYON,ORANGE,92679,high,license_number,12-31-2027,Physical Therapist
PT,35334,ROBERT M LEE,MPT,949-587-9000,,1700022720,24962 CALLE ARAGON,LAGUNA WOODS,CA,92637,RANCHO MISSION VIEJO,ORANGE,92694,high,license_number,12-31-2026,Physical Therapist
PT,6774,ROBERT P HANSEN,PT,714-546-4233,,1790719185,3100 W WARNER AVE,SANTA ANA,CA,92704,IRVINE,ORANGE,92620,high,license_number,07-31-2027,Physical Therapist
PT,39885,ROBERT ROSS GIERCZAK,DPT,562-715-5403,,1114518008,3816 MARBER AVE,LONG BEACH,CA,90808,LONG BEACH,ORANGE,90808,high,license_number,04-30-2028,Physical Therapist
PT,24025,ROBERT SALVAGGIO,DPT,949-495-0772,,1114115094,25312 VIA PIEDRA ROJA,LAGUNA NIGUEL,CA,92677,LAGUNA NIGUEL,ORANGE,92607,high,license_number,05-31-2028,Physical Therapist
PT,295931,ROBERT TSAI,DPT,714-280-2219,,1235602665,23011 MOULTON PKWY STE E5,LAGUNA HILLS,CA,92653,LAGUNA HILLS,ORANGE,92653,high,license_number,01-31-2028,Physical Therapist
PT,20146,ROCHELLE KISSACK,PT,714-222-0096,,1093108615,333 E ALDER ST,BREA,CA,92821,BREA,ORANGE,92821,high,license_number,10-31-2027,Physical Therapist
PT,34304,RODIEL KIRBY LAYSON BALOY,"MS, PT, CSCS",714-962-8818,,1407030117,8873 ADAMS AVE,HUNTINGTON BEACH,CA,92646,HUNTINGTON BEACH,ORANGE,92646,high,license_number,01-31-2027,Physical Therapist
PT,26522,RODNEY LOCKWOOD HAWKINS,MPT,949-584-3645,,1477593374,4 SILKWOOD LN,RSM,CA,92688,RANCHO SANTA MARG,ORANGE,92688,high,license_number,12-31-2026,Physical Therapist
PT,39090,ROGER ZHAO,D.P.T.,714-555-2231,,1972850493,560 SPANISH TRL,ARROYO GRANDE,CA,93420,YORBA LINDA,ORANGE,92886,high,license_number,03-31-2028,Physical Therapist
PT,32505,ROLAND DULLA,"PT, DPT",949-861-8600,,1750323184,17332 VON KARMAN AVE,IRVINE,CA,92614,ANAHEIM,ORANGE,92805,high,license_number,10-31-2027,Physical Therapist
PT,297358,ROLAND FONTANARES,,657-271-2100,,1063691079,16401 MAGNOLIA ST,WESTMINSTER,CA,92683,WESTMINSTER,ORANGE,92683,high,license_number,01-31-2027,Physical Therapist
PT,309924,ROLAND JOHN C MALLARI,"PT, DPT",714-232-2125,,1942147798,17220 NEWHOPE ST STE 120,FOUNTAIN VALLEY,CA,92708,BUENA PARK,ORANGE,90621,high,license_number,01-31-2028,Physical Therapist
PT,39636,ROLAND PAUL LAPID,DPT,949-872-7075,,1841445939,4662 ROXBURY DR,IRVINE,CA,92604,IRVINE,ORANGE,92604,high,license_number,09-30-2026,Physical Therapist
PT,15724,ROMAN HANNAPPEL,PT,562-826-5555,,1477653210,5901 E 7TH ST,LONG BEACH,CA,90822,HUNTINGTON BEACH,ORANGE,92646,high,license_number,09-30-2028,Physical Therapist
PT,18668,ROMEL POSADA,P.T.,831-655-5380,,1033400148,576 HARTNELL ST,MONTEREY,CA,93940,LAGUNA NIGUEL,ORANGE,92677,high,license_number,03-31-2028,Physical Therapist
PT,292359,RONALD D WALTMAN,"PT,  DPT",949-345-1696,,1922540061,22600 LAMBERT ST STE 1202F,LAKE FOREST,CA,92630,HUNTINGTON BEACH,ORANGE,92646,high,license_number,01-31-2028,Physical Therapist
PT,26724,RONALD EDWARD CASTILLO,DPT,714-966-4000,,1306774989,200 KALMUS DR,COSTA MESA,CA,92626,ORANGE,ORANGE,92869,high,license_number,10-31-2027,Physical Therapist
PT,35308,RONALDO CABRERA,PT,714-879-7301,,1003108036,1821 E CHAPMAN AVE,FULLERTON,CA,92831,LA HABRA,ORANGE,90631,high,license_number,08-31-2028,Physical Therapist
PT,20737,ROSEMARIE DORIA TORIO,P.T.,323-980-9825,,1518281799,5211 E WASHINGTON BLVD,COMMERCE,CA,90040,ANAHEIM,ORANGE,92808,high,license_number,10-31-2026,Physical Therapist
PT,294124,ROSEMARIE GONZALES,"PT, DPT",712-770-8222,,1295240927,13891 NEWPORT AVE,TUSTIN,CA,92780,LAGUNA NIGUEL,ORANGE,92677,high,license_number,08-31-2027,Physical Therapist
PT,19528,ROUBI R MOOSAVI,PT,714-449-1982,,1073723060,2233 SERRANO PL,FULLERTON,CA,92833,FULLERTON,ORANGE,92833,high,license_number,02-28-2027,Physical Therapist
PT,19101,ROXANNE MARIA ESTELLA VONRHEIN,MPT,949-788-9236,,1902113319,16269 LAGUNA CANYON RD,IRVINE,CA,92618,HUNTINGTON BEACH,ORANGE,92646,high,license_number,09-30-2026,Physical Therapist
PT,298509,ROY NINONUEVO,"PT, DPT",714-988-8110,,1215521190,3230 E IMPERIAL HWY STE 100,BREA,CA,92821,IRVINE,ORANGE,92606,high,license_number,03-31-2028,Physical Therapist
PT,38422,RUBI BUXTON,"PT, DPT",626-294-0070,,1134537004,253 N SANTA ANITA AVE,ARCADIA,CA,91006,DANA POINT,ORANGE,92629,high,license_number,04-30-2027,Physical Therapist
PT,293490,RUBY TANG,DPT,714-891-2739,,1487163366,14221 EUCLID ST STE F,GARDEN GROVE,CA,92843,WESTMINSTER,ORANGE,92683,high,license_number,04-30-2027,Physical Therapist
PT,301146,RUCHI ACHARYA,PT,714-646-8318,,1033665021,740 S. PLACENTIA AVE. SUITE 100,PLACENTIA,CA,92870,CYPRESS,ORANGE,90630,high,license_number,12-31-2026,Physical Therapist
PT,297045,RUCHI PATEL,,714-997-5518,,1972152429,1111 W TOWN AND COUNTRY RD STE 1,ORANGE,CA,92868,YORBA LINDA,ORANGE,92886,high,license_number,07-31-2027,Physical Therapist
PT,39085,RUDY MARTIN,PT,714-523-3822,,1639424641,6131 ORANGETHORPE AVE STE 135,BUENA PARK,CA,90620,TUSTIN,ORANGE,92780,high,license_number,04-30-2028,Physical Therapist
PT,293042,RUHI SHAIKH,,703-859-2961,,1306012406,180 OUTWEST,IRVINE,CA,92618,IRVINE,ORANGE,92618,high,license_number,09-30-2028,Physical Therapist
PT,42998,RUTA PATEL MADHAV,,510-378-9797,,1811369622,66 DORADO,IRVINE,CA,92618,IRVINE,ORANGE,92618,high,license_number,12-31-2026,Physical Therapist
PT,308909,RYAN AARON PINEGAR,,714-871-3280,,1467329979,101 E VALENCIA MESA DR,FULLERTON,CA,92835,PLACENTIA,ORANGE,92870,high,license_number,04-30-2027,Physical Therapist
PT,26740,RYAN ALEXANDER. HARTSHORN,DPT,714-871-0460,,1982791265,680 LANGSDORF DR,FULLERTON,CA,92831,RCHO STA MARGARITA,ORANGE,92688,high,license_number,02-28-2027,Physical Therapist
PT,298941,RYAN CHRISTIAN STUHR,DPT,949-502-3388,,1699386573,1600 DOVE ST STE 100,NEWPORT BEACH,CA,92660,IRVINE,ORANGE,92612,medium,name_exact,11-30-2027,Physical Therapist
PT,303275,RYAN DUY NGUYEN,DPT,714-829-6869,,1720800097,9321 CORONET AVE,WESTMINSTER,CA,92683,MIDWAY CITY,ORANGE,92655,high,license_number,01-31-2028,Physical Therapist
PT,303935,RYAN ENOCH WONG,"PT, DPT",949-271-0010,,1194416826,32 DISCOVERY,IRVINE,CA,92618,IRVINE,ORANGE,92618,high,license_number,03-31-2027,Physical Therapist
PT,33492,RYAN GREGORY DON,D.P.T.,714-975-7950,,1841430840,999 N TUSTIN AVE,SANTA ANA,CA,92705,SANTA ANA,ORANGE,92705,high,license_number,08-31-2028,Physical Therapist
PT,297630,RYAN GUZMAN,,949-387-7333,,1053957241,23001 DEL LAGO DR,LAGUNA HILLS,CA,92653,ORANGE,ORANGE,92869,high,license_number,08-31-2027,Physical Therapist
PT,301655,RYAN JACOBI,"PT, DPT",949-755-0796,,1790439677,22342 EL PASEO STE G,RANCHO SANTA MARGARITA,CA,92688,LADERA RANCH,ORANGE,92694,high,license_number,05-31-2027,Physical Therapist
PT,5873,RYAN LARSON,,208-552-2700,,1871067363,3155 CHANNING WAY STE D,IDAHO FALLS,ID,83404,HUNTINGTON BEACH,ORANGE,92646,high,license_number,03-31-2028,Physical Therapist
PT,33635,RYAN MICHAEL SOMERS,DPT,949-955-9499,,1003033176,22772 CENTRE DR STE 100,LAKE FOREST,CA,92630,YORBA LINDA,ORANGE,92886,high,license_number,05-31-2028,Physical Therapist
PT,43533,RYAN PEEBLES,DPT,805-883-4000,,1871030106,4560 SE INTERNATIONAL WAY,MILWAUKIE,OR,97222,SAN CLEMENTE,ORANGE,92672,high,license_number,11-30-2027,Physical Therapist
PT,42796,RYAN WHYTE,"DPT, OTR/L, ATC",714-522-8020,,1992187827,40 CENTERPOINTE DR,LA PALMA,CA,90623,IRVINE,ORANGE,92620,high,license_number,04-30-2027,Physical Therapist
PT,302611,RYUICHI KOBAYASHI,"PT, DPT",949-265-2442,,1285353565,250 E YALE LOOP STE 201,IRVINE,CA,92604,IRVINE,ORANGE,92604,high,license_number,09-30-2027,Physical Therapist
PT,299812,SA YEUL PARK,DPT,919-561-0222,,1689266363,10400 NORWALK BLVD STE 100,SANTA FE SPRINGS,CA,90670,BREA,ORANGE,92821,medium,name_exact,08-31-2028,Physical Therapist
PT,40747,SAEIDEH BADIEFARD,D.P.T,908-295-6187,,1821418492,1125 E 17TH ST STE W237,SANTA ANA,CA,92701,IRVINE,ORANGE,92620,high,license_number,09-30-2027,Physical Therapist
PT,298922,SAHAR SHAHIDI,Physical Therapist,949-206-1700,,1811509623,26302 LA PAZ RD STE 105,MISSION VIEJO,CA,92691,MISSION VIEJO,ORANGE,92691,high,license_number,08-31-2028,Physical Therapist
PT,308904,SALEENA KHOSHNEVIS,,909-861-3511,,1487534707,21015 PATHFINDER RD STE 100,DIAMOND BAR,CA,91765,NEWPORT BEACH,ORANGE,92663,high,license_number,07-31-2027,Physical Therapist
PT,300177,SALLY TADROSS,,714-847-8751,,1376196295,7921 PROFESSIONAL CIR,HUNTINGTON BEACH,CA,92648,MISSION VIEJO,ORANGE,92692,high,license_number,04-30-2027,Physical Therapist
PT,36480,SALLY WAFFIK MATTER,P.T.,626-857-4711,,1780984880,1347 S GRAND AVE,GLENDORA,CA,91740,BREA,ORANGE,92821,high,license_number,09-30-2027,Physical Therapist
PT,298029,SALVADOR PATRICK BRIONES ABIERA,"PT, DPT",949-863-9103,,1285260984,2362 MORSE AVE,IRVINE,CA,92614,TUSTIN,ORANGE,92782,high,license_number,10-31-2027,Physical Therapist
PT,21104,SAMAN DEHDASHTI,PT,888-988-2800,,1871790006,411 N LAKEVIEW AVE,ANAHEIM,CA,92807,IRVINE,ORANGE,92604,high,license_number,03-31-2027,Physical Therapist
PT,37489,SAMANTHA ANN BAUMLER,DPT,949-250-1112,,1912203381,2777 BRISTOL ST,COSTA MESA,CA,92626,COSTA MESA,ORANGE,92626,high,license_number,06-30-2028,Physical Therapist
PT,307038,SAMANTHA AUDREY RICHARDS,"PT, DPT, MS",714-939-6200,,1073320826,415 W TAFT AVE STE E,ORANGE,CA,92865,PLACENTIA,ORANGE,92870,high,license_number,05-31-2028,Physical Therapist
PT,33778,SAMANTHA DAY,"PT, DPT",949-375-6187,,1295468379,28892 MARGUERITE PKWY STE 170,MISSION VIEJO,CA,92692,MISSION VIEJO,ORANGE,92691,high,license_number,02-28-2027,Physical Therapist
PT,297255,SAMANTHA L WAI,,800-607-6377,,1184273393,3100 TELEGRAPH AVE,OAKLAND,CA,94609,IRVINE,ORANGE,92614,high,license_number,06-30-2027,Physical Therapist
PT,305441,SAMANTHA SAWICKI,"DPT, PT",949-250-1112,,1710458880,2777 BRISTOL ST STE B,COSTA MESA,CA,92626,COSTA MESA,ORANGE,92626,high,license_number,11-30-2027,Physical Therapist
PT,37971,SAMANTHA WALLER WALTZ,P.T.,714-870-8478,,1851671614,1027 N HARBOR BLVD,FULLERTON,CA,92832,COSTA MESA,ORANGE,92626,high,license_number,02-28-2027,Physical Therapist
PT,304473,SAMI I JAMIL,"PT, DPT",760-633-6507,,1346024783,1092 N EL CAMINO REAL,ENCINITAS,CA,92024,COSTA MESA,ORANGE,92626,high,license_number,01-31-2027,Physical Therapist
PT,292992,SAMUEL FRANK BELL,"DPT, PT, MS, ATC, PE",203-856-0846,,1871832840,5972 EDMONDS CIR,HUNTINGTON BEACH,CA,92649,HUNTINGTON BEACH,ORANGE,92649,medium,name_exact,02-28-2027,Physical Therapist
PT,299399,SAMUEL HA,DPT,949-679-3337,,1457953861,4482 BARRANCA PKWY STE 195,IRVINE,CA,92604,GARDEN GROVE,ORANGE,92841,high,license_number,01-31-2028,Physical Therapist
PT,291192,SAMUEL KANG,,310-328-0276,,1265892392,1815 W 213TH ST STE 100,TORRANCE,CA,90501,ORANGE,ORANGE,92866,high,license_number,05-31-2027,Physical Therapist
PT,10979,SANDRA GAN JUSTEN,P.T.,714-891-9008,,1316029390,15464 GOLDENWEST ST,WESTMINSTER,CA,92683,HUNTINGTON BEACH,ORANGE,92646,high,license_number,04-30-2027,Physical Therapist
PT,39630,SANDRA HEAD,D.P.T.,714-962-6760,,1710223623,18700 BEACH BLVD STE 120,HUNTINGTON BEACH,CA,92648,HUNTINGTON BEACH,ORANGE,92648,high,license_number,02-29-2028,Physical Therapist
PT,27363,SANDRA K. WONG,MPT,949-702-3992,,1104839562,101 GAUGUIN CIR,ALISO VIEJO,CA,92656,ALISO VIEJO,ORANGE,92656,high,license_number,12-31-2027,Physical Therapist
PT,30257,SANG CHAE KWAK,P.T.,714-537-1234,,1538166525,12665 GARDEN GROVE BLVD,GARDEN GROVE,CA,92843,GARDEN GROVE,ORANGE,92843,high,license_number,02-28-2027,Physical Therapist
PT,298168,SANJAY KRISHAN GHAI,DPT,949-727-2192,,1841826534,22 ODYSSEY STE 165,IRVINE,CA,92618,ORANGE,ORANGE,92865,high,license_number,05-31-2027,Physical Therapist
PT,300999,SANKET WORLIKAR,DPT,310-392-0025,,1689319311,2701 OCEAN PARK BLVD STE 110,SANTA MONICA,CA,90405,IRVINE,ORANGE,92612,high,license_number,12-31-2026,Physical Therapist
PT,309855,SANNIEL CAILAO,PT,714-581-5971,,1306420476,401 W LINCOLN AVE STE 100,ANAHEIM,CA,92805,ANAHEIM,ORANGE,92805,high,license_number,01-31-2028,Physical Therapist
PT,43518,SAOUSAN RAMADAN,,508-523-0548,,1043674559,1821 ORIZABA AVE,SIGNAL HILL,CA,90755,LAGUNA NIGUEL,ORANGE,92677,high,license_number,01-31-2027,Physical Therapist
PT,26543,SAPAN NARESH PALKHIWALA,D.P.T.,949-340-6927,,1306917133,24422 AVENIDA DE LA CARLOTA,LAGUNA HILLS,CA,92653,LAGUNA HILLS,ORANGE,92653,high,license_number,03-31-2027,Physical Therapist
PT,32163,SARA ELIZABETH DARLAND,"DPT, OCS",714-748-6146,,1376767624,4201 W CHAPMAN AVE,ORANGE,CA,92868,NEWPORT BEACH,ORANGE,92660,high,license_number,05-31-2027,Physical Therapist
PT,17685,SARA GILLES,PT,949-916-8855,,1225180474,24881 ALICIA PKWY,LAGUNA HILLS,CA,92653,LAGUNA HILLS,ORANGE,92653,high,license_number,03-31-2027,Physical Therapist
PT,29526,SARA MARIE JACOBS,PT,626-445-4222,,1235167552,440 E HUNTINGTON DR,ARCADIA,CA,91006,FULLERTON,ORANGE,92831,high,license_number,04-30-2028,Physical Therapist
PT,26792,SARA SOGOL AMOLI,"MPT, CSCS",949-394-8768,,1306934856,1124 MAIN ST,IRVINE,CA,92614,NEWPORT BEACH,ORANGE,92658,high,license_number,12-31-2027,Physical Therapist
PT,41635,SARAH ELAINE BRADY,P.T.,562-310-2012,,1386045995,3071 BOSTONIAN DR,LOS ALAMITOS,CA,90720,ORANGE,ORANGE,92869,high,license_number,05-31-2028,Physical Therapist
PT,37254,SARAH JANE BELCHER,P.T.,310-385-9064,,1073810925,435 N BEDFORD DR,BEVERLY HILLS,CA,90210,IRVINE,ORANGE,92614,high,license_number,03-31-2028,Physical Therapist
PT,35135,SARAH JEAN GILLILAND,DPT,949-631-9009,,1972743219,2216 NEWPORT BLVD,COSTA MESA,CA,92627,MISSION VIEJO,ORANGE,92692,high,license_number,05-31-2028,Physical Therapist
PT,299885,SARAH JUUL,DPT,888-859-0145,,1922558212,1600 MAIN ST FL 2,VENICE,CA,90291,FOUNTAIN VALLEY,ORANGE,92708,high,license_number,03-31-2028,Physical Therapist
PT,27977,SARAH KATHERINE POVEROMO,M.S. P.T.,408-851-1400,,1073672820,710 LAWRENCE EXPY,SANTA CLARA,CA,95051,IRVINE,ORANGE,92618,high,license_number,06-30-2028,Physical Therapist
PT,297968,SARAH MACMILLAN TVEIT,DPT,949-597-0007,,1104442011,30100 TOWNE CENTER DRIVE,LAGUNA NIGUEL,CA,92677,ORANGE,ORANGE,92866,high,license_number,01-31-2028,Physical Therapist
PT,42568,SARAH MATHEW,,949-716-1800,,1083084990,24953 PASEO DE VALENCIA STE 8C,LAGUNA HILLS,CA,92653,FOUNTAIN VALLEY,ORANGE,92708,high,license_number,09-30-2028,Physical Therapist
PT,19225,SARAH TERUKO WU,,888-232-3030,,1639360076,4201 W CHAPMAN AVE,ORANGE,CA,92868,LAKE FOREST,ORANGE,92679,high,license_number,09-30-2027,Physical Therapist
PT,307212,SARAH TRITZ,,714-522-8020,,1750100251,40 CENTERPOINTE DR UNIT 115,LA PALMA,CA,90623,ANAHEIM,ORANGE,92806,medium,name_exact,12-31-2027,Physical Therapist
PT,42365,SCOTT A LOCKEN,"PT, DPT",714-256-5074,,1639563190,1800 E LAMBERT RD,BREA,CA,92821,TUSTIN,ORANGE,92780,high,license_number,05-31-2028,Physical Therapist
PT,28743,SCOTT JACOBSEN,,760-325-5950,,1922180603,4050 AIRPORT CENTER DR,PALM SPRINGS,CA,92264,HUNTINGTON BEACH,ORANGE,92648,high,license_number,10-31-2027,Physical Therapist
PT,36270,SCOTT MICHAEL ROGOFF,"Pt, DPT, OCS",714-578-8706,,1881021137,2767 E IMPERIAL HWY,BREA,CA,92821,ANAHEIM,ORANGE,92806,high,license_number,05-31-2027,Physical Therapist
PT,24728,SCOTT MONCRIEF,P.T.,949-582-8800,,1760415566,26932 OSO PKWY,MISSION VIEJO,CA,92691,MISSION VIEJO,ORANGE,92691,high,license_number,11-30-2027,Physical Therapist
PT,296667,SCOTT PARRISH,DPT,949-373-5054,,1043459183,24941 DANA POINT HARBOR DR STE C120,DANA POINT,CA,92629,SAN CLEMENTE,ORANGE,92672,high,license_number,02-28-2027,Physical Therapist
PT,17509,SCOTT ROBERT HOLMAN,P.T.,714-633-7227,,1952431306,871 S TUSTIN ST,ORANGE,CA,92866,ORANGE,ORANGE,92867,high,license_number,04-30-2027,Physical Therapist
PT,20461,SCOTT TOMCHICK,PT,888-988-2800,,1962600239,411 N LAKEVIEW AVE,ANAHEIM,CA,92807,HUNTINGTON BEACH,ORANGE,92648,high,license_number,10-31-2026,Physical Therapist
PT,24602,SEAN COLEMAN,"PT, DPT",516-897-9700,,1275903361,3961 LONG BEACH RD,ISLAND PARK,NY,11558,SAN JUAN CAPISTRANO,ORANGE,92675,high,license_number,10-31-2026,Physical Therapist
PT,43125,SEAN SUNGHAK KIM,"PT, DPT",949-631-0125,,1194134197,129 W WILSON ST,COSTA MESA,CA,92627,IRVINE,ORANGE,92612,high,license_number,06-30-2027,Physical Therapist
PT,43414,SEAN WEIS,"PT, DPT",714-603-3163,,1285253880,16550 ELM CIR,FOUNTAIN VALLEY,CA,92708,HUNTINGTON BEACH,ORANGE,92646,high,license_number,04-30-2027,Physical Therapist
PT,306263,SERENA MONTANO,DPT,949-582-0132,,1215774757,26932 OSO PKWY STE 260,MISSION VIEJO,CA,92691,RSM,ORANGE,92688,high,license_number,09-30-2027,Physical Therapist
PT,18387,SETAREH SALEHI,physical therapiest,562-822-0767,,1619900628,16011 SANTA BARBARA LN,HUNTINGTON BEACH,CA,92649,HUNTINGTON BEACH,ORANGE,92649,high,license_number,05-31-2028,Physical Therapist
PT,23445,SHAHZEEN SAROSH SIGANPORIA,,717-456-5571,,1134580129,200 S MANCHESTER AVE,ORANGE,CA,92868,IRVINE,ORANGE,92606,high,license_number,04-30-2028,Physical Therapist
PT,29707,SHAI T. LY,D.P.T.,858-693-0436,,1356391692,9909 MIRA MESA BLVD,SAN DIEGO,CA,92131,CYPRESS,ORANGE,90630,medium,name_exact,09-30-2028,Physical Therapist
PT,11986,SHAMA SHEIKH,R.P.T,949-499-9559,,1952346447,30836 COAST HWY,LAGUNA BEACH,CA,92651,LAGUNA NIGUEL,ORANGE,92677,high,license_number,04-30-2027,Physical Therapist
PT,13590,SHANA MAGHSOODI,PT,949-644-2022,,1992858542,369 SAN MIGUEL DR,NEWPORT BEACH,CA,92660,LAGUNA HILLS,ORANGE,92653,high,license_number,08-31-2028,Physical Therapist
PT,297650,SHANE RAVENELLE,"PT, DPT",949-271-0012,,1780229898,24301 MUIRLANDS BLVD STE T,LAKE FOREST,CA,92630,IRVINE,ORANGE,92604,high,license_number,02-28-2027,Physical Therapist
PT,42875,SHANICE D LOWE,DPT,408-736-7600,,1922475375,263 N MATHILDA AVE,SUNNYVALE,CA,94086,IRVINE,ORANGE,92604,high,license_number,12-31-2026,Physical Therapist
PT,291412,SHANIE KOH,,562-945-3561,,1811441694,9080 COLIMA RD,WHITTIER,CA,90605,ORANGE,ORANGE,92869,high,license_number,07-31-2027,Physical Therapist
PT,23491,SHANNON ELIZABETH HILL,PT MPT,949-716-4548,,1194768036,26800 ALISO VIEJO PKWY STE 130,ALISO VIEJO,CA,92656,ALISO VIEJO,ORANGE,92656,high,license_number,11-30-2027,Physical Therapist
PT,300323,SHANNON HERMAN,,619-873-2160,,1881262897,1625 E MAIN ST,EL CAJON,CA,92021,LAGUNA NIGUEL,ORANGE,92677,medium,name_exact,08-31-2028,Physical Therapist
PT,291794,SHANNON OLIVIA LONG,"PT, DPT",310-234-0300,,1992299358,10780 SANTA MONICA BLVD STE 405,LOS ANGELES,CA,90025,HUNTINGTON BEACH,ORANGE,92647,high,license_number,05-31-2028,Physical Therapist
PT,303022,SHARITY LYNNE STASER,,931-552-4846,,1659092427,2250 WILMA RUDOLPH BLVD STE H,CLARKSVILLE,TN,37040,ORLANDO,ORANGE,32819,medium,name_exact,12-31-2027,Physical Therapist
PT,42407,SHARON ANN LEE,,209-599-7073,,1033582960,103 E MAIN ST,RIPON,CA,95366,IRVINE,ORANGE,92606,medium,name_exact,11-30-2026,Physical Therapist
PT,37969,SHARON HO BURNETT,"PT, DPT",714-256-5074,,1316225782,1800 E LAMBERT RD,BREA,CA,92821,PLACENTIA,ORANGE,92870,high,license_number,02-28-2027,Physical Therapist
PT,24458,SHARON KAY HARRISON,PT,949-586-3200,,1376548651,24331 EL TORO RD STE 200,LAGUNA HILLS,CA,92637,LADERA RANCH,ORANGE,92694,high,license_number,08-31-2027,Physical Therapist
PT,291720,SHARON WHELCHEL THOMPSON,"PT, DPT, CSCS",714-696-6293,,1023562220,2529 W KNOX AVE,SANTA ANA,CA,92704,SANTA ANA,ORANGE,92704,high,license_number,01-31-2028,Physical Therapist
PT,22607,SHAUN S TORBATI,RPT,714-968-0068,,1790874642,19066 MAGNOLIA ST,HUNTINGTON BEACH,CA,92646,SEAL BEACH,ORANGE,90740,high,license_number,11-30-2026,Physical Therapist
PT,39418,SHAWN DUY NGUYEN,"PT, DPT",714-891-2739,,1053741355,14221 EUCLID ST STE F,GARDEN GROVE,CA,92843,GARDEN GROVE,ORANGE,92840,high,license_number,10-31-2027,Physical Therapist
PT,40531,SHAWN JEFFREY MEAD,DPT,949-502-3388,,1649608357,1600 DOVE ST STE 100,NEWPORT BEACH,CA,92660,NEWPORT BEACH,ORANGE,92660,high,license_number,06-30-2027,Physical Therapist
PT,20540,SHAWNA T. WALLACE,PT,949-653-2383,,1417225806,21 BUTTERFLY,IRVINE,CA,92604,FOOTHILL RANCH,ORANGE,92610,high,license_number,06-30-2028,Physical Therapist
PT,294155,SHAYA MARIE DAWSON,DPT,866-839-6979,,1851586697,68 WILLOW RD,MENLO PARK,CA,94025,GARDEN GROVE,ORANGE,92845,medium,name_exact,11-30-2027,Physical Therapist
PT,34810,SHAYNA ALLENE SLATER,P.T.,949-749-2749,,1770730673,22431 ANTONIO PKWY # B160-673,RANCHO SANTA MARGARITA,CA,92688,RANCHOSANTAMARGARITA,ORANGE,92688,high,license_number,09-30-2027,Physical Therapist
PT,308020,SHEA OLAYOS,,949-262-9142,,1710779046,14150 CULVER DR STE 103,IRVINE,CA,92604,NEWPORT BEACH,ORANGE,92660,high,license_number,06-30-2028,Physical Therapist
PT,38494,SHEILA ANNE NORTHCUTT,"MS,PT, ATC, CLT",714-288-8303,,1679523781,1045 N TUSTIN ST,ORANGE,CA,92867,ORANGE,ORANGE,92866,high,license_number,02-28-2027,Physical Therapist
PT,28691,SHELA IBBAY ANDRES,P.T.,951-653-4480,,1578776142,6177 RIVER CREST DR STE A,RIVERSIDE,CA,92507,YORBA LINDA,ORANGE,92887,high,license_number,05-31-2027,Physical Therapist
PT,30404,SHELLEY ROSS,NP,615-322-3000,sross701249@direct.vumc.org,1073582987,3601 THE VANDERBILT CLINIC,NASHVILLE,TN,37232,MISSION VIEJO,ORANGE,92691,high,license_number,02-28-2027,Physical Therapist
PT,293805,SHELLY CONSTANCE SCARBOROUGH,,415-353-1756,,1295235158,400 PARNASSUS,SAN FRANCISCO,CA,94143,NEWPORT BEACH,ORANGE,92660,high,license_number,10-31-2026,Physical Therapist
PT,24931,SHENOUDA SALIB,RPT,714-269-7986,,1821102906,6091 THOR DR,HUNTINGTON BEACH,CA,92647,WESTMINSTER,ORANGE,92683,high,license_number,11-30-2027,Physical Therapist
PT,26359,SHERIDAN SAVIO,MPT,949-584-1603,,1669865580,25 FELDSPAR WAY,RANCHO SANTA MARGARITA,CA,92688,RANCHO SANTA MARGARI,ORANGE,92688,high,license_number,06-30-2027,Physical Therapist
PT,13740,SHERRIE LEE BOYD,Physical Therapist,714-392-6899,,1477601656,18800 DELAWARE,HUNTINGTON BEACH,CA,92648,HUNTINGTON BEACH,ORANGE,92647,high,license_number,01-31-2028,Physical Therapist
PT,30073,SHERYL GONZALES ANTE,RPT,714-658-6321,,1023255627,761 S MELROSE ST,ANAHEIM,CA,92805,ANAHEIM,ORANGE,92805,high,license_number,09-30-2026,Physical Therapist
PT,34575,SHIAO-LAN LI,MPT,949-333-2224,,1851625917,18102 SKY PARK CIR,IRVINE,CA,92614,IRVINE,ORANGE,92604,high,license_number,01-31-2028,Physical Therapist
PT,43511,SHIPRA SETHI,,714-646-8318,,1245680867,740 S PLACENTIA AVE STE 100,PLACENTIA,CA,92870,LAGUNA HILLS,ORANGE,92653,high,license_number,12-31-2027,Physical Therapist
PT,301336,SHIREEN HOSSEINI,,949-870-2526,,1992698435,757 WESTWOOD PLZ,LOS ANGELES,CA,90095,IRVINE,ORANGE,92614,high,license_number,01-31-2027,Physical Therapist
PT,26605,SHIRIN AZIZ IHANI,P.T.,714-630-6206,,1174686869,1635 S CENTER ST,SANTA ANA,CA,92704,SAN CLEMENTE,ORANGE,92673,high,license_number,10-31-2027,Physical Therapist
PT,25871,SHIRLEY PUJOL MERIOLES,PT,562-464-7601,,1851225759,1225 ECKENRODE WAY,PLACENTIA,CA,92870,PLACENTIA,ORANGE,92870,high,license_number,10-31-2028,Physical Therapist
PT,304697,SHIV BHAKTA,,714-546-6450,,1437910957,1030 W WARNER AVE,SANTA ANA,CA,92707,BUENA PARK,ORANGE,90620,high,license_number,11-30-2026,Physical Therapist
PT,299940,SHIVA ASLANPOOR,PT DPT,949-716-4548,,1518542992,5 JOURNEY STE 100,ALISO VIEJO,CA,92656,LAGUNA NIGUEL,ORANGE,92677,high,license_number,12-31-2026,Physical Therapist
PT,294385,SHOAIB MADAR,DPT,714-468-8672,,1861903239,9406 MIRAGE AVE,WESTMINSTER,CA,92683,WESTMINSTER,ORANGE,92683,high,license_number,11-30-2027,Physical Therapist
PT,297022,SHUI YU,"PT, DPT, MPH, CLT",310-273-0877,,1447805585,415 N CRESCENT DR STE 130,BEVERLY HILLS,CA,90210,LAKE FOREST,ORANGE,92610,high,license_number,10-31-2026,Physical Therapist
PT,294296,SHWETA CHHEDA,,949-388-8788,,1427559640,1031 AVENIDA PICO,SAN CLEMENTE,CA,92673,MISSION VIEJO,ORANGE,92692,medium,name_exact,04-30-2027,Physical Therapist
PT,37367,SHWETA GADA SHAH,D.P.T.,626-623-1123,,1508096751,440 E HUNTINGTON DR,ARCADIA,CA,91006,BREA,ORANGE,92823,high,license_number,10-31-2026,Physical Therapist
PT,36073,SHYAM R AIYAR,D.P.T.,714-978-6800,,1659769156,1835 W LA VETA AVE,ORANGE,CA,92868,IRVINE,ORANGE,92606,high,license_number,01-31-2027,Physical Therapist
PT,36763,SIBYLLE APURVA MEHTA,P.T.,949-754-1344,,1154616852,16300 SAND CANYON AVE,IRVINE,CA,92618,IRVINE,ORANGE,92618,high,license_number,05-31-2028,Physical Therapist
PT,305145,SIDNEY NAVALES,"PT, DPT",714-530-6322,,1245005917,13075 BLACKBIRD ST,GARDEN GROVE,CA,92843,PLACENTIA,ORANGE,92870,high,license_number,12-31-2026,Physical Therapist
PT,307674,SINA FARZAD,DPT,714-686-3000,,1902605116,451 DISCOVERY LN,BREA,CA,92821,NEWPORT BEACH,ORANGE,92660,medium,name_exact,03-31-2028,Physical Therapist
PT,26575,SITIPON CHAVATIPON,P.T.,714-674-0768,,1073534749,2518 THREEWOODS LN,FULLERTON,CA,92831,FULLERTON,ORANGE,92831,high,license_number,07-31-2027,Physical Therapist
PT,304085,SIVAN ECKERT,,657-301-4967,,1689366700,18785 BROOKHURST ST STE 104,FOUNTAIN VALLEY,CA,92708,IRVINE,ORANGE,92618,high,license_number,03-31-2027,Physical Therapist
PT,25213,SIYAMAC RASTAWAN,DPT,714-774-6000,,1942301437,1751 W ROMNEYA DR,ANAHEIM,CA,92801,FULLERTON,ORANGE,92835,high,license_number,02-29-2028,Physical Therapist
PT,25939,SMIT VIJAY GANDHI,MPT,714-870-1744,,1346271137,2000 E CHAPMAN AVE,FULLERTON,CA,92831,LA HABRA,ORANGE,90631,high,license_number,04-30-2028,Physical Therapist
PT,37422,SOFIA V SAWITZ,D.P.T.,714-633-7400,,1245538628,1800 E LA VETA AVE,ORANGE,CA,92866,LAGUNA BEACH,ORANGE,92651,high,license_number,09-30-2026,Physical Therapist
PT,301513,SOGOL FATEHI,,949-454-8811,,1649922907,24002 VIA FABRICANTE STE 501,MISSION VIEJO,CA,92691,RSM,ORANGE,92688,high,license_number,04-30-2027,Physical Therapist
PT,296231,SOHILA KHALILI,DPT,925-939-8585,,1184285520,350 JOHN MUIR PKWY STE 155,BRENTWOOD,CA,94513,ANAHEIM,ORANGE,92805,high,license_number,12-31-2026,Physical Therapist
PT,301304,SOLEIL SMITH,"PT, DPT",949-861-8600,,1235898909,17332 VON KARMAN AVE,IRVINE,CA,92614,ORANGE,ORANGE,92867,high,license_number,08-31-2027,Physical Therapist
PT,26971,SONIA DELGADO ARMBRUSTER,MPT,714-544-5565,,1689745853,17321 17TH ST,TUSTIN,CA,92780,SAN CLEMENTE,ORANGE,92673,high,license_number,08-31-2027,Physical Therapist
PT,38498,SONYA MONDRAGON,,949-496-3896,,1710224183,34241 PACIFIC COAST HWY,DANA POINT,CA,92629,MISSION VIEJO,ORANGE,92692,high,license_number,01-31-2027,Physical Therapist
PT,300024,SOOMIN SARAH SHIN,PT,714-736-6855,,1962077917,7941 BEACH BLVD STE J,BUENA PARK,CA,90620,BUENA PARK,ORANGE,90621,high,license_number,11-30-2026,Physical Therapist
PT,28935,SOPHIA F AMOUDEH,mpt,909-484-3801,,1699931717,9190 HAVEN AVE,RANCHO CUCAMONGA,CA,91730,ORANGE,ORANGE,92867,high,license_number,12-31-2026,Physical Therapist
PT,23736,SORAYA NGUYEN,,818-926-9057,,1396311528,31248 OAK CREST DR STE 120,WESTLAKE VILLAGE,CA,91361,YORBA LINDA,ORANGE,92887,high,license_number,08-31-2028,Physical Therapist
PT,293523,SPENCER JONATHAN LEE,"PT, DPT",559-304-9207,,1154848620,20206 SPECTRUM,IRVINE,CA,92618,COSTA MESA,ORANGE,92626,high,license_number,07-31-2027,Physical Therapist
PT,37434,SPRING ZAHRA SAMSAMSHARIAT,DPT,949-280-1892,,1194006270,1120 E KENNEDY BLVD UNIT WEST1010,TAMPA,FL,33602,LAGUNA WOODS,ORANGE,92637,high,license_number,03-31-2028,Physical Therapist
PT,296578,SRUTHI ADUDODLA,,818-588-4894,,1407301864,6320 CANOGA AVE FL 15,WOODLAND HILLS,CA,91367,GARDEN GROVE,ORANGE,92844,high,license_number,07-31-2028,Physical Therapist
PT,304438,STACEY CASTALDO,DPT,949-250-1112,,1659053783,2777 BRISTOL ST STE B,COSTA MESA,CA,92626,COSTA MESA,ORANGE,92626,high,license_number,12-31-2026,Physical Therapist
PT,34236,STACEY LAIBOW,DPT,714-838-6999,,1699958058,250 EL CAMINO REAL,TUSTIN,CA,92780,HUNTINGTON BEACH,ORANGE,92648,high,license_number,04-30-2027,Physical Therapist
PT,23648,STACEY MEYER SAVAGE,P.T.,949-644-1322,,1649220146,200 NEWPORT CENTER DR,NEWPORT BEACH,CA,92660,HUNTINGTON BEACH,ORANGE,92647,high,license_number,01-31-2028,Physical Therapist
PT,299897,STACEY WONG,DPT,714-979-3500,,1801473731,1520 NUTMEG PL STE 111,COSTA MESA,CA,92626,SANTA ANA,ORANGE,92704,high,license_number,08-31-2028,Physical Therapist
PT,27122,STACY IDA ROSE COBBS,P.T.,714-870-6116,,1821381120,233 ORANGEFAIR MALL,FULLERTON,CA,92832,BREA,ORANGE,92821,high,license_number,08-31-2027,Physical Therapist
PT,25049,STACY KURIHARA,MPT,714-347-0300,,1285686600,200 W SANTA ANA BLVD,SANTA ANA,CA,92701,FOUNTAIN VALLEY,ORANGE,92708,high,license_number,10-31-2027,Physical Therapist
PT,25801,STACY LEE HOOD,PT,714-454-0069,,1760107825,10 SURFSIDE CT,NEWPORT BEACH,CA,92663,NEWPORT BEACH,ORANGE,92663,high,license_number,01-31-2028,Physical Therapist
PT,292131,STACY PENSINGER,,714-847-8751,,1386193647,7921 PROFESSIONAL CIR,HUNTINGTON BEACH,CA,92648,HUNTINGTON BEACH,ORANGE,92646,high,license_number,05-31-2028,Physical Therapist
PT,293967,STAPHANY LAO,"PT, DPT",949-752-2227,,1629583729,16305 SAND CANYON AVE STE 210,IRVINE,CA,92618,IRVINE,ORANGE,92618,high,license_number,05-31-2027,Physical Therapist
PT,302143,STEFANIE SARMIENTO,DPT,949-317-4454,,1790424364,24050 ALISO CREEK RD STE 1C,LAGUNA NIGUEL,CA,92677,IRVINE,ORANGE,92602,medium,name_initial_zip,03-31-2028,Physical Therapist
PT,11894,STELLA DEL ROCIO VARGAS,PT,714-993-3222,,1275657199,1535 DEERPARK DR,FULLERTON,CA,92831,ANAHEIM,ORANGE,92801,high,license_number,08-31-2028,Physical Therapist
PT,297540,STEPHAN YANG,"PT, DPT, CSCS, CAFS",714-847-3800,,1790317790,6930 WARNER AVE,HUNTINGTON BEACH,CA,92647,TUSTIN,ORANGE,92782,high,license_number,02-28-2027,Physical Therapist
PT,298726,STEPHANIE CHAN,,714-798-7900,,1194330753,10601 WALKER ST STE 200,CYPRESS,CA,90630,CYPRESS,ORANGE,90630,high,license_number,02-29-2028,Physical Therapist
PT,300527,STEPHANIE CHOU,,855-901-7742,,1346913043,17075 BUSHARD ST,FOUNTAIN VALLEY,CA,92708,GARDEN GROVE,ORANGE,92844,medium,name_exact,08-31-2027,Physical Therapist
PT,43446,STEPHANIE CLEMENTS,,949-631-9009,,1184099608,2216 NEWPORT BLVD,COSTA MESA,CA,92627,COSTA MESA,ORANGE,92627,high,license_number,03-31-2027,Physical Therapist
PT,26200,STEPHANIE DJANG,"PT, MPT, CHT",714-361-6180,,1073675435,1601 E SAINT ANDREW PL,SANTA ANA,CA,92705,COSTA MESA,ORANGE,92626,high,license_number,01-31-2027,Physical Therapist
PT,301680,STEPHANIE MA,,714-646-8318,,1144965609,740 S PLACENTIA AVE,PLACENTIA,CA,92870,ORANGE,ORANGE,92865,high,license_number,12-31-2027,Physical Therapist
PT,32660,STEPHANIE MARIE HATCH,"MPT, ATC",949-459-9010,,1770684029,29803 SANTA MARGARITA PKWY,RANCHO SANTA MARGARITA,CA,92688,TRABUCO CANYON,ORANGE,92679,high,license_number,08-31-2027,Physical Therapist
PT,304173,STEPHANIE MARIE MCGEE,DPT,650-497-8000,,1437781168,725 WELCH RD,PALO ALTO,CA,94304,LOS ALAMITOS,ORANGE,90720,high,license_number,03-31-2027,Physical Therapist
PT,291235,STEPHANIE MCARDLE KUNKEL,DPT,800-826-4673,,1467007914,1500 DUARTE RD,DUARTE,CA,91010,YORBA LINDA,ORANGE,92887,high,license_number,12-31-2027,Physical Therapist
PT,40726,STEPHANIE MICHELLE PRICE,PT,562-988-3570,,1386075547,3294 E SPRING ST,LONG BEACH,CA,90806,CYPRESS,ORANGE,90630,high,license_number,09-30-2027,Physical Therapist
PT,24951,STEPHANIE OVERBAUGH,MPT,949-595-0700,,1295959153,23131 LAKE CENTER DR STE D,LAKE FOREST,CA,92630,IRVINE,ORANGE,92620,high,license_number,01-31-2028,Physical Therapist
PT,28828,STEPHANIE YUSUN CHOI,DPT,949-929-6592,,1497218358,4321 MOLINO,IRVINE,CA,92618,IRVINE,ORANGE,92620,high,license_number,05-31-2027,Physical Therapist
PT,9849,STEPHEN CROUSE,rpt,714-491-3670,,1467463372,1211 W LA PALMA AVE STE 506,ANAHEIM,CA,92801,YORBA LINDA,ORANGE,92886,medium,name_exact,03-31-2027,Physical Therapist
PT,301232,STEPHEN J KIM,DPT,562-945-1587,,1972266096,15141 WHITTIER BLVD STE 100,WHITTIER,CA,90603,BREA,ORANGE,92821,high,license_number,10-31-2027,Physical Therapist
PT,22883,STEPHEN PARSONS,"PT, DPT",828-641-0101,,1487515599,273 TUNNEL RD,ASHEVILLE,NC,28805,TUSTIN,ORANGE,92782,high,license_number,12-31-2027,Physical Therapist
PT,42851,STEPHEN THORNHILL,DPT,917-667-1792,,1992327100,1430 W RIVER LN,SANTA ANA,CA,92706,SANTA ANA,ORANGE,92706,high,license_number,08-31-2027,Physical Therapist
PT,22029,STEVE AVILES,"MPT, ATC",909-861-3511,,1255436895,1370 VALLEY VISTA DR STE 145,DIAMOND BAR,CA,91765,ORANGE,ORANGE,92867,high,license_number,08-31-2028,Physical Therapist
PT,299036,STEVEN KIRIN,Physical Therapy,949-764-4624,,1952908147,1 HOAG DR,NEWPORT BEACH,CA,92663,HUNTINGTON BEACH,ORANGE,92647,high,license_number,06-30-2028,Physical Therapist
PT,14204,STEVEN LEE ITRICH,P.T.,949-349-9555,,1881707792,2 JOURNEY STE 101,ALISO VIEJO,CA,92656,IRVINE,ORANGE,92614,high,license_number,09-30-2026,Physical Therapist
PT,293115,STEVEN M CHARBONNET,Physical Therapy,888-859-0145,,1780105429,6080 CENTER DR FL 6,LOS ANGELES,CA,90045,IRVINE,ORANGE,92620,high,license_number,01-31-2027,Physical Therapist
PT,26515,STEVEN M YUN,PT,323-857-2000,,1639377534,6041 CADILLAC AVE,LOS ANGELES,CA,90034,ORANGE,ORANGE,92867,high,license_number,12-31-2026,Physical Therapist
PT,39964,STEVEN MICHAELI EGNER,"PT, DPT, CSCS",714-644-2050,,1649512427,3460 E LA PALMA AVE,ANAHEIM,CA,92806,FOUNTAIN VALLEY,ORANGE,92708,high,license_number,03-31-2028,Physical Therapist
PT,297515,STEVEN T DU,PT,714-696-4694,,1396382180,10411 DAKOTA AVE,GARDEN GROVE,CA,92843,GARDEN GROVE,ORANGE,92843,medium,name_exact,09-30-2027,Physical Therapist
PT,297556,STEVEN TU NGUYEN,PT DPT,619-797-1190,,1639716186,8388 PARKWAY DR,LA MESA,CA,91942,SANTA ANA,ORANGE,92704,high,license_number,09-30-2027,Physical Therapist
PT,297947,STUTI H DIXIT,"PT, MPT",949-742-7279,,1063052744,27601 FORBES RD STE 21,LAGUNA NIGUEL,CA,92677,LAGUNA NIGUEL,ORANGE,92677,high,license_number,09-30-2027,Physical Therapist
PT,306847,SUHYUN LIM,,714-646-8318,,1932935772,740 S PLACENTIA AVE,PLACENTIA,CA,92870,GARDEN GROVE,ORANGE,92844,high,license_number,08-31-2028,Physical Therapist
PT,291217,SUJATHA RAO PASUPULETI,,866-414-0448,,1740649953,330 GOLDEN SHR STE 250,LONG BEACH,CA,90802,IRVINE,ORANGE,92602,medium,name_exact,07-31-2027,Physical Therapist
PT,32148,SUNG HWAN BAE,DPT,310-665-7100,,1336219526,11601 WILSHIRE BLVD,LOS ANGELES,CA,90025,RANCHO MISSION VIEJO,ORANGE,92694,medium,name_exact,01-31-2027,Physical Therapist
PT,42303,SUNG JIN KIM,DPT,714-475-1400,,1861887747,1706 W ORANGETHORPE AVE STE F,FULLERTON,CA,92833,NORTH TUSTIN,ORANGE,92705,high,license_number,04-30-2028,Physical Therapist
PT,6659,SURINDER P. BRAR,P.T.,949-349-0911,,1255367785,36 LA MIRAGE CIR,ALISO VIEJO,CA,92656,ALISO VIEJO,ORANGE,92656,high,license_number,08-31-2028,Physical Therapist
PT,23833,SUSAN ALEXANDRA HARBOUR,M.P.T.,949-459-1658,,1285992453,30252 TOMAS,RANCHO SANTA MARGARITA,CA,92688,SANTA ANA,ORANGE,92705,high,license_number,08-31-2028,Physical Therapist
PT,18419,SUSAN BRAY,"MS, PT",714-401-9150,,1891157020,19691 HIGHRIDGE WAY,TRABUCO CANYON,CA,92679,TRABUCO CANYON,ORANGE,92679,high,license_number,03-31-2028,Physical Therapist
PT,25222,SUSAN CINCO,,619-886-5240,,1417372236,15102 TOURAINE WAY,IRVINE,CA,92604,IRVINE,ORANGE,92604,high,license_number,02-29-2028,Physical Therapist
PT,18338,SUSAN EVEREST,PT,866-839-6979,,1063236024,16185 LOS GATOS BLVD STE 205,LOS GATOS,CA,95032,FULLERTON,ORANGE,92831,high,license_number,07-31-2028,Physical Therapist
PT,28340,SUSAN IRENE SOMERNDIKE,MPT,714-974-5911,,1164725347,1660 N KLAMATH PL,ORANGE,CA,92867,VILLA PARK,ORANGE,92861,high,license_number,09-30-2026,Physical Therapist
PT,36552,SUSAN K. NGUYEN,,714-221-2250,,1700104809,1801 E CHAPMAN AVE,ORANGE,CA,92867,LAKE FOREST,ORANGE,92630,high,license_number,05-31-2027,Physical Therapist
PT,16090,SUSAN MARIE CULHANE,P.T.,714-834-5015,,1528239837,200 W SANTA ANA BLVD,SANTA ANA,CA,92701,HUNTINGTON BEACH,ORANGE,92646,high,license_number,09-30-2027,Physical Therapist
PT,16776,SUSAN MARIE SACHER,PT,949-468-6999,,1730453945,15292 NORMANDIE AVE,IRVINE,CA,92604,IRVINE,ORANGE,92604,high,license_number,09-30-2027,Physical Therapist
PT,14230,SUSAN OKAZAKI,PT,310-222-2453,,1225552730,1000 W CARSON ST # 13,TORRANCE,CA,90502,CYPRESS,ORANGE,90630,high,license_number,09-30-2026,Physical Therapist
PT,18793,SUSAN PETERSEN,M.P.T,714-580-2868,,1235508581,2012 PHALAROPE CT,COSTA MESA,CA,92626,HUNTINGTON BEACH,ORANGE,92648,high,license_number,08-31-2028,Physical Therapist
PT,39754,SUSAN ROTHERY ROTHERY WEBER,PT,310-328-0276,,1790119386,1815 W 213TH ST,TORRANCE,CA,90501,CYPRESS,ORANGE,90630,high,license_number,10-31-2026,Physical Therapist
PT,11468,SUSAN ROULEAU,PT,714-893-7399,,1841425642,11105 KNOTT AVE,CYPRESS,CA,90630,LOS ALAMITOS,ORANGE,90720,high,license_number,10-31-2026,Physical Therapist
PT,36259,SUSAN VARGHESE MAMMEN,,949-727-2192,,1164752564,22 ODYSSEY,IRVINE,CA,92618,BREA,ORANGE,92821,high,license_number,06-30-2027,Physical Therapist
PT,41677,SUSANNE CARVALHO,dpt,413-214-3368,,1043617426,30 PLATINUM CIR,LADERA RANCH,CA,92694,IRVINE,ORANGE,92618,high,license_number,05-31-2028,Physical Therapist
PT,292199,SUZANNE B MARTIN,PT,760-325-5950,,1245319862,552 S PASEO DOROTEA STE 4,PALM SPRINGS,CA,92264,ORLANDO,ORANGE,32825,high,license_number,09-30-2028,Physical Therapist
PT,19955,SUZANNE ELIZABETH LEWIS,PT,949-929-1055,,1477601722,1001 W 17TH ST,COSTA MESA,CA,92627,NEWPORT BEACH,ORANGE,92663,high,license_number,05-31-2028,Physical Therapist
PT,14692,SUZANNE JOYCE ROH-FREEMAN,PT,714-847-3800,,1922083013,6930 WARNER AVE,HUNTINGTON BEACH,CA,92647,SAN CLEMENTE,ORANGE,92672,high,license_number,10-31-2027,Physical Therapist
PT,24399,SUZANNE JUDD BORGQUIST,MPT,714-847-8751,,1801801295,7921 PROFESSIONAL CIR,HUNTINGTON BEACH,CA,92648,HUNTINGTON BEACH,ORANGE,92648,high,license_number,12-31-2026,Physical Therapist
PT,38015,SUZANNE MARIE BECKER,"PT, DPT, SCS",714-907-9090,,1124315288,10900 WARNER AVE,FOUNTAIN VALLEY,CA,92708,LAGUNA NIGUEL,ORANGE,92677,high,license_number,12-31-2026,Physical Therapist
PT,13503,SUZANNE MARIE BUCHANAN-PERRY,P.T.,949-472-2242,,1992842843,27442 PORTOLA PKWY,FOOTHILL RANCH,CA,92610,TRABUCO CANYON,ORANGE,92679,high,license_number,09-30-2027,Physical Therapist
PT,25742,SWATI M. PATEL,D.P.T,714-255-8877,,1861699035,471 W LAMBERT RD,BREA,CA,92821,BREA,ORANGE,92821,high,license_number,01-31-2028,Physical Therapist
PT,35302,SWATI MULCHAND KENIA,PT,949-727-2192,,1073753844,22 ODYSSEY,IRVINE,CA,92618,TUSTIN,ORANGE,92782,high,license_number,03-31-2028,Physical Therapist
PT,27760,SWETA J RANAWAT,R.P.T,714-914-8268,,1194865592,11670 ALLEN,TUSTIN,CA,92782,TUSTIN,ORANGE,92782,high,license_number,03-31-2028,Physical Therapist
PT,303765,SYDNEY MAYUMI CABELLON,DPT,949-250-1112,,1689372781,2777 BRISTOL ST STE B,COSTA MESA,CA,92626,COSTA MESA,ORANGE,92626,medium,name_exact,05-31-2028,Physical Therapist
PT,295518,SYDNEY SUZANNE BARDZILOWSKI,"PT, DPT",714-744-4400,,1649753922,3626 E CHAPMAN AVE,ORANGE,CA,92869,SANTA ANA,ORANGE,92705,high,license_number,03-31-2028,Physical Therapist
PT,34285,TAE HO LEE,DPT,714-257-5551,,1316111032,546 S BREA BLVD,BREA,CA,92821,BREA,ORANGE,92821,high,license_number,07-31-2027,Physical Therapist
PT,35638,TAKAKO NISHIMOTO,MPT,714-835-3500,,1811216963,1206 E 17TH ST,SANTA ANA,CA,92701,ANAHEIM,ORANGE,92808,high,license_number,02-28-2027,Physical Therapist
PT,297123,TALIA A DOMINELLO,DPT,949-644-2022,,1649828302,19732 MACARTHUR BLVD STE 125,IRVINE,CA,92612,NEWPORT BEACH,ORANGE,92660,high,license_number,12-31-2026,Physical Therapist
PT,303157,TALYA DANIELLE CISNEROS,"PT, DPT",949-206-1700,,1760104715,26302 LA PAZ RD STE 105,MISSION VIEJO,CA,92691,NEWPORT BEACH,ORANGE,92660,medium,name_exact,04-30-2028,Physical Therapist
PT,301951,TAMANNA ROHAN MAHADIK,PT,714-979-3500,,1174809057,1520 NUTMEG PL STE 111,COSTA MESA,CA,92626,IRVINE,ORANGE,92614,high,license_number,12-31-2027,Physical Therapist
PT,34803,TAMARA BALDWIN MALONE,,949-389-8500,,1912466079,3 PURSUIT,ALISO VIEJO,CA,92656,SUNSET BEACH,ORANGE,90742,high,license_number,11-30-2027,Physical Therapist
PT,22634,TAMI J PAYNE,PT,562-799-4494,,1497842942,3662 KATELLA AVE,LOS ALAMITOS,CA,90720,LOS ALAMITOS,ORANGE,90720,high,license_number,01-31-2027,Physical Therapist
PT,39877,TAMMY SALAM,D.P.T,562-421-1008,,1477221356,5220 CLARK AVE SUITE 205,LAKEWOOD,CA,90712,LAGUNA NIGUEL,ORANGE,92677,high,license_number,06-30-2028,Physical Therapist
PT,296919,TANNER BENNETT SMITH,"PT, DPT",949-713-6445,,1104471523,23121 ANTONIO PKWY STE 100,RANCHO SANTA MARGARITA,CA,92688,ORANGE,ORANGE,92869,high,license_number,01-31-2027,Physical Therapist
PT,304837,TANNER RAVIZE,DPT,949-502-3388,,1538939236,1600 DOVE ST STE 100,NEWPORT BEACH,CA,92660,HUNTINGTON BEACH,ORANGE,92648,high,license_number,11-30-2026,Physical Therapist
PT,32763,TANYA LEIGH MACLEOD,"PT, DPT",310-663-5546,,1447297262,10585 SANTA MONICA BLVD,LOS ANGELES,CA,90025,NEWPORT BEACH,ORANGE,92660,high,license_number,01-31-2028,Physical Therapist
PT,26600,TARA ANN HAKALA,M.P.T.,562-400-8250,,1710002928,11462 KENSINGTON RD,LOS ALAMITOS,CA,90720,LOS ALAMITOS,ORANGE,90720,high,license_number,05-31-2027,Physical Therapist
PT,292886,TARA COLLEEN OBRIEN,"PT, DPT",909-706-8898,,1255884797,1294 W 6TH ST STE 101,SAN PEDRO,CA,90731,SAN CLEMENTE,ORANGE,92673,high,license_number,04-30-2028,Physical Therapist
PT,42717,TARA KRISTIN REINHARDT,DPT,310-994-1182,,1417488552,417 OCEAN AVE APT 2,SEAL BEACH,CA,90740,SEAL BEACH,ORANGE,90740,high,license_number,10-31-2028,Physical Therapist
PT,28561,TARA MEGAN POLLAK,"DPT, CSCS",949-443-5442,,1144209099,31271 NIGUEL RD STE J,LAGUNA NIGUEL,CA,92677,ALISO VIEJO,ORANGE,92656,high,license_number,12-31-2026,Physical Therapist
PT,297586,TARYN HUIBSCH,"PT, DPT",913-526-4167,,1285273524,20301 SW BIRCH ST STE 201,NEWPORT BEACH,CA,92660,IRVINE,ORANGE,92612,high,license_number,05-31-2027,Physical Therapist
PT,299014,TASHI PALDON BHUTIA,PT,844-316-7979,,1396293684,2700 N MAIN ST STE 150,SANTA ANA,CA,92705,WESTMINSTER,ORANGE,92683,medium,name_exact,12-31-2027,Physical Therapist
PT,298084,TATIANA NAZAROFF,,310-465-4243,,1821621665,23430 HAWTHORNE BLVD,TORRANCE,CA,90505,GARDEN GROVE,ORANGE,92843,high,license_number,04-30-2027,Physical Therapist
PT,298700,TAYLOR KONDO HENDERSON,"PT, DPT",949-229-0170,,1356952576,25255 CABOT RD STE 112,LAGUNA HILLS,CA,92653,LAGUNA HILLS,ORANGE,92653,high,license_number,07-31-2028,Physical Therapist
PT,303633,TAYLOR MORRIS,"PT, DPT",714-939-6200,,1104523133,415 W TAFT AVE STE E,ORANGE,CA,92865,LA HABRA HEIGHTS,ORANGE,90631,high,license_number,07-31-2028,Physical Therapist
PT,295448,TAYLOR STUCKLY,"PT, DPT",657-600-8320,,1518441468,1500 ADAMS AVE STE 104A,COSTA MESA,CA,92626,HUNTINGTON BEACH,ORANGE,92646,high,license_number,03-31-2028,Physical Therapist
PT,32475,TEMPLE JELLERSON,"PT, MPT, NCS, PCS",714-647-0300,,1366711467,200 W SANTA ANA BLVD STE 100,SANTA ANA,CA,92701,HUNTINGTON BEACH,ORANGE,92646,high,license_number,01-31-2027,Physical Therapist
PT,11970,TERENCE LEE LAWSON,P.T.,800-515-4552,,1770849788,7707 BROADACRE PL,RIVERSIDE,CA,92504,SAN CLEMENTE,ORANGE,92672,high,license_number,02-28-2027,Physical Therapist
PT,300984,TERESA CATHERINE MITCHELL,"PT, DPT",949-340-6927,,1952070864,18 ENDEAVOR STE 105,IRVINE,CA,92618,IRVINE,ORANGE,92618,high,license_number,11-30-2026,Physical Therapist
PT,18565,TERESA M BROWN,PT,888-988-2800,,1215135777,411 N LAKEVIEW AVE,ANAHEIM,CA,92807,WESTMINSTER,ORANGE,92683,high,license_number,11-30-2027,Physical Therapist
PT,13566,TERI GAIL TACHIBANA,PT,949-443-5442,,1154833457,31271 NIGUEL RD STE J,LAGUNA NIGUEL,CA,92677,LAGUNA NIGUEL,ORANGE,92677,high,license_number,11-30-2027,Physical Therapist
PT,27121,TERRY A RIKER,DPT,714-848-1655,,1043353543,17742 BEACH BLVD STE 215,HUNTINGTON BEACH,CA,92647,NEWPORT BEACH,ORANGE,92660,high,license_number,07-31-2027,Physical Therapist
PT,304450,TERYN ANTHONY COLLINS,,562-420-2112,,1124597901,4195 N VIKING WAY STE F&G,LONG BEACH,CA,90808,LA PALMA,ORANGE,90623,high,license_number,12-31-2026,Physical Therapist
PT,301302,THALIA CHAN,,951-314-4480,,1346909074,1603 CHEROKEE RD,CORONA,CA,92881,LAGUNA BEACH,ORANGE,92651,high,license_number,03-31-2027,Physical Therapist
PT,36022,THAO PHAM,DPT,714-347-0300,,1134426745,200 W SANTA ANA BLVD. #100,SANTA ANA,CA,92701,ORANGE,ORANGE,92865,high,license_number,04-30-2027,Physical Therapist
PT,305182,THEO PEREZ,"PT, DPT",760-489-1969,,1912772773,457 N ELM ST,ESCONDIDO,CA,92025,MISSION VIEJO,ORANGE,92691,high,license_number,05-31-2027,Physical Therapist
PT,32401,THERESA DE GUZMAN HONORES,DPT,818-926-9057,,1679108625,31248 OAK CREST DR STE 120,WESTLAKE VILLAGE,CA,91361,ANAHEIM,ORANGE,92805,high,license_number,08-31-2027,Physical Therapist
PT,24356,THERESA T. NGUYEN,M.P.T.,661-424-9333,,1922166800,27141 HIDAWAY AVE,SANTA CLARITA,CA,91351,LAKE FOREST,ORANGE,92630,high,license_number,06-30-2027,Physical Therapist
PT,309108,THI QUYNH HUONG NGUYEN,,949-551-3860,,1033096789,13001 SEAL BEACH BLVD STE 100,SEAL BEACH,CA,90740,FOUNTAIN VALLEY,ORANGE,92708,medium,name_exact,06-30-2027,Physical Therapist
PT,302329,THINH TRUONG,PT,619-515-2400,,1265955025,5454 EL CAJON BLVD,SAN DIEGO,CA,92115,WESTMINSTER,ORANGE,92683,high,license_number,09-30-2027,Physical Therapist
PT,20058,THOMAS ANDREW HENDRICKX,"MPT,OCS,CSCS",949-475-5777,,1134336548,2290 SE BRISTOL ST,NEWPORT BEACH,CA,92660,IRVINE,ORANGE,92612,high,license_number,04-30-2028,Physical Therapist
PT,295544,THOMAS FECK,"PT, DPT",949-713-6445,,1477028645,23121 ANTONIO PKWY STE 100,RANCHO SANTA MARGARITA,CA,92688,HUNTINGTON BEACH,ORANGE,92646,high,license_number,09-30-2026,Physical Therapist
PT,43286,THOMAS HOAN DINH,D.P.T.,714-966-2950,,1124486311,2755 BRISTOL ST STE 130,COSTA MESA,CA,92626,COSTA MESA,ORANGE,92626,high,license_number,12-31-2026,Physical Therapist
PT,37650,THOMAS LOWELL WARNER,PT,714-964-3337,,1902105000,10900 WARNER AVE STE 111,FOUNTAIN VALLEY,CA,92708,SANTA ANA,ORANGE,92704,high,license_number,10-31-2026,Physical Therapist
PT,294649,THOMAS N DAO,DPT,818-774-3135,,1255989208,18855 VICTORY BLVD,RESEDA,CA,91335,PLACENTIA,ORANGE,92870,high,license_number,01-31-2028,Physical Therapist
PT,299407,THUY-VI LE,,949-340-6927,,1629670252,23141 MOULTON PKWY STE 111,LAGUNA HILLS,CA,92653,ANAHEIM,ORANGE,92806,medium,name_exact,01-31-2028,Physical Therapist
PT,304037,THY MINH BUI,,714-546-4233,,1255023115,3100 W WARNER AVE,SANTA ANA,CA,92704,IRVINE,ORANGE,92618,high,license_number,03-31-2027,Physical Therapist
PT,300773,TIANA RINGER,PT,310-895-4518,,1831866854,7825 LORI DR,HUNTINGTON BEACH,CA,92648,HUNTINGTON BEACH,ORANGE,92648,high,license_number,09-30-2028,Physical Therapist
PT,21215,TIEN JUSTIN LE,P.T.,714-748-6133,,1285686782,4201 W CHAPMAN AVE,ORANGE,CA,92868,TUSTIN,ORANGE,92782,high,license_number,10-31-2027,Physical Therapist
PT,39102,TIERNEY MARIE LOVELAND-GRACE,DPT,414-687-1719,,1598158362,10262 LA HACIENDA AVE,FOUNTAIN VALLEY,CA,92708,FOUNTAIN VALLEY,ORANGE,92708,high,license_number,11-30-2027,Physical Therapist
PT,24782,TIFFANY ANN GORDON,,949-218-7635,,1992959795,53 VIBURNUM WAY,LADERA RANCH,CA,92694,LADERA RANCH,ORANGE,92694,high,license_number,02-28-2027,Physical Therapist
PT,38977,TIFFANY LYNN PANICK,P.T.,949-635-6995,,1619236346,35 BERLAMO,RANCHO SANTA MARGARITA,CA,92688,RANCHO SANTA MARGARI,ORANGE,92688,high,license_number,02-29-2028,Physical Therapist
PT,295863,TIFFANY NG,,949-936-5000,,1588138101,5050 BARRANCA PKWY,IRVINE,CA,92604,HUNTINGTON BEACH,ORANGE,92646,high,license_number,07-31-2028,Physical Therapist
PT,296266,TIFFANY NICOLE MORI ERICKSON,"PT, DPT",714-968-0068,,1073079059,19066 MAGNOLIA ST,HUNTINGTON BEACH,CA,92646,HUNTINGTON BEACH,ORANGE,92649,high,license_number,12-31-2026,Physical Therapist
PT,42070,TIFFANY POE,"PT, DPT",310-371-8555,,1013314400,21615 HAWTHORNE BLVD,TORRANCE,CA,90503,IRVINE,ORANGE,92618,medium,name_exact,04-30-2028,Physical Therapist
PT,33689,TIJU THOMAS,,714-644-2000,,1063991115,3440 E LA PALMA AVE,ANAHEIM,CA,92806,ANAHEIM,ORANGE,92807,high,license_number,12-31-2026,Physical Therapist
PT,24719,TIM DAVID COWELL,P.T.,949-366-6785,,1952467201,901 CALLE AMANECER STE 320,SAN CLEMENTE,CA,92673,ALISO VIEJO,ORANGE,92656,high,license_number,08-31-2027,Physical Therapist
PT,22189,TIM J DODSON,PT,888-988-2800,,1619175502,4201 W CHAPMAN AVE,ORANGE,CA,92868,ORANGE,ORANGE,92869,high,license_number,05-31-2028,Physical Therapist
PT,19033,TIMOTHY JAMES CARLSON,RPT,949-713-7939,,1659392041,8 YELLOWPINE LN,TRABUCO CANYON,CA,92679,TRABUCO CANYON,ORANGE,92679,high,license_number,03-31-2027,Physical Therapist
PT,27996,TIMOTHY JOHN HUNTINGTON,P.T.,951-600-8024,,1740238831,41555 CHERRY ST,MURRIETA,CA,92562,NEWPORT BEACH,ORANGE,92663,high,license_number,01-31-2027,Physical Therapist
PT,28170,TIMOTHY LORENZO,,562-865-0271,,1720476583,11900 ARTESIA BLVD,ARTESIA,CA,90701,ANAHEIM,ORANGE,92804,high,license_number,11-30-2026,Physical Therapist
PT,304144,TIMOTHY PHAN,"PT, DPT",949-265-2442,,1992482178,250 E YALE LOOP STE 201,IRVINE,CA,92604,ANAHEIM,ORANGE,92804,high,license_number,05-31-2027,Physical Therapist
PT,310750,TIMOTHY RITHY MANN,"PT, DPT",949-777-5301,,1013824036,17872 GILLETTE AVE STE 210,IRVINE,CA,92614,BUENA PARK,ORANGE,90621,high,license_number,02-29-2028,Physical Therapist
PT,37351,TIMOTHY SNYDER,DPT,323-719-7140,,1275821985,644 BLUEBIRD CANYON DR,LAGUNA BEACH,CA,92651,LAGUNA NIGUEL,ORANGE,92677,high,license_number,04-30-2028,Physical Therapist
PT,19558,TINA CRALLEY,P.T.,714-743-8537,,1801282330,5821 SUNMIST DR,YORBA LINDA,CA,92886,YORBA LINDA,ORANGE,92886,high,license_number,11-30-2027,Physical Therapist
PT,292393,TINA FORSYTHE,"PT, DPT",908-334-3796,,1730620964,5927 E CREEKSIDE AVE,ORANGE,CA,92869,ORANGE,ORANGE,92868,high,license_number,10-31-2026,Physical Therapist
PT,291119,TINA LEE,,714-893-7399,,1073067104,11205 KNOTT AVE STE E,CYPRESS,CA,90630,FULLERTON,ORANGE,92831,high,license_number,09-30-2027,Physical Therapist
PT,28250,TINI D DO,DPT,714-530-2364,,1528089182,10882 WESTMINSTER AVE,GARDEN GROVE,CA,92843,IRVINE,ORANGE,92618,high,license_number,01-31-2027,Physical Therapist
PT,27486,TODD A LESLIE,MPT,619-585-0977,,1467654707,985 BROADWAY,CHULA VISTA,CA,91911,SAN CLEMENTE,ORANGE,92672,high,license_number,05-31-2028,Physical Therapist
PT,40453,TODD BUI,"PT, DPT, ATC",310-371-8555,,1285068494,21615 HAWTHORNE BLVD,TORRANCE,CA,90503,SANTA ANA,ORANGE,92705,high,license_number,03-31-2027,Physical Therapist
PT,12688,TOMISLAV ANDRO SIMUNOVIC,r.p.t,213-383-0191,,1629144472,2140 W OLYMPIC BLVD,LOS ANGELES,CA,90006,LA HABRA,ORANGE,90631,high,license_number,11-30-2026,Physical Therapist
PT,35420,TONY M TRAN,D.P.T.,714-350-8251,,1568777266,1011 BALDWIN PARK BLVD,BALDWIN PARK,CA,91706,ANAHEIM,ORANGE,92806,high,license_number,11-30-2026,Physical Therapist
PT,37097,TONY YANG,DPT,562-283-8223,,1255635561,4021 ORANGE AVE,CYPRESS,CA,90630,IRVINE,ORANGE,92612,high,license_number,06-30-2028,Physical Therapist
PT,293290,TOREY JAMES PEREZ,DPT,949-679-3988,,1366966137,1 PETERS CANYON RD STE 120,IRVINE,CA,92606,LAGUNA HILLS,ORANGE,92653,high,license_number,02-28-2027,Physical Therapist
PT,24357,TRACE PATRIC POWER,PT,949-679-3988,,1265455240,1 PETERS CANYON RD,IRVINE,CA,92606,SAN CLEMENTE,ORANGE,92673,high,license_number,04-30-2027,Physical Therapist
PT,24041,TRACY AKINS ALDOUS,"DPT, OCS",310-433-9255,,1538196415,6932 SPICKARD DR,HUNTINGTON BEACH,CA,92647,HUNTINGTON BEACH,ORANGE,92647,high,license_number,03-31-2027,Physical Therapist
PT,14866,TRACY L BLUM,PT,949-933-2586,,1851434955,17 COASTAL OAK,ALISO VIEJO,CA,92656,ALISO VIEJO,ORANGE,92656,high,license_number,05-31-2027,Physical Therapist
PT,27089,TRACY LYNN BARDEN,MPT,714-743-6626,,1073640934,4911 WARNER AVE STE 221,HUNTINGTON BEACH,CA,92649,HUNTINGTON BEACH,ORANGE,92649,high,license_number,05-31-2027,Physical Therapist
PT,34431,TRAVIS JAMES MORISOLI,,714-485-7642,,1689852899,250 EL CAMINO REAL STE 100,TUSTIN,CA,92780,LAKE FOREST,ORANGE,92630,high,license_number,11-30-2027,Physical Therapist
PT,41731,TRAVIS WILLIAM LEONG,"PT, DPT",714-256-5074,,1861787871,1800 E LAMBERT RD,BREA,CA,92821,IRVINE,ORANGE,92606,high,license_number,04-30-2028,Physical Therapist
PT,302983,TRENT SHAW,PT,949-716-5050,trent@ocsportsandrehab.com,1861100356,26691 PLAZA STE 201,MISSION VIEJO,CA,92691,SAN CLEMENTE,ORANGE,92672,high,license_number,05-31-2028,Physical Therapist
PT,41057,TREVOR LAPAGLIA,,568-826-5578,,1073928636,5901 E 7TH ST # P117,LONG BEACH,CA,90822,IRVINE,ORANGE,92603,high,license_number,02-29-2028,Physical Therapist
PT,29984,TRICIA AYA WONG ASHIMINE,D.P.T.,714-647-0300,,1598794703,200 W SANTA ANA BLVD,SANTA ANA,CA,92701,LAKE FOREST,ORANGE,92630,high,license_number,08-31-2028,Physical Therapist
PT,34316,TRICIA T THOMS,"DPT, ATC",310-376-9222,,1538346978,520 N PROSPECT AVE,REDONDO BEACH,CA,90277,ORANGE,ORANGE,92869,high,license_number,09-30-2027,Physical Therapist
PT,33356,TRINA GWENDOLYN MANN,DPT,415-383-1669,,1730247347,23 REED BLVD,MILL VALLEY,CA,94941,HUNTINGTON BEACH,ORANGE,92648,high,license_number,09-30-2026,Physical Therapist
PT,307664,TRINA PHAM,DPT,818-975-8203,,1639978125,18607 VENTURA BLVD STE 106,TARZANA,CA,91356,ANAHEIM,ORANGE,92804,high,license_number,12-31-2026,Physical Therapist
PT,23087,TRISHA LENT GRINDSTAFF,"PT, ATC",714-747-4231,,1427064682,22161 MALIBU LN,HUNTINGTON BEACH,CA,92646,HUNTINGTON BEACH,ORANGE,92646,high,license_number,10-31-2027,Physical Therapist
PT,14233,TRISHA SUZANNE HOYT,PT,949-305-8812,,1700906310,23838 SKYLINE,MISSION VIEJO,CA,92692,MISSION VIEJO,ORANGE,92692,high,license_number,11-30-2026,Physical Therapist
PT,292293,TRONG NGUYEN,DPT,310-246-1050,,1487197711,9201 W SUNSET BLVD,WEST HOLLYWOOD,CA,90069,ANAHEIM,ORANGE,92808,high,license_number,02-29-2028,Physical Therapist
PT,34075,TROY KURTZ,DPT,909-888-1600,,1578718599,1560 N D ST,SAN BERNARDINO,CA,92405,CYPRESS,ORANGE,90630,medium,name_exact,10-31-2027,Physical Therapist
PT,33660,TRUNG THANH PHAM,,562-826-8000,,1063623122,5901 E 7TH ST,LONG BEACH,CA,90822,PLACENTIA,ORANGE,92870,high,license_number,01-31-2027,Physical Therapist
PT,40700,TRUSHA MEHTA,P.T,714-947-1215,,1366864878,312 W CERRITOS AVE,ANAHEIM,CA,92805,BUENA PARK,ORANGE,90620,high,license_number,04-30-2027,Physical Therapist
PT,296605,TU ANH CHRISTINE NGUYEN,DPT,657-600-8320,,1922663962,8101 NEWMAN AVE STE C,HUNTINGTON BEACH,CA,92647,HUNTINGTON BEACH,ORANGE,92647,high,license_number,11-30-2026,Physical Therapist
PT,38204,TUAN ANH NICK NGUYEN,DPT,949-679-3337,,1043595085,4482 BARRANCA PKWY,IRVINE,CA,92604,MIDWAY CITY,ORANGE,92655,high,license_number,03-31-2027,Physical Therapist
PT,27861,TUAN ANH PHAM,D.P.T.,714-705-5372,,1942251905,9191 WESTMINSTER AVE,GARDEN GROVE,CA,92844,GARDEN GROVE,ORANGE,92844,high,license_number,09-30-2028,Physical Therapist
PT,309814,TWINKLE PATEL,DPT,609-457-3782,,1760339881,1578 TOPEKA AVE UNIT 10,PLACENTIA,CA,92870,PLACENTIA,ORANGE,92870,high,license_number,03-31-2027,Physical Therapist
PT,14455,TY L ALLEN,DPT,919-550-7200,,1063679074,195 SPRINGBROOK AVE,CLAYTON,NC,27520,MISSION VIEJO,ORANGE,92691,high,license_number,08-31-2027,Physical Therapist
PT,310151,TYLER CANNELLA,,949-541-2232,,1235087602,25411 SEA BLUFFS DR,DANA POINT,CA,92629,MISSION VIEJO,ORANGE,92691,medium,name_exact,06-30-2027,Physical Therapist
PT,300610,TYLER CHRISTOPHER WEN,,310-553-5984,,1346918000,10309 SANTA MONICA BLVD STE 200,LOS ANGELES,CA,90025,FULLERTON,ORANGE,92833,high,license_number,05-31-2027,Physical Therapist
PT,302789,TYLER ISA,,949-590-9350,,1174230916,15375 BARRANCA PKWY STE A103,IRVINE,CA,92618,IRVINE,ORANGE,92618,high,license_number,07-31-2028,Physical Therapist
PT,300564,TYLER LEE,,949-540-5641,,1649944000,9080 IRVINE CENTER DR,IRVINE,CA,92618,SEAL BEACH,ORANGE,90740,high,license_number,02-28-2027,Physical Therapist
PT,303235,TYLER PLACE,DPT,866-839-6979,,1669231528,16185 LOS GATOS BLVD STE 205,LOS GATOS,CA,95032,FULLERTON,ORANGE,92835,high,license_number,02-29-2028,Physical Therapist
PT,299983,TYLER UHRICH,DPT,573-535-8022,,1114559341,2767 E IMPERIAL HWY,BREA,CA,92821,IRVINE,ORANGE,92618,high,license_number,06-30-2028,Physical Therapist
PT,17555,TZONG-SHIN YANG,P.T.,949-857-2221,,1497776165,14785 JEFFREY RD,IRVINE,CA,92618,TUSTIN,ORANGE,92680,high,license_number,02-28-2027,Physical Therapist
PT,294635,UPASNA VEDANT MAJMUNDAR,PT,408-988-6868,,1497390256,988 WALSH AVE,SANTA CLARA,CA,95050,TUSTIN,ORANGE,92782,medium,name_exact,02-29-2028,Physical Therapist
PT,30398,URMILA ADUSUMALLI,PT,909-657-8097,,1871776153,13736 ACLARE ST,CERRITOS,CA,90703,LOS ALAMITOS,ORANGE,90720,high,license_number,03-31-2027,Physical Therapist
PT,299368,VALERIA ABARCA,DPT,949-598-9315,,1164024683,27725 SANTA MARGARITA PKWY,MISSION VIEJO,CA,92691,LAKE FOREST,ORANGE,92630,medium,name_exact,04-30-2028,Physical Therapist
PT,18787,VALERIE CRIPPS WARREN,"PT, ATP, CBIS",714-321-1162,,1063212017,2188 ARBOR CIR,BREA,CA,92821,BREA,ORANGE,92821,high,license_number,03-31-2028,Physical Therapist
PT,301937,VANDANA RAJULA,MPT,949-916-1654,,1043916836,92 ARGONAUT STE 170,ALISO VIEJO,CA,92656,IRVINE,ORANGE,92620,medium,name_exact,11-30-2027,Physical Therapist
PT,29457,VANESSA WARRIOR,PT,949-636-5816,,1700181419,980 ROOSEVELT,IRVINE,CA,92620,SANTA ANA,ORANGE,92705,high,license_number,05-31-2028,Physical Therapist
PT,304153,VANISHA AMIN,,844-316-7979,his@spinezone.com,1255934493,2700 N MAIN ST STE 150,SANTA ANA,CA,92705,SANTA ANA,ORANGE,92705,high,license_number,05-31-2027,Physical Therapist
PT,296950,VENCY LEUNG,PT DPT,949-597-2103,,1770125916,26700 TOWNE CENTRE DR STE 120,FOOTHILL RANCH,CA,92610,TRABUCO CANYON,ORANGE,92679,high,license_number,10-31-2026,Physical Therapist
PT,32214,VENUS OPENA LIM,P.T.,714-906-5670,,1902995020,1125 N MAGNOLIA AVE,ANAHEIM,CA,92801,ANAHEIM,ORANGE,92809,high,license_number,06-30-2027,Physical Therapist
PT,22321,VERNA SIOKON YU,RPT,626-288-8353,,1043346158,3136 DEL MAR AVE,ROSEMEAD,CA,91770,ANAHEIM,ORANGE,92807,high,license_number,08-31-2028,Physical Therapist
PT,43268,VICTOR C FU,DPT,714-557-9292,,1023481389,201 SANDPOINTE AVE,SANTA ANA,CA,92707,IRVINE,ORANGE,92606,medium,name_exact,11-30-2027,Physical Therapist
PT,29183,VICTOR CHANG,PT,949-727-0770,,1992767883,4980 BARRANCA PKWAY,IRVINE,CA,92604,BREA,ORANGE,92821,high,license_number,07-31-2027,Physical Therapist
PT,26966,VICTOR RAMON CARLOS,DPT,949-583-9251,,1952362964,24012 CALLE DE LA PLATA,LAGUNA HILLS,CA,92653,HUNTINGTON BEACH,ORANGE,92646,high,license_number,02-29-2028,Physical Therapist
PT,34018,VICTOR RUSENESCU,DPT,949-379-8400,,1174857213,2135 WESTCLIFF DR,NEWPORT BEACH,CA,92660,NEWPORT BEACH,ORANGE,92660,high,license_number,10-31-2026,Physical Therapist
PT,302741,VICTOR S KOO,DPT,949-679-2933,,1912629387,6865 ALTON PKWY STE 110,IRVINE,CA,92618,MISSION VIEJO,ORANGE,92691,high,license_number,12-31-2027,Physical Therapist
PT,293694,VICTOR VU NGUYEN,D.P.T.,949-250-1112,,1790296192,2777 BRISTOL ST STE B,COSTA MESA,CA,92626,SANTA ANA,ORANGE,92704,high,license_number,12-31-2026,Physical Therapist
PT,298057,VICTORIA CONSANI,DPT,949-340-6927,,1598386781,24422 AVENIDA DE LA CARLOTA STE 190,LAGUNA HILLS,CA,92653,COSTA MESA,ORANGE,92627,medium,name_exact,05-31-2027,Physical Therapist
PT,304884,VICTORIA WOOD,"PT, DPT",760-918-9200,,1003694662,2719 LOKER AVE W STE A,CARLSBAD,CA,92010,TRABUCO CANYON,ORANGE,92679,high,license_number,01-31-2027,Physical Therapist
PT,35996,VICTORIA WOSTENBERG,D.P.T.,949-650-1410,,1467786103,1525 SUPERIOR AVE,NEWPORT BEACH,CA,92663,CYPRESS,ORANGE,90630,high,license_number,09-30-2027,Physical Therapist
PT,16044,VIDA R ISIP,P.T.,323-585-7162,,1417965609,3851 S SOTO ST,VERNON,CA,90058,ANAHEIM,ORANGE,92804,high,license_number,10-31-2028,Physical Therapist
PT,292332,VINCENT BALOG,DPT,714-577-0745,,1720520489,16615 YORBA LINDA BLVD,YORBA LINDA,CA,92886,ORANGE,ORANGE,92868,high,license_number,03-31-2028,Physical Therapist
PT,306243,VINCENT LAM,"PT, DPT",949-367-1833,,1598207136,27071 CABOT RD STE 114,LAGUNA HILLS,CA,92653,LAGUNA HILLS,ORANGE,92653,high,license_number,12-31-2027,Physical Therapist
PT,291628,VINCENT LIBONATI,,949-552-9100,,1538616206,15785 LAGUNA CANYON RD,IRVINE,CA,92618,IRVINE,ORANGE,92614,high,license_number,09-30-2027,Physical Therapist
PT,43325,VINCENT LUONG,DPT,626-851-5544,,1487021382,1011 BALDWIN PARK BLVD,BALDWIN PARK,CA,91706,MISSION VIEJO,ORANGE,92691,high,license_number,12-31-2026,Physical Therapist
PT,33400,VINCENT MORALES TORRELINO,PT,714-754-5454,,1225208721,2701 S BRISTOL ST,SANTA ANA,CA,92704,ORANGE,ORANGE,92865,high,license_number,03-31-2028,Physical Therapist
PT,32841,VINESSA GAERLAN-FINCH,PMHNP-BC,949-309-7903,,1275729329,29982 IVY GLENN DR STE 203,LAGUNA NIGUEL,CA,92677,NEWPORT BEACH,ORANGE,92660,high,license_number,06-30-2028,Physical Therapist
PT,293859,VIPRA NILKANTH UPADHYAY,,714-947-1213,,1821500729,312 W CERRITOS AVE BLDG 7,ANAHEIM,CA,92805,ANAHEIM,ORANGE,92807,high,license_number,05-31-2027,Physical Therapist
PT,25219,VIRGINIA MARIE ZEKARIA,"P.T., D.P.T.",949-861-8600,,1447692108,17332 VON KARMAN AVE STE 120,IRVINE,CA,92614,MISSION VIEJO,ORANGE,92692,high,license_number,02-29-2028,Physical Therapist
PT,308536,VIVIAN HUYNH LE,,657-204-2959,,1548138019,11420 WARNER AVE,FOUNTAIN VALLEY,CA,92708,HUNTINGTON BEACH,ORANGE,92647,high,license_number,09-30-2028,Physical Therapist
PT,32117,VIVIAN MUN GEE CHAN,"PT, DPT",714-279-4450,,1932305687,441 N LAKEVIEW AVE,ANAHEIM,CA,92807,IRVINE,ORANGE,92618,high,license_number,11-30-2026,Physical Therapist
PT,38218,VIVIAN THAO NGUYEN,DPT,310-473-8287,,1487926788,11500 W OLYMPIC BLVD,LOS ANGELES,CA,90064,ANAHEIM,ORANGE,92808,high,license_number,03-31-2027,Physical Therapist
PT,303930,VRUNDA SHAH,PT,714-646-8319,,1295426401,774 S PLACENTIA AVE,PLACENTIA,CA,92870,IRVINE,ORANGE,92614,medium,name_exact,08-31-2028,Physical Therapist
PT,299613,VUK EKMECIC,PT,949-932-5000,,1184225054,6640 ALTON PKWY,IRVINE,CA,92618,IRVINE,ORANGE,92618,medium,name_exact,11-30-2026,Physical Therapist
PT,292851,WAH WAH MAUNG CHEN,"PT, DPT",626-960-1971,,1457832628,14318 OHIO ST,BALDWIN PARK,CA,91706,IRVINE,ORANGE,92612,high,license_number,04-30-2028,Physical Therapist
PT,292087,WARREN BUAN,,949-590-7029,,1063873651,1300 ADAMS AVE APT 16L,COSTA MESA,CA,92626,IRVINE,ORANGE,92612,high,license_number,01-31-2028,Physical Therapist
PT,24606,WARREN R Q COMSTOCK,MPT,949-465-9500,,1659424208,23832 ROCKFIELD BLVD STE 160,LAKE FOREST,CA,92630,LAGUNA HILLS,ORANGE,92653,high,license_number,10-31-2026,Physical Therapist
PT,19995,WASSIEM ABDELMALEK,Physical Therapist,949-770-1911,,1174686539,113 WATERWORKS WAY,IRVINE,CA,92618,TRABUCO CANYON,ORANGE,92679,high,license_number,11-30-2027,Physical Therapist
PT,295344,WEN JONG ERIC SOK,DPT,213-369-0179,,1912515818,445 MAPLE ST,PALO ALTO,CA,94301,LOS ALAMITOS,ORANGE,90720,high,license_number,09-30-2027,Physical Therapist
PT,24780,WEN-CHIN WANG,MSPT,714-997-7090,,1700066420,5017 E CHAPMAN AVE,ORANGE,CA,92869,TUSTIN,ORANGE,92782,high,license_number,03-31-2027,Physical Therapist
PT,295592,WEN-LIANG WANG,D.P.T,949-265-2442,,1528537974,250 E YALE LOOP,IRVINE,CA,92604,ORANGE,ORANGE,92867,high,license_number,12-31-2027,Physical Therapist
PT,34263,WENDY BENWELL,PT,858-456-2114,,1861674640,737 PEARL ST,LA JOLLA,CA,92037,SAN CLEMENTE,ORANGE,92672,high,license_number,02-28-2027,Physical Therapist
PT,21204,WENDY HAINING,,714-686-3898,,1295123032,375 GLEN CT,BREA,CA,92821,GARDEN GROVE,ORANGE,92843,medium,name_exact,02-28-2027,Physical Therapist
PT,25989,WENDY S. WOOD,DPT,949-444-9917,,1750660171,30101 TOWN CENTER DR,LAGUNA NIGUEL,CA,92677,LAGUNA NIGUEL,ORANGE,92677,high,license_number,10-31-2028,Physical Therapist
PT,299602,WESLEY E SCOTT,Physical Therapist,714-975-8011,,1235729401,3187 RED HILL AVE STE 200,COSTA MESA,CA,92626,YORBA LINDA,ORANGE,92887,high,license_number,05-31-2028,Physical Therapist
PT,41301,WHITNEY CHAFFE,,928-208-5413,,1821492075,5952 FRONTIER CIR,HUNTINGTON BEACH,CA,92647,HUNTINGTON BEACH,ORANGE,92647,high,license_number,01-31-2028,Physical Therapist
PT,291276,WHITNEY ELYSE DAVIES,"PT, DPT",949-932-5000,,1265897862,26650 ALTON PARKWAY,IRVINE,CA,92618,SAN JUAN CAPISTRANO,ORANGE,92675,high,license_number,06-30-2027,Physical Therapist
PT,302857,WHITNEY PLASTER,PT,949-716-5050,,1487375150,22821 LAKE FOREST DR STE 115,LAKE FOREST,CA,92630,WESTMINSTER,ORANGE,92683,high,license_number,11-30-2027,Physical Therapist
PT,300531,WILFORD KYLE EITEMAN-PANG,DPT,310-699-7346,,1881356129,28210 DOROTHY DR,AGOURA HILLS,CA,91301,GARDEN GROVE,ORANGE,92844,high,license_number,08-31-2027,Physical Therapist
PT,305571,WILLIAM CHRISTOPHER SIR LYV,"PT, DPT",714-544-2188,,1609630656,2492 WALNUT AVE STE 140,TUSTIN,CA,92780,LAGUNA NIGUEL,ORANGE,92677,high,license_number,04-30-2027,Physical Therapist
PT,302451,WILLIAM DANSE,"PT, DPT",858-755-5200,,1871221499,1016 BROADWAY STE 2,CHULA VISTA,CA,91911,ALISO VIEJO,ORANGE,92656,high,license_number,10-31-2027,Physical Therapist
PT,298784,WILLIAM DAVID MONTE,"PT, DPT, ATC",424-303-7647,,1164946067,201 N ROBERTSON BLVD STE 101,BEVERLY HILLS,CA,90211,BREA,ORANGE,92823,high,license_number,12-31-2027,Physical Therapist
PT,29998,WILLIAM MARSHALL GABRIEL,D.P.T.,949-722-7374,,1396845988,485 E 17TH ST,COSTA MESA,CA,92627,NEWPORT BEACH,ORANGE,92660,high,license_number,12-31-2026,Physical Therapist
PT,303842,WILLIAM ROPER,"PT, DPT",949-271-0053,,1023702198,3300 IRVINE AVE STE 130,NEWPORT BEACH,CA,92660,NEWPORT BEACH,ORANGE,92660,high,license_number,08-31-2028,Physical Therapist
PT,26858,WILLIS MARK SUTCLIFF,"MPT, ATC",714-288-9125,,1073534905,255 N TUSTIN ST,ORANGE,CA,92867,SANTA ANA,ORANGE,92705,high,license_number,04-30-2027,Physical Therapist
PT,33541,WINNIE LEUNG,DPT,646-241-4811,,1346456274,94 PEONY,IRVINE,CA,92618,IRVINE,ORANGE,92618,medium,name_exact,12-31-2026,Physical Therapist
PT,39696,WINNIE MA,"P.T., DPT",650-853-3355,,1467792580,795 EL CAMINO REAL,PALO ALTO,CA,94301,IRVINE,ORANGE,92618,high,license_number,02-29-2028,Physical Therapist
PT,299785,WYATT AUSTIN FOSTER WOODWARD,,949-837-5111,,1598349037,23961 CALLE DE LA MAGDALENA STE 119,LAGUNA HILLS,CA,92653,RANCHO MISSION VIEJO,ORANGE,92694,high,license_number,01-31-2027,Physical Therapist
PT,34556,WYNNE LYN CABURIAN,DPT,714-420-3125,,1497918387,1814 FLORIDA ST,HUNTINGTON BEACH,CA,92648,LAGUNA NIGUEL,ORANGE,92677,high,license_number,10-31-2027,Physical Therapist
PT,302498,XIN QIN,DPT,714-861-4440,,1851029656,10162 ADAMS AVE,HUNTINGTON BEACH,CA,92646,TUSTIN,ORANGE,92780,high,license_number,11-30-2027,Physical Therapist
PT,18965,YA-SZU TSAO,Physical Therapist,714-337-3211,,1700456084,11910 N RIVIERA,TUSTIN,CA,92782,TUSTIN,ORANGE,92782,high,license_number,10-31-2026,Physical Therapist
PT,307155,YAAQOV LIBOVNER,"PT, DPT",949-459-9010,,1184430613,29803 SANTA MARGARITA PKWY,RANCHO SANTA MARGARITA,CA,92688,IRVINE,ORANGE,92604,high,license_number,03-31-2028,Physical Therapist
PT,303359,YANA CHEATHAM,,424-536-3023,,1639884455,481 W 6TH ST,SAN PEDRO,CA,90731,GARDEN GROVE,ORANGE,92845,high,license_number,03-31-2028,Physical Therapist
PT,37988,YASAMAN ALIAN,DPT,310-373-0555,,1821376336,23430 HAWTHORNE BLVD,TORRANCE,CA,90505,MISSION VIEJO,ORANGE,92692,high,license_number,07-31-2027,Physical Therapist
PT,19489,YASSAMAN M MEHRTASH,P.T.,714-279-6001,,1205055118,2031 E ORANGETHORPE AVE,PLACENTIA,CA,92870,LAGUNA NIGUEL,ORANGE,92677,high,license_number,05-31-2027,Physical Therapist
PT,26446,YASUYUKI KASAYAMA,D.P.T.,213-740-0215,,1891811485,3301 S HOOVER AVE,LOS ANGELES,CA,90089,ROSSMOOR,ORANGE,90720,high,license_number,07-31-2027,Physical Therapist
PT,303201,YE RIN LEE,,714-356-6048,,1275240772,18700 YORBA LINDA BLVD APT 77,YORBA LINDA,CA,92886,ORANGE,ORANGE,92869,medium,name_exact,11-30-2026,Physical Therapist
PT,298315,YINJU RUE CHEN,"PT, DPT, PCS",949-333-6400,,1477088334,1251 E DYER RD STE 150,SANTA ANA,CA,92705,LAKE FOREST,ORANGE,92630,high,license_number,08-31-2027,Physical Therapist
PT,310169,YONGSEONG KIM,"PT, DPT",951-323-6958,,1093647232,2679 WAYWARD CT,BREA,CA,92821,BREA,ORANGE,92821,high,license_number,01-31-2028,Physical Therapist
PT,38565,YUJAI ADRIENNE TSE,"PT, DPT",323-423-7604,,1376961599,3700 SOUTH ST,LAKEWOOD,CA,90712,FULLERTON,ORANGE,92835,high,license_number,05-31-2027,Physical Therapist
PT,37084,YUNAN WU,DPT,714-974-0300,,1255635041,6200 E CANYON RIM RD STE 113E,ANAHEIM,CA,92807,TUSTIN,ORANGE,92780,high,license_number,08-31-2028,Physical Therapist
PT,303783,YUNG CHIEH LIU,,310-837-9700,,1386345502,10190 CULVER BLVD,CULVER CITY,CA,90232,IRVINE,ORANGE,92614,high,license_number,07-31-2028,Physical Therapist
PT,40631,YUNSUN CHOI,pt,714-833-2084,,1184927618,1233 W LA HABRA BLVD,LA HABRA,CA,90631,FULLERTON,ORANGE,92833,high,license_number,06-30-2027,Physical Therapist
PT,12090,YVETTE PIGEON GILMOUR,PT,949-797-9007,,1740325075,1929 MAIN ST STE 103,IRVINE,CA,92614,LAKE FOREST,ORANGE,92630,high,license_number,07-31-2028,Physical Therapist
PT,25894,YVONNE BERGEON BREWER,MPT,949-448-0872,,1295729804,27432 ALISO CREEK RD,ALISO VIEJO,CA,92656,NEWPORT BEACH,ORANGE,92660,high,license_number,10-31-2026,Physical Therapist
PT,293917,YVONNE Y HUANG,"PT, DPT",949-742-4511,,1952618829,161 FASHION LN STE 204,TUSTIN,CA,92780,TUSTIN,ORANGE,92782,high,license_number,06-30-2027,Physical Therapist
PT,303378,ZACHARY IKAIKA BONTE,"DC, DPT",714-957-6889,,1629656574,1182 BRISTOL ST,COSTA MESA,CA,92626,COSTA MESA,ORANGE,92626,high,license_number,04-30-2028,Physical Therapist
PT,301388,ZACHARY LEAL,"PT,DPT,CSCS",949-250-1112,,1760140446,2777 BRISTOL ST STE B,COSTA MESA,CA,92626,HUNTINGTON BEACH,ORANGE,92648,high,license_number,08-31-2027,Physical Therapist
PT,11595,ZAHRA R BARGHANI,RPT,949-552-5572,,1821152406,33 CREEK RD,IRVING,CA,92604,IRVINE,ORANGE,92604,high,license_number,04-30-2028,Physical Therapist
PT,25105,ZAIN YAMANI,P.T.,949-559-1885,,1245486265,4161 HOMESTEAD ST,IRVINE,CA,92604,IRVINE,ORANGE,92604,high,license_number,01-31-2028,Physical Therapist
PT,291726,ZHAO WU,DPT,949-459-9010,,1114474863,29803 RANCHO SANTA MARGARITA PARKWAY,RANCHO SANTA MARGARITA,CA,92688,IRVINE,ORANGE,92620,high,license_number,04-30-2028,Physical Therapist
PT,37147,ZIAD DAHDUL,DPT,562-988-3570,,1467761395,3294 E SPRING ST,LONG BEACH,CA,90806,FULLERTON,ORANGE,92831,high,license_number,12-31-2027,Physical Therapist
PT,27090,ZIRNA B. LUISTRO,DPT,949-932-2960,,1740387414,6400 ALTON PARKWAY,IRVINE,CA,92618,ALISO VIEJO,ORANGE,92656,high,license_number,12-31-2027,Physical Therapist
PT,297573,ZOE DAYTON,,714-556-1600,,1578193124,1700 ADAMS AVE STE 201,COSTA MESA,CA,92626,MISSION VIEJO,ORANGE,92691,medium,name_exact,05-31-2027,Physical Therapist
PT,305083,ZONG LOU LEE,"PT, DPT",562-424-3090,,1639947237,939 ATLANTIC AVE # 215,LONG BEACH,CA,90813,SANTA ANA,ORANGE,92704,high,license_number,05-31-2027,Physical Therapist
PTA,50904,AARON KROPIEWNICKI,PTA,714-435-9909,,1184482242,8740 WARNER AVE,FOUNTAIN VALLEY,CA,92708,SANTA ANA,ORANGE,92705,high,license_number,04-30-2028,Physical Therapist Assistant
PTA,8628,ADRIAN P CROITORU,PTA,510-280-4235,,1790948925,1958 HEMMINGWAY PL,SAN JACINTO,CA,92583,IRVINE,ORANGE,92620,high,license_number,03-31-2027,Physical Therapist Assistant
PTA,10592,ADRIANA RADZKI,,714-686-3188,,1639568959,20212 E SANTIAGO CANYON RD,ORANGE,CA,92869,ORANGE,ORANGE,92869,high,license_number,08-31-2028,Physical Therapist Assistant
PTA,9149,AGNIESZKA MURPHY,PTA,714-350-5910,,1003204330,1348 W OAK AVE,FULLERTON,CA,92833,FULLERTON,ORANGE,92833,high,license_number,03-31-2027,Physical Therapist Assistant
PTA,49329,ALAN TRAN,PTA,714-902-8466,,1073189478,913 N JACKSON ST,SANTA ANA,CA,92703,SANTA ANA,ORANGE,92703,high,license_number,06-30-2027,Physical Therapist Assistant
PTA,52726,ALEXANDRA AKBAROFF,PTA,714-841-6162,,1306529474,19582 BEACH BLVD STE 130,HUNTINGTON BEACH,CA,92648,WESTMINSTER,ORANGE,92683,high,license_number,09-30-2026,Physical Therapist Assistant
PTA,54466,ALFREDO JIMENEZ,,949-713-6445,,1639048010,23121 ANTONIO PKWY STE 100&A105,RANCHO SANTA MARGARITA,CA,92688,IRVINE,ORANGE,92618,high,license_number,09-30-2027,Physical Therapist Assistant
PTA,10116,ALI POURNAZAR,,714-978-6800,,1174911689,1835 W LA VETA AVE,ORANGE,CA,92868,ANAHEIM,ORANGE,92808,high,license_number,10-31-2026,Physical Therapist Assistant
PTA,6142,ALICE TRAN,"BS, PTA, CBIS",562-385-6237,,1578089694,7601 E. IMPERIAL HWY.,DOWNEY,CA,90242,WESTMINSTER,ORANGE,92683,high,license_number,08-31-2027,Physical Therapist Assistant
PTA,10787,ALYSSA MARIE EASTLAND,P.T.A,949-540-0301,,1619360336,24551 RAYMOND WAY,LAKE FOREST,CA,92630,YORBA LINDA,ORANGE,92887,high,license_number,10-31-2026,Physical Therapist Assistant
PTA,9485,AMADO TOLENTINO,,714-823-1584,,1134827140,3000 N GATE RD,SEAL BEACH,CA,90740,LOS ALAMITOS,ORANGE,90720,high,license_number,10-31-2026,Physical Therapist Assistant
PTA,2370,AMANDA SONNTAG,P.T.A.,949-609-7544,,1790970770,24552 PASEO DE VALENCIA,LAGUNA HILLS,CA,92653,LAGUNA HILLS,ORANGE,92653,high,license_number,08-31-2028,Physical Therapist Assistant
PTA,10310,AMY DE ANDA,,714-330-3014,,1417346628,2116 E WASHINGTON BLVD,PASADENA,CA,91104,ANAHEIM,ORANGE,92804,high,license_number,12-31-2027,Physical Therapist Assistant
PTA,5202,ANA POPESCU,,714-535-0270,,1427316934,300 HARBOR BLVD,ANAHEIM,CA,92805,HUNTINGTON BEACH,ORANGE,92647,high,license_number,05-31-2028,Physical Therapist Assistant
PTA,49782,ANDREW MARQUES,,562-434-8421,,1598417388,3901 E 4TH ST,LONG BEACH,CA,90814,PLACENTIA,ORANGE,92870,medium,name_exact,04-30-2028,Physical Therapist Assistant
PTA,6115,ANDREW SOLIS,,949-496-3896,,1811754682,34241 PACIFIC COAST HWY STE 102,DANA POINT,CA,92629,IRVINE,ORANGE,92606,high,license_number,02-28-2027,Physical Therapist Assistant
PTA,53170,ANKINI RONAK PATEL,,714-546-6450,,1457248288,1030 W WARNER AVE,SANTA ANA,CA,92707,FOOTHILL RANCH,ORANGE,92610,high,license_number,10-31-2027,Physical Therapist Assistant
PTA,51407,APRIL CORTEZ LOPEZ,,714-530-6322,,1982301123,13075 BLACKBIRD ST,GARDEN GROVE,CA,92843,STANTON,ORANGE,90680,high,license_number,11-30-2026,Physical Therapist Assistant
PTA,53652,ARTHUR HENRY TOWNSEND,,949-496-4330,,1194540880,31105 RANCHO VIEJO RD STE C9,SAN JUAN CAPISTRANO,CA,92675,MISSION VIEJO,ORANGE,92692,high,license_number,12-31-2027,Physical Therapist Assistant
PTA,11199,ASHLEIGH HUYNH,,562-494-4421,,1861191934,4029 E ANAHEIM ST,LONG BEACH,CA,90804,SANTA ANA,ORANGE,92704,medium,name_exact,04-30-2027,Physical Therapist Assistant
PTA,10126,ASHLEY GORMLEY,,949-540-8984,,1548704968,30 MEADOWOOD,RANCHO SANTA MARGARITA,CA,92688,COTO DE CAZA,ORANGE,92679,high,license_number,03-31-2027,Physical Therapist Assistant
PTA,51588,BAONGOC HUYNH,,818-241-6780,,1366101651,5312 BOLSA AVE STE 105,HUNTINGTON BEACH,CA,92649,GARDEN GROVE,ORANGE,92845,high,license_number,02-28-2027,Physical Therapist Assistant
PTA,10756,BARBARA NESBITT,,951-756-0680,,1275072340,12875 VIA AVENTURA,SANTA ANA,CA,92705,LAKE FOREST,ORANGE,92630,high,license_number,09-30-2026,Physical Therapist Assistant
PTA,8946,BERWYN PINEDA,PTA,800-952-1290,,1487010625,16260 VENTURA BLVD STE 600,ENCINO,CA,91436,BREA,ORANGE,92821,high,license_number,05-31-2028,Physical Therapist Assistant
PTA,6516,BOJIL PETROV SHTEREV,PTA,714-377-5624,,1487858254,6100 EDINGER AVE APT 129,HUNTINGTON BEACH,CA,92647,ORANGE,ORANGE,92865,high,license_number,04-30-2027,Physical Therapist Assistant
PTA,9721,BRADLEY STEVEN CAMPBELL,PTA,323-938-0511,,1568701902,6200 WILSHIRE #805,LOS ANGELES,CA,90048,SAN JUAN CAPISTRANO,ORANGE,92675,high,license_number,05-31-2027,Physical Therapist Assistant
PTA,53731,BRANDON QUOC LE,,657-239-4840,,1891406989,11869 VALLEY VIEW ST,GARDEN GROVE,CA,92845,GARDEN GROVE,ORANGE,92843,medium,name_exact,08-31-2028,Physical Therapist Assistant
PTA,10405,BREANNA LYNN ROCHE BOYD,,714-777-9666,,1336866177,17803 IMPERIAL HWY,YORBA LINDA,CA,92886,ORANGE,ORANGE,92865,high,license_number,02-29-2028,Physical Therapist Assistant
PTA,3559,BRETT JOHNSON,PTA,714-847-3800,,1487046314,6930 WARNER AVE,HUNTINGTON BEACH,CA,92647,FOUNTAIN VALLEY,ORANGE,92708,high,license_number,10-31-2027,Physical Therapist Assistant
PTA,9435,BRETT OWENS,,714-773-6401,,1366830929,245 E WILSHIRE AVE,FULLERTON,CA,92832,LA HABRA,ORANGE,90631,high,license_number,04-30-2028,Physical Therapist Assistant
PTA,3723,BRIAN HIGGINS,,714-333-1555,,1851558175,2222 N HARBOR BLVD,FULLERTON,CA,92835,FULLERTON,ORANGE,92835,high,license_number,11-30-2026,Physical Therapist Assistant
PTA,49919,BRIAN TAN,,760-396-8526,,1609578681,26700 TOWNE CENTRE DR STE 110,FOOTHILL RANCH,CA,92610,IRVINE,ORANGE,92612,high,license_number,04-30-2027,Physical Therapist Assistant
PTA,10261,BRITTANY LEONG,PTA,949-380-9380,,1578986311,25652 OLD TRABUCO RD,LAKE FOREST,CA,92630,HUNTINGTON BEACH,ORANGE,92646,high,license_number,06-30-2027,Physical Therapist Assistant
PTA,48777,CANDY EUSEBIO,PTA,909-393-7222,,1871010207,15302 EL PRADO RD,CHINO,CA,91710,TUSTIN,ORANGE,92780,high,license_number,11-30-2026,Physical Therapist Assistant
PTA,51514,CARISSA RAE VAN MIERLO,,949-837-5111,,1972269975,23961 CALLE DE LA MAGDALENA STE 119,LAGUNA HILLS,CA,92653,LADERA RANCH,ORANGE,92694,medium,name_exact,01-31-2027,Physical Therapist Assistant
PTA,3603,CARL BOHN,,714-780-0010,,1376934984,505 N EUCLID ST STE 680,ANAHEIM,CA,92801,HUNTINGTON BEACH,ORANGE,92648,high,license_number,04-30-2028,Physical Therapist Assistant
PTA,48205,CARLO FERNANDEZ,,949-885-0300,,1700323409,17752 SKY PARK CIR,IRVINE,CA,92614,BUENA PARK,ORANGE,90620,high,license_number,12-31-2027,Physical Therapist Assistant
PTA,9789,CARLO RAMIREZ,,714-686-9001,,1770972978,11759 BUNTING CIR,CORONA,CA,92883,ANAHEIM,ORANGE,92802,high,license_number,02-29-2028,Physical Therapist Assistant
PTA,9519,CAROL BURGOS,,949-877-7745,,1437971371,30492 GATEWAY PL STE 201,RANCHO MISSION VIEJO,CA,92694,RANCHO SANTA MARGARI,ORANGE,92688,high,license_number,11-30-2026,Physical Therapist Assistant
PTA,49741,CEDRIC DACQUAY,PTA,949-642-8044,,1801451935,466 FLAGSHIP RD,NEWPORT BEACH,CA,92663,IRVINE,ORANGE,92602,medium,name_exact,08-31-2028,Physical Therapist Assistant
PTA,49073,CHAD ALLAN INFANTE,PTA,714-847-3800,,1902512221,7071 WARNER AVE STE A,HUNTINGTON BEACH,CA,92647,ANAHEIM,ORANGE,92807,high,license_number,03-31-2027,Physical Therapist Assistant
PTA,10761,CHAD D UNDERWOOD,PTA,714-960-7995,,1366934648,19531 BEACH BLVD,HUNTINGTON BEACH,CA,92648,CYPRESS,ORANGE,90630,high,license_number,07-31-2028,Physical Therapist Assistant
PTA,3053,CHARLENA JO ZAMARRIPA,PTA,949-366-6785,,1760068209,901 CALLE AMANECER STE 320,SAN CLEMENTE,CA,92673,ORANGE,ORANGE,92867,high,license_number,06-30-2028,Physical Therapist Assistant
PTA,10582,CHARLES DAVID,PTA,562-380-2178,,1366847212,5810 DOWNEY AVE,LONG BEACH,CA,90805,HUNTINGTON BEACH,ORANGE,92649,high,license_number,04-30-2028,Physical Therapist Assistant
PTA,51583,CHELSEA NICOLE CUNANAN,PTA,949-644-1322,,1740948595,200 NEWPORT CENTER DR STE 213,NEWPORT BEACH,CA,92660,IRVINE,ORANGE,92618,high,license_number,04-30-2027,Physical Therapist Assistant
PTA,53673,CHELSI TORRES MAYUYO,,714-554-9700,,1598587438,1929 N FAIRVIEW ST,SANTA ANA,CA,92706,ANAHEIM,ORANGE,92805,high,license_number,06-30-2028,Physical Therapist Assistant
PTA,52937,CHRISTINA NGOC TRAN,,657-204-2959,,1447022835,11420 WARNER AVE,FOUNTAIN VALLEY,CA,92708,FOUNTAIN VALLEY,ORANGE,92708,high,license_number,12-31-2026,Physical Therapist Assistant
PTA,53420,CHRISTOPHER ANDREAS MARINAKIS,PTA,714-975-7950,,1356175236,999 N TUSTIN AVE STE 201,SANTA ANA,CA,92705,TUSTIN,ORANGE,92780,high,license_number,06-30-2028,Physical Therapist Assistant
PTA,51507,CHRISTOPHER KOMAKI MASIGLA,,562-810-2890,,1972269355,20210 MAPES AVE,CERRITOS,CA,90703,STANTON,ORANGE,90680,high,license_number,07-31-2027,Physical Therapist Assistant
PTA,11040,CHRISTOPHER LEE,,619-200-2015,,1609232727,3930 4TH AVE,SAN DIEGO,CA,92103,IRVINE,ORANGE,92602,high,license_number,10-31-2026,Physical Therapist Assistant
PTA,49198,CHRISTOPHER THOMAS,,714-337-2503,,1093217895,2575 YORBA LINDA BLVD,FULLERTON,CA,92831,TUSTIN,ORANGE,92780,high,license_number,06-30-2027,Physical Therapist Assistant
PTA,8064,CHRISTOPHER TOCK,,714-997-5518,,1700082567,1111 W TOWN AND COUNTRY RD STE 1,ORANGE,CA,92868,ANAHEIM,ORANGE,92802,high,license_number,07-31-2027,Physical Therapist Assistant
PTA,4831,CIELITO FERNANDEZ LOCSIN,P.T.A.,323-669-2118,,1225167604,4650 W SUNSET BLVD,LOS ANGELES,CA,90027,HUNTINGTON BEACH,ORANGE,92646,high,license_number,01-31-2027,Physical Therapist Assistant
PTA,53633,CLAYTON YIP,,714-780-0010,,1972324762,505 N EUCLID ST STE 680,ANAHEIM,CA,92801,ANAHEIM,ORANGE,92801,high,license_number,02-29-2028,Physical Therapist Assistant
PTA,51134,COLE JORDAN WILSIE,PTA,657-301-4967,,1043896889,18785 BROOKHURST ST STE 104,FOUNTAIN VALLEY,CA,92708,SANTA ANA,ORANGE,92706,high,license_number,11-30-2026,Physical Therapist Assistant
PTA,529,CORINA MOYA TIEVES,PTA,714-870-1744,,1396771929,2000 E CHAPMAN AVE,FULLERTON,CA,92831,CYPRESS,ORANGE,90630,high,license_number,06-30-2027,Physical Therapist Assistant
PTA,9411,CORY QUON,PTA,714-685-0700,,1518264811,"500 S. ANAHEIM HILLS ROAD, SUITE 106",ANAHEIM,CA,92807,TUSTIN,ORANGE,92782,high,license_number,02-29-2028,Physical Therapist Assistant
PTA,8607,CRISTINA LOPEZ,PTA,714-528-8394,,1427236710,1100 N PLACENTIA AVE APT E33,FULLERTON,CA,92831,ANAHEIM,ORANGE,92806,high,license_number,01-31-2027,Physical Therapist Assistant
PTA,50893,CRYSTAL FERNANDEZ,,949-727-3315,,1427632918,4950 BARRANCA PKWY STE 302,IRVINE,CA,92604,COSTA MESA,ORANGE,92627,medium,name_exact,03-31-2028,Physical Therapist Assistant
PTA,4300,DAMIAN L ARANDA,PTA,949-246-2945,,1992956270,16381 TUFTS LN,HUNTINGTON BEACH,CA,92647,LAKE FOREST,ORANGE,92630,high,license_number,05-31-2027,Physical Therapist Assistant
PTA,3156,DANA LYNNE CROWE,P.T.A.,714-374-0233,,1710059456,2100 MAIN ST,HUNTINGTON BEACH,CA,92648,FOUNTAIN VALLEY,ORANGE,92708,high,license_number,07-31-2027,Physical Therapist Assistant
PTA,50594,DANIEL JAMES THEILEN,PTA,657-204-2959,,1386211324,11420 WARNER AVE,FOUNTAIN VALLEY,CA,92708,ANAHEIM,ORANGE,92801,high,license_number,05-31-2027,Physical Therapist Assistant
PTA,584,DANIEL MILTON,,858-505-0939,,1184018111,9089 CLAIREMONT MESA BLVD,SAN DIEGO,CA,92123,GARDEN GROVE,ORANGE,92845,high,license_number,10-31-2027,Physical Therapist Assistant
PTA,51721,DANIEL PADILLA,PTA,562-380-2178,,1164176889,5810 DOWNEY AVE,LONG BEACH,CA,90805,ANAHEIM,ORANGE,92806,high,license_number,06-30-2027,Physical Therapist Assistant
PTA,52354,DANIELLE RAE DODD,,925-935-6630,,1558229492,1911 OAK PARK BLVD,PLEASANT HILL,CA,94523,IRVINE,ORANGE,92603,high,license_number,12-31-2026,Physical Therapist Assistant
PTA,8808,DANIELLE SOLIS,PTA,714-893-7399,,1578798377,11105 KNOTT AVE,CYPRESS,CA,90630,FULLERTON,ORANGE,92835,high,license_number,07-31-2028,Physical Therapist Assistant
PTA,54251,DANNY VO,PTA,714-835-6638,,1194679084,1910 OLD TUSTIN AVE,SANTA ANA,CA,92705,SANTA ANA,ORANGE,92704,high,license_number,12-31-2026,Physical Therapist Assistant
PTA,6843,DARRYL JOHN EMPALMADO,PTA,714-716-6744,,1316243413,6545 LOTUS ST,CORONA,CA,92880,IRVINE,ORANGE,92620,high,license_number,04-30-2028,Physical Therapist Assistant
PTA,51524,DAVID WILLIAM CANTRELL,PTA,925-918-0576,,1558123661,4950 BARRANCA PKWY STE 302,IRVINE,CA,92604,GARDEN GROVE,ORANGE,92840,high,license_number,01-31-2027,Physical Therapist Assistant
PTA,2083,DENISE YURIE SACHS,PTA,714-776-1720,,1477941482,1720 W ORANGE AVE,ANAHEIM,CA,92804,ANAHEIM,ORANGE,92804,high,license_number,12-31-2026,Physical Therapist Assistant
PTA,50946,DENISHA LEANN BALLARD,PTA,949-340-6927,,1548900533,23141 MOULTON PKWY,LAGUNA HILLS,CA,92653,IRVINE,ORANGE,92614,high,license_number,01-31-2028,Physical Therapist Assistant
PTA,10299,DEREK MANTEY,"MS, ATC, PTA",949-542-5000,,1790107365,31461 RANCHO VIEJO RD,SAN JUAN CAPISTRANO,CA,92675,MISSION VIEJO,ORANGE,92692,high,license_number,08-31-2027,Physical Therapist Assistant
PTA,53093,DEVALLEE PEDROGO,PTA,949-876-5329,,1255193579,22342 EL PASEO STE G,RANCHO SANTA MARGARITA,CA,92688,COSTA MESA,ORANGE,92626,high,license_number,08-31-2027,Physical Therapist Assistant
PTA,55100,DEVON BLAKE KAPLAN,PTA,949-876-5299,,1558285338,24491 ALICIA PKWY,MISSION VIEJO,CA,92691,LAKE FOREST,ORANGE,92630,high,license_number,12-31-2027,Physical Therapist Assistant
PTA,54819,DIANA VO,PTA,714-202-7424,,1508702788,8843 TWEEDY LN,DOWNEY,CA,90240,WESTMINSTER,ORANGE,92683,high,license_number,10-31-2027,Physical Therapist Assistant
PTA,48666,DIANNE NIEVES,,877-230-3885,,1437990546,18881 W DODGE RD STE 300W,ELKHORN,NE,68022,BUENA PARK,ORANGE,90620,high,license_number,03-31-2027,Physical Therapist Assistant
PTA,6055,DIEGO ABBES,PTA,714-271-0657,,1114315496,40215 CALLE BREVE,TEMECULA,CA,92592,DANA POINT,ORANGE,92629,high,license_number,09-30-2028,Physical Therapist Assistant
PTA,9735,DOMINIQUE HYSMITH,,949-837-8000,,1023714912,24452 HEALTH CENTER DR,LAGUNA HILLS,CA,92653,IRVINE,ORANGE,92620,high,license_number,12-31-2027,Physical Therapist Assistant
PTA,6417,DORA HARVISTON,,714-529-5022,,1053805697,500 W CENTRAL AVE STE B,BREA,CA,92821,BUENA PARK,ORANGE,90620,medium,name_exact,04-30-2028,Physical Therapist Assistant
PTA,50207,DUSTIN VILLANUEVA DANCEL,PTA,714-262-7557,,1518621010,8575 KNOTT AVE,BUENA PARK,CA,90620,BUENA PARK,ORANGE,90620,high,license_number,09-30-2026,Physical Therapist Assistant
PTA,49920,DYLAN SPETZMAN,PTA,562-795-5295,,1659922581,5122 KATELLA AVE STE 16,LOS ALAMITOS,CA,90720,CYPRESS,ORANGE,90630,high,license_number,01-31-2027,Physical Therapist Assistant
PTA,51335,EARL DAVID CRUZ DUMALAOG,,714-635-8131,,1699471441,861 S HARBOR BLVD,ANAHEIM,CA,92805,PLACENTIA,ORANGE,92870,high,license_number,08-31-2028,Physical Therapist Assistant
PTA,51538,ELIZABETH LAYNE KATIARELAS,PTA,949-366-6785,,1134862410,901 CALLE AMANECER,SAN CLEMENTE,CA,92673,RANCHO SANTA MARG,ORANGE,92688,high,license_number,07-31-2027,Physical Therapist Assistant
PTA,3997,EMILIA ALTEZ,PTA,626-683-6536,,1659034148,111 S HUDSON AVE,PASADENA,CA,91101,FULLERTON,ORANGE,92833,high,license_number,11-30-2026,Physical Therapist Assistant
PTA,8712,ERIC ARVIN BAGGAO,,714-835-4900,,1750779807,1800 OLD TUSTIN RD.,SANTA ANA,CA,92705,MISSION VIEJO,ORANGE,92692,high,license_number,06-30-2027,Physical Therapist Assistant
PTA,8297,ERIC JAMES WELKER,ATC PTA,562-595-5159,,1730259060,2501 CHERRY AVE,SIGNAL HILL,CA,90755,ANAHEIM,ORANGE,92806,high,license_number,08-31-2028,Physical Therapist Assistant
PTA,10564,ERIC SCOTT CUESTA,P.T.A.,714-646-8318,,1124487103,740 S. PLACENTIA AVE.,PLACENTIA,CA,92870,LAKE FOREST,ORANGE,92630,high,license_number,04-30-2028,Physical Therapist Assistant
PTA,6265,ERIC SODERQUIST,,714-256-0426,,1407244965,1334 CALLE GRANDE,FULLERTON,CA,92835,FULLERTON,ORANGE,92835,high,license_number,03-31-2027,Physical Therapist Assistant
PTA,52913,ERICA WENDT,,619-963-2362,,1922969906,3517 CAMINO DEL RIO S STE 404,SAN DIEGO,CA,92108,SAN DIEGO,ORANGE,92108,high,license_number,07-31-2027,Physical Therapist Assistant
PTA,49298,ERIKA LYNNE JOHNSON,PTA,949-702-1918,,1659968287,23961 CALLE DE LA MAGDALENA STE 119,LAGUNA HILLS,CA,92653,RANCHO SANTA MARG,ORANGE,92688,high,license_number,07-31-2027,Physical Therapist Assistant
PTA,50723,ERNESTO URIBE GUERRERO,PTA,714-308-6828,,1003574278,1152 N WEST ST APT M2,ANAHEIM,CA,92801,ANAHEIM,ORANGE,92801,high,license_number,08-31-2027,Physical Therapist Assistant
PTA,51521,ETHAN OCHOA,,714-546-6450,,1528955507,1030 W WARNER AVE,SANTA ANA,CA,92707,GARDEN GROVE,ORANGE,92840,high,license_number,03-31-2027,Physical Therapist Assistant
PTA,51650,EVELYN GILES,,949-675-2922,,1619614591,2711 E COAST HWY STE 206,CORONA DEL MAR,CA,92625,NEWPORT BEACH,ORANGE,92660,high,license_number,12-31-2027,Physical Therapist Assistant
PTA,3006,EWA ZIELONKA,,951-222-2206,,1376196964,4300 CENTRAL AVE,RIVERSIDE,CA,92506,ANAHEIM,ORANGE,92808,high,license_number,05-31-2028,Physical Therapist Assistant
PTA,11190,FAITH ANGELES PRING,,661-872-2121,Markiepeyti27@yahoo.com,1457976920,2211 MOUNT VERNON AVE,BAKERSFIELD,CA,93306,CYPRESS,ORANGE,90630,high,license_number,02-28-2027,Physical Therapist Assistant
PTA,10008,FLORABEL REYNOSO,L.P.T.A,562-633-2273,,1558926428,5203 LAKEWOOD BLVD,LAKEWOOD,CA,90712,WESTMINSTER,ORANGE,92683,high,license_number,05-31-2028,Physical Therapist Assistant
PTA,50350,FRANCIS ANGELO VICTORIO,,323-465-2106,,1033733712,5401 FOUNTAIN AVE,LOS ANGELES,CA,90029,BUENA PARK,ORANGE,90620,high,license_number,05-31-2027,Physical Therapist Assistant
PTA,48173,GABRIELLE MELISSA LOVATO,PTA,949-716-5050,,1508373747,22821 LAKE FOREST DR STE 115,LAKE FOREST,CA,92630,YORBA LINDA,ORANGE,92887,high,license_number,08-31-2028,Physical Therapist Assistant
PTA,52225,GANESH JIALAL,PTA,562-433-6791,,1114634110,1020 TERMINO AVE,LONG BEACH,CA,90804,SANTA ANA,ORANGE,92704,medium,name_exact,03-31-2028,Physical Therapist Assistant
PTA,5800,GAURI VARMA-CHUHAN,PTA,949-340-6927,,1225545494,24422 AVENIDA DE LA CARLOTA STE 190,LAGUNA HILLS,CA,92653,IRVINE,ORANGE,92604,high,license_number,03-31-2028,Physical Therapist Assistant
PTA,10152,GENEFREY GANTIOQUI,,562-612-6943,,1104407147,8219 VALLEY VIEW ST,BUENA PARK,CA,90620,BUENA PARK,ORANGE,90620,high,license_number,11-30-2026,Physical Therapist Assistant
PTA,8373,GERALD REYES,,562-865-3355,,1093176695,11618 SOUTH ST UNIT 201,ARTESIA,CA,90701,ANAHEIM,ORANGE,92804,medium,name_exact,03-31-2028,Physical Therapist Assistant
PTA,5837,GIZELE BACHAWATI,,714-357-8897,,1508435264,2439 E VILLA VISTA WAY,ORANGE,CA,92867,ORANGE,ORANGE,92867,medium,name_exact,03-31-2028,Physical Therapist Assistant
PTA,48900,GUADALUPE VILLA,PTA,949-388-6552,,1578081337,903 CALLE AMANECER STE 200,SAN CLEMENTE,CA,92673,IRVINE,ORANGE,92606,high,license_number,04-30-2027,Physical Therapist Assistant
PTA,3767,HEATHER NICOL LOUPE,,949-248-8855,,1902097041,31741 RANCHO VIEJO RD,SAN JUAN CAPISTRANO,CA,92675,TRABUCO CANYON,ORANGE,92679,high,license_number,10-31-2026,Physical Therapist Assistant
PTA,5795,HOLGA B MARTINEZ,PTA,714-829-4017,,1104107515,2731 E JACKSON AVE,ANAHEIM,CA,92806,ANAHEIM,ORANGE,92804,high,license_number,10-31-2027,Physical Therapist Assistant
PTA,9302,IRENE BEATRIZ HOFFENBERG,,714-497-5051,,1174111348,9435 GREGORY ST,CYPRESS,CA,90630,CYPRESS,ORANGE,90630,high,license_number,07-31-2028,Physical Therapist Assistant
PTA,50232,JACLYN SIOSON,,714-844-5356,,1952090193,17803 IMPERIAL HWY,YORBA LINDA,CA,92886,PLACENTIA,ORANGE,92870,high,license_number,03-31-2027,Physical Therapist Assistant
PTA,53280,JACOB DONOVAN NELSON,,657-859-6458,,1437908753,15000 KENSINGTON PARK DR STE 110,TUSTIN,CA,92782,IRVINE,ORANGE,92602,medium,name_exact,05-31-2028,Physical Therapist Assistant
PTA,51648,JADA HELBERG,PTA,714-794-5889,,1275286361,140 S CHAPARRAL CT,ANAHEIM,CA,92808,ORANGE,ORANGE,92867,high,license_number,11-30-2027,Physical Therapist Assistant
PTA,51866,JAEHOON LEE,,714-357-3522,,1194569772,1040 N ANAHEIM BLVD UNIT 2,ANAHEIM,CA,92801,ANAHEIM,ORANGE,92801,high,license_number,10-31-2027,Physical Therapist Assistant
PTA,48099,JAKE GILBERT,"PTA,",714-369-9328,,1750733671,808 ADAMS AVE,HUNTINGTON BEACH,CA,92648,FOUNTAIN VALLEY,ORANGE,92708,high,license_number,02-29-2028,Physical Therapist Assistant
PTA,49588,JAME RICARDO CORTES ABRAHAM,PTA,714-535-7264,,1770289399,1440 S EUCLID ST,ANAHEIM,CA,92802,ANAHEIM,ORANGE,92804,high,license_number,03-31-2028,Physical Therapist Assistant
PTA,3319,JAMES BLACK,PTA,949-305-9446,,1053558684,213 CALIFORNIA CT,MISSION VIEJO,CA,92692,MISSION VIEJO,ORANGE,92692,high,license_number,01-31-2028,Physical Therapist Assistant
PTA,8572,JAMES GOODE,,714-299-9609,,1548636194,4882 VAN BUREN ST,YORBA LINDA,CA,92886,YORBA LINDA,ORANGE,92886,high,license_number,05-31-2027,Physical Therapist Assistant
PTA,49943,JANEARL ABELEDA GARCIA,PTA,657-226-6879,,1881224285,14712 CHESHIRE PL,TUSTIN,CA,92780,TUSTIN,ORANGE,92782,high,license_number,11-30-2026,Physical Therapist Assistant
PTA,6854,JANI CRIS JUNIO ANGELES,PTA,805-813-1743,,1346547478,4844 MONUMENT ST,SIMI VALLEY,CA,93063,ANAHEIM,ORANGE,92806,high,license_number,02-28-2027,Physical Therapist Assistant
PTA,6529,JAYNEE MARCH,,562-868-9761,,1063954345,11701 STUDEBAKER RD,NORWALK,CA,90650,SANTA ANA,ORANGE,92703,high,license_number,03-31-2027,Physical Therapist Assistant
PTA,4969,JEAN SIVCOVICH,,949-351-1010,,1841669959,25 FELDSPAR WAY,RANCHO SANTA MARGARITA,CA,92688,ANAHEIM HILLS,ORANGE,92807,high,license_number,06-30-2027,Physical Therapist Assistant
PTA,10754,JEFFREY A LYNCH,,949-933-7079,,1568149110,23542 MILANO,LAGUNA HILLS,CA,92653,LAGUNA HILLS,ORANGE,92653,high,license_number,06-30-2028,Physical Therapist Assistant
PTA,9668,JEFFREY GONZALES,,714-422-6212,,1033728241,2379 S MIRA CT UNIT 200,ANAHEIM,CA,92802,ANAHEIM,ORANGE,92802,high,license_number,08-31-2027,Physical Therapist Assistant
PTA,9238,JEFFREY VILLAFLORES,,714-879-7301,,1194113886,1821 E CHAPMAN AVE,FULLERTON,CA,92831,YORBA LINDA,ORANGE,92886,high,license_number,03-31-2028,Physical Therapist Assistant
PTA,48826,JEFFREY YUSAM,,949-395-6684,,1336668904,20307 WYNFREED LN,PORTER RANCH,CA,91326,LAGUNA NIGUEL,ORANGE,92677,high,license_number,08-31-2028,Physical Therapist Assistant
PTA,9035,JENNIFER L WRIGHT,"PTA, BS, CBIS",562-385-6237,,1063937258,7601 IMPERIAL HWY,DOWNEY,CA,90242,GARDEN GROVE,ORANGE,92845,high,license_number,02-28-2027,Physical Therapist Assistant
PTA,50883,JESSE KEVIN CABRAL,,562-641-6933,,1356914089,13818 PHILADELPHIA ST,WHITTIER,CA,90601,COSTA MESA,ORANGE,92627,high,license_number,07-31-2028,Physical Therapist Assistant
PTA,48319,JESSIE TAVARRO,,562-923-4704,,1811572902,12555 LAKEWOOD BLVD STE F,DOWNEY,CA,90242,CYPRESS,ORANGE,90630,high,license_number,01-31-2028,Physical Therapist Assistant
PTA,49520,JESUS Q FELIX,,714-999-6596,,1972073724,215 N STATE COLLEGE BLVD STE G,ANAHEIM,CA,92806,WESTMINSTER,ORANGE,92683,high,license_number,04-30-2028,Physical Therapist Assistant
PTA,5590,JILL DANIELLE KOPENY,,949-472-2242,,1104111681,777 CORPORATE DR,LADERA RANCH,CA,92694,RANCHO SANTA MARGARI,ORANGE,92688,high,license_number,09-30-2027,Physical Therapist Assistant
PTA,49308,JIMMY NGUYEN,PTA,714-999-6596,,1033601877,215 N STATE COLLEGE BLVD,ANAHEIM,CA,92806,GARDEN GROVE,ORANGE,92841,high,license_number,12-31-2027,Physical Therapist Assistant
PTA,49244,JIMMY VAN TRAN,PTA,949-837-8000,,1700582764,24452 HEALTH CENTER DR,LAGUNA HILLS,CA,92653,GARDEN GROVE,ORANGE,92844,high,license_number,12-31-2027,Physical Therapist Assistant
PTA,3567,JOANNA LUCAS,,949-837-8000,,1902512197,24452 HEALTH CENTER DR,LAGUNA HILLS,CA,92653,TRABUCO CANYON,ORANGE,92679,high,license_number,04-30-2028,Physical Therapist Assistant
PTA,8214,JOHN FAIRCHILD,P.T.A.,714-288-8303,,1396856886,1045 N TUSTIN ST,ORANGE,CA,92867,COSTA MESA,ORANGE,92626,high,license_number,01-31-2028,Physical Therapist Assistant
PTA,49357,JOHN LUU,,714-548-6054,,1760322200,15590 BEGONIA ST,WESTMINSTER,CA,92683,WESTMINSTER,ORANGE,92683,high,license_number,01-31-2028,Physical Therapist Assistant
PTA,8312,JOHN PATRICK DOUGHERTY,"P.T.A., A.,T.,C.",949-754-1344,,1396823845,16300 SAND CANYON AVE,IRVINE,CA,92618,FOOTHILL RANCH,ORANGE,92610,high,license_number,10-31-2026,Physical Therapist Assistant
PTA,53772,JONATHAN ANTHONY ARROYAVE,"BS, PTA",714-538-1952,,1619848652,1026 E CHAPMAN AVE STE C,ORANGE,CA,92866,PLACENTIA,ORANGE,92870,high,license_number,11-30-2026,Physical Therapist Assistant
PTA,10272,JOSE GUERRERO,,714-323-6021,,1124425491,2708 W MEADOWWOOD,SANTA ANA,CA,92704,SANTA ANA,ORANGE,92707,high,license_number,02-28-2027,Physical Therapist Assistant
PTA,8747,JOSE ICHIRO MANABAT,P.T.A,909-790-0861,,1104266766,11940 GREENBLUFF WAY,YUCAIPA,CA,92399,BREA,ORANGE,92821,medium,name_exact,09-30-2027,Physical Therapist Assistant
PTA,8569,JOSEPH FLORENTE NARVAEZ,PTA,562-261-3550,,1427446699,8868 BUCHANAN CIR,BUENA PARK,CA,90620,BUENA PARK,ORANGE,90621,high,license_number,04-30-2027,Physical Therapist Assistant
PTA,8016,JOSEPH GODOY CALA,PTA,909-576-9643,,1497979397,24320 VISTA BUENA DR,DIAMOND BAR,CA,91765,LA HABRA,ORANGE,90631,high,license_number,01-31-2027,Physical Therapist Assistant
PTA,49302,JOSEPH MICHAEL LEHMAN,,562-896-2535,,1215632757,10461 SIERRA CIR,LOS ALAMITOS,CA,90720,FOUNTAIN VALLEY,ORANGE,92708,high,license_number,08-31-2027,Physical Therapist Assistant
PTA,51104,JOSEPH NGUYEN TRAN,,888-859-0145,,1558066068,6080 CENTER DRIVE FL 6 SUITE #639,LOS ANGELES,CA,90045,SANTA ANA,ORANGE,92706,high,license_number,08-31-2028,Physical Therapist Assistant
PTA,10372,JOSHUA SHRIVASTAVA,"MA, PTA, ATC, CSCS",818-624-6162,,1992027015,25512 GLORIOSA DR,MISSION VIEJO,CA,92691,MISSION VIEJO,ORANGE,92691,high,license_number,09-30-2027,Physical Therapist Assistant
PTA,9651,JOSHUA WALTERS,PTA,714-646-8070,,1326909615,18200 YORBA LINDA BLVD STE 101,YORBA LINDA,CA,92886,ANAHEIM HILLS,ORANGE,92808,high,license_number,09-30-2027,Physical Therapist Assistant
PTA,52122,JUAN ALBERTO MEJIA,PTA,949-317-4454,,1194441683,24050 ALISO CREEK RD STE 1C,LAGUNA NIGUEL,CA,92677,ORANGE,ORANGE,92868,high,license_number,08-31-2028,Physical Therapist Assistant
PTA,6082,JULIE ANNE BRITTON,,559-224-6350,,1295023695,575 E ALLUVIAL AVE,FRESNO,CA,93720,LA PALMA,ORANGE,90623,high,license_number,09-30-2028,Physical Therapist Assistant
PTA,8010,JUNG H KIM,"ATC, PTA",949-551-1101,,1477505311,4980 BARRANCA PKWY,IRVINE,CA,92604,LAKE FOREST,ORANGE,92630,high,license_number,01-31-2027,Physical Therapist Assistant
PTA,52853,JUSTIN PATRICK AGUILAR,PTA,949-540-5641,,1174305072,9080 IRVINE CENTER DR,IRVINE,CA,92618,ANAHEIM,ORANGE,92806,high,license_number,02-28-2027,Physical Therapist Assistant
PTA,49229,JUSTIN Y SCHWARTZ,,714-554-9700,,1841009602,1929 N FAIRVIEW ST,SANTA ANA,CA,92706,FULLERTON,ORANGE,92835,high,license_number,12-31-2027,Physical Therapist Assistant
PTA,50317,KAILIE ANGUIANO,PTA,562-795-6217,,1770126591,1661 GOLDEN RAIN RD STE 401,SEAL BEACH,CA,90740,ANAHEIM,ORANGE,92804,high,license_number,01-31-2027,Physical Therapist Assistant
PTA,48130,KAREN CHU,,714-999-6596,,1245789155,215 N STATE COLLEGE BLVD,ANAHEIM,CA,92806,IRVINE,ORANGE,92620,high,license_number,07-31-2028,Physical Therapist Assistant
PTA,8777,KATHERINE ANN SWAILES,PTA,714-960-7995,,1942846258,19531 BEACH BLVD,HUNTINGTON BEACH,CA,92648,WESTMINSTER,ORANGE,92683,high,license_number,06-30-2028,Physical Therapist Assistant
PTA,48819,KATHRYN TOTHEROH,PTA,714-744-4400,,1922515584,3626 E CHAPMAN AVE,ORANGE,CA,92869,MISSION VIEJO,ORANGE,92692,high,license_number,08-31-2028,Physical Therapist Assistant
PTA,49586,KAYLEA L CABALLERO,PTA,714-661-7953,,1184191264,13031 BARRETT LN,SANTA ANA,CA,92705,SANTA ANA,ORANGE,92705,high,license_number,11-30-2027,Physical Therapist Assistant
PTA,9240,KEITH WILLIAM REGULA,PTA,714-522-8020,,1982422101,40 CENTERPOINTE DR,LA PALMA,CA,90623,FULLERTON,ORANGE,92831,high,license_number,06-30-2028,Physical Therapist Assistant
PTA,53262,KELLY HIGGINSON,,949-288-8788,,1952155327,1031 AVENIDA PICO STE 201,SAN CLEMENTE,CA,92673,SAN CLEMENTE,ORANGE,92672,medium,name_exact,06-30-2027,Physical Therapist Assistant
PTA,4773,KELSEY ANNE CLARK,,469-706-1045,,1164948337,8840 CYPRESS WATERS BLVD STE 300,COPPELL,TX,75019,FULLERTON,ORANGE,92835,high,license_number,04-30-2028,Physical Therapist Assistant
PTA,48491,KELSEY PESIGAN,,714-906-5505,,1477090439,431 W PARKWOOD AVE,LA HABRA,CA,90631,LA HABRA,ORANGE,90631,high,license_number,10-31-2026,Physical Therapist Assistant
PTA,49239,KENDALL NOEL JONES,PTA,949-429-2155,,1619733144,32261 CAMINO CAPISTRANO STE D101,SAN JUAN CAPISTRANO,CA,92675,SAN JUAN CAPISTRANO,ORANGE,92675,high,license_number,01-31-2028,Physical Therapist Assistant
PTA,51343,KEVIN ISHIZU,,657-213-8687,,1568198380,"4755 KATELLA AVE., #101",CYPRESS,CA,90720,CYPRESS,ORANGE,90630,medium,name_exact,04-30-2027,Physical Therapist Assistant
PTA,5897,KEVIN MORRIS,PTA,714-997-5518,,1225128275,1111 W TOWN AND COUNTRY RD STE 1,ORANGE,CA,92868,HUNTINGTON BEACH,ORANGE,92649,high,license_number,12-31-2027,Physical Therapist Assistant
PTA,53263,KIERRA HOUSTON,,714-794-7161,,1699571588,18682 BEACH BLVD STE 160,HUNTINGTON BEACH,CA,92648,WESTMINSTER,ORANGE,92683,high,license_number,12-31-2027,Physical Therapist Assistant
PTA,6727,KIMBERLY RIEFF,PTA,949-727-3315,,1073904785,36 MAUCHLY STE A,IRVINE,CA,92618,ORANGE,ORANGE,92869,high,license_number,04-30-2028,Physical Therapist Assistant
PTA,6496,KIMBERLY T HO,PTA,714-585-2330,,1871131706,2600 S MAIN ST,CORONA,CA,92882,HUNTINGTON BEACH,ORANGE,92646,high,license_number,05-31-2028,Physical Therapist Assistant
PTA,50900,KRISTEN HUNTER,PTA,657-301-4967,,1821697780,18785 BROOKHURST ST STE 104,FOUNTAIN VALLEY,CA,92708,CYPRESS,ORANGE,90630,medium,name_exact,10-31-2026,Physical Therapist Assistant
PTA,1925,KRISTI LYNN LEWIS ROSALES,PTA,714-554-9700,,1245059484,1929 N FAIRVIEW ST,SANTA ANA,CA,92706,SANTA ANA,ORANGE,92706,high,license_number,04-30-2028,Physical Therapist Assistant
PTA,52762,KRISTINE DUONG,,714-963-6600,,1568242634,18682 BEACH BLVD STE 130,HUNTINGTON BEACH,CA,92648,STANTON,ORANGE,90680,high,license_number,10-31-2026,Physical Therapist Assistant
PTA,48284,LARRY A BURFITT,PTA,714-598-5783,,1285391128,432 S HIBISCUS WAY,ANAHEIM,CA,92808,ANAHEIM,ORANGE,92808,high,license_number,12-31-2027,Physical Therapist Assistant
PTA,10887,LAUREN HUFF,PTA,714-646-8319,,1922750579,774 S. PLACENTIA AVE.,PLACENTIA,CA,92870,YORBA LINDA,ORANGE,92886,high,license_number,01-31-2027,Physical Therapist Assistant
PTA,50838,LAUREN YAPO,,714-538-1952,,1649093014,1026 E CHAPMAN AVE STE C,ORANGE,CA,92866,FULLERTON,ORANGE,92833,high,license_number,08-31-2028,Physical Therapist Assistant
PTA,544,LEE G MILLER,,951-850-5904,,1770972309,13899 OAK LEAF WAY,RANCHO CUCAMONGA,CA,91739,MISSION VIEJO,ORANGE,92692,high,license_number,01-31-2027,Physical Therapist Assistant
PTA,53946,LEILANI JOHNSON,,951-766-5116,,1568255024,2400 W ACACIA AVE,HEMET,CA,92545,RANCH SANT MARGARITA,ORANGE,92688,high,license_number,11-30-2026,Physical Therapist Assistant
PTA,5039,LINDSAY AARON,,714-978-6800,,1104214303,1835 W. LAVETA AVENUE,ORANGE,CA,92868,TUSTIN,ORANGE,92780,high,license_number,12-31-2027,Physical Therapist Assistant
PTA,52287,LINDSEY LEE JOHNSTON,,949-540-5641,,1265282917,9080 IRVINE CENTER DR,IRVINE,CA,92618,TRABUCO CANYON,ORANGE,92679,high,license_number,05-31-2028,Physical Therapist Assistant
PTA,52210,LIZETTE WOOD,PTA,818-363-9970,,1336853472,11225 TAMPA AVE,NORTHRIDGE,CA,91326,PLACENTIA,ORANGE,92870,high,license_number,09-30-2026,Physical Therapist Assistant
PTA,10300,LONG HOANG HOANG,,714-478-1943,,1558996025,8592 ROOSEVELT AVE,MIDWAY CITY,CA,92655,MIDWAY CITY,ORANGE,92655,high,license_number,09-30-2027,Physical Therapist Assistant
PTA,2368,LYNETTE KAY COLYER FULTZ,P.T.A.,714-545-8946,,1023027372,3100 W WARNER AVE,SANTA ANA,CA,92704,BUENA PARK,ORANGE,90620,high,license_number,06-30-2028,Physical Therapist Assistant
PTA,53701,LYNN VO,PTA,657-301-4967,,1447074489,18785 BROOKHURST ST STE 104,FOUNTAIN VALLEY,CA,92708,GARDEN GROVE,ORANGE,92843,high,license_number,03-31-2028,Physical Therapist Assistant
PTA,51224,MA THERESA LAXAMANA YUMUL,AD,949-540-5641,,1174211056,9080 IRVINE CENTER DR,IRVINE,CA,92618,LAGUNA HILLS,ORANGE,92653,medium,name_exact,01-31-2027,Physical Therapist Assistant
PTA,53693,MA. CRISTINA DIVINA RIVILLA,PTA,714-643-9012,,1053133918,12665 GARDEN GROVE BLVD STE 603,GARDEN GROVE,CA,92843,GARDEN GROVE,ORANGE,92840,high,license_number,11-30-2027,Physical Therapist Assistant
PTA,10875,MAISEY CALINOG,,626-289-7472,,1699221580,1000 S FREMONT AVE UNIT 27,ALHAMBRA,CA,91803,LA HABRA,ORANGE,90631,high,license_number,12-31-2026,Physical Therapist Assistant
PTA,10399,MARA ANDREA SUZARA MENDOZA,,714-350-4531,,1366817272,11962 DONNA LN,GARDEN GROVE,CA,92840,GARDEN GROVE,ORANGE,92840,high,license_number,12-31-2027,Physical Therapist Assistant
PTA,9762,MARC PAELO TUMAMAK VELASQUEZ,PTA,949-485-8188,,1841689619,23061 VIA PIMIENTO,MISSION VIEJO,CA,92691,MISSION VIEJO,ORANGE,92691,high,license_number,04-30-2027,Physical Therapist Assistant
PTA,48114,MARI ARAMBULA,PTA,888-859-0145,,1427828078,6080 CENTER DR FL 6,LOS ANGELES,CA,90045,DANA POINT,ORANGE,92629,high,license_number,01-31-2028,Physical Therapist Assistant
PTA,53566,MARIA PERALTA,,562-512-3320,,1174454334,3300 E SOUTH ST STE 203,LAKEWOOD,CA,90805,FULLERTON,ORANGE,92832,high,license_number,04-30-2028,Physical Therapist Assistant
PTA,48190,MARIA PLASENCIA,PTA,714-835-6638,,1972051431,1910 OLD TUSTIN AVE,SANTA ANA,CA,92705,IRVINE,ORANGE,92612,high,license_number,12-31-2027,Physical Therapist Assistant
PTA,5186,MARIANNE BURNS,P.T.A,949-458-1830,,1528188067,25462 SARITA DR,LAGUNA HILLS,CA,92653,MISSION VIEJO,ORANGE,92691,high,license_number,05-31-2028,Physical Therapist Assistant
PTA,48822,MARION KABILING,"BS, PTA, ATC",949-766-8535,,1154845295,30085 COMERCIO,RANCHO SANTA MARGARITA,CA,92688,SAN JUAN CAPISTRANO,ORANGE,92675,high,license_number,12-31-2026,Physical Therapist Assistant
PTA,10758,MARK PARILLA,,562-799-4494,,1831589175,3662 KATELLA AVE,LOS ALAMITOS,CA,90720,HUNTINGTON BEACH,ORANGE,92649,medium,name_exact,01-31-2027,Physical Therapist Assistant
PTA,4217,MARK STEPHAN LOPEZ,,949-858-9619,,1518978113,17 WILLOWBROOK LN,RANCHO SANTA MARGARITA,CA,92688,RANCHO SANTA MARG,ORANGE,92688,high,license_number,06-30-2027,Physical Therapist Assistant
PTA,11060,MARK VILLANUEVA,PTA,949-354-5328,,1457284499,24012 CALLE DE LA PLATA STE 400,LAGUNA HILLS,CA,92653,FOUNTAIN VALLEY,ORANGE,92708,high,license_number,08-31-2027,Physical Therapist Assistant
PTA,5754,MARY PHAN BALDWIN,PTA,949-300-1022,,1386188688,28441 VIA TERESA,LAGUNA NIGUEL,CA,92677,LAGUNA NIGUEL,ORANGE,92677,high,license_number,07-31-2027,Physical Therapist Assistant
PTA,10563,MATTHEW LUONGO,PTA,949-713-6445,,1568866390,14150 CULVER DR STE 103,IRVINE,CA,92604,TUSTIN,ORANGE,92782,high,license_number,09-30-2028,Physical Therapist Assistant
PTA,50053,MATTHEW MACDONALD,,714-999-6596,,1346890266,215 N STATE COLLEGE BLVD STE G,ANAHEIM,CA,92806,FULLERTON,ORANGE,92832,high,license_number,08-31-2028,Physical Therapist Assistant
PTA,49793,MATTHEW REDFERN,PTA,714-870-8478,,1043777212,1027 N HARBOR BLVD,FULLERTON,CA,92832,LOS ALAMITOS,ORANGE,90720,high,license_number,11-30-2026,Physical Therapist Assistant
PTA,10294,MATTHEW SANTAMARIA,P.T.A.,661-878-3889,,1962824268,440 MARKETVIEW,IRVINE,CA,92602,ANAHEIM,ORANGE,92807,high,license_number,10-31-2027,Physical Therapist Assistant
PTA,10330,MICHAEL GOMEZ,,213-252-1985,,1992193700,2010 WILSHIRE BLVD,LOS ANGELES,CA,90057,BUENA PARK,ORANGE,90620,high,license_number,03-31-2027,Physical Therapist Assistant
PTA,5231,MICHAEL RAMIREZ,PTA,714-378-2308,,1659938215,19066 MAGNOLIA ST,HUNTINGTON BEACH,CA,92646,FOUNTAIN VALLEY,ORANGE,92708,high,license_number,02-29-2028,Physical Therapist Assistant
PTA,5887,MICHAEL RICHARD COWDREY,,949-305-5339,,1669687372,18 ANACAPA CT,FOOTHILL RANCH,CA,92610,ALISO VIEJO,ORANGE,92656,high,license_number,10-31-2026,Physical Therapist Assistant
PTA,49850,MICHAEL ROCACORBA,,714-244-2647,,1568929537,2017 PALO VERDE AVE STE 101,LONG BEACH,CA,90815,SANTA ANA,ORANGE,92704,high,license_number,05-31-2028,Physical Therapist Assistant
PTA,49865,MICHAEL SIYLUY,PTA,949-468-9161,,1477107431,62 CORALWOOD,IRVINE,CA,92618,IRVINE,ORANGE,92620,high,license_number,05-31-2028,Physical Therapist Assistant
PTA,5895,MICHELE LEDESMA,,714-871-9202,,1467817981,2800 N. HARBOR BLVD.,FULLERTON,CA,92835,BREA,ORANGE,92821,high,license_number,08-31-2028,Physical Therapist Assistant
PTA,6709,MICHELLE ANN BARNES,PTA,713-777-4129,,1306170725,5398 E CRESTHILL DR,ANAHEIM,CA,92807,ANAHEIM,ORANGE,92807,high,license_number,03-31-2028,Physical Therapist Assistant
PTA,3828,MICHELLE ANN LESLIE,pta,714-595-8946,,1114034063,3100 W WARNER AVE,SANTA ANA,CA,92704,ORANGE,ORANGE,92869,high,license_number,02-28-2027,Physical Therapist Assistant
PTA,51199,MICHELLE DEL MUNDO,,562-217-8317,,1053981688,2501 E CHAPMAN AVE STE 160,FULLERTON,CA,92831,ANAHEIM,ORANGE,92802,high,license_number,08-31-2028,Physical Therapist Assistant
PTA,49501,MICHELLE DEROUSO,PTA,714-943-3709,,1134893316,26342 FOREST RIDGE DR UNIT 5C,LAKE FOREST,CA,92630,LAKE FOREST,ORANGE,92630,high,license_number,08-31-2028,Physical Therapist Assistant
PTA,9717,MICHELLE JENSEN,PTA,800-642-5031,,1396016135,8655 HAVEN AVE STE 200,RANCHO CUCAMONGA,CA,91730,COSTA MESA,ORANGE,92627,medium,name_exact,08-31-2027,Physical Therapist Assistant
PTA,9196,MICHELLE LEE,PTA,714-371-8796,,1083003214,3051 W CHERYLLYN LN # 35,ANAHEIM,CA,92804,WESTMINSTER,ORANGE,92683,high,license_number,04-30-2027,Physical Therapist Assistant
PTA,2864,MICHELLE RENEE PAUL,"PTA, ATC",949-240-0600,,1659332880,647 CAMINO DE LOS MARES,SAN CLEMENTE,CA,92673,MISSION VIEJO,ORANGE,92691,high,license_number,11-30-2027,Physical Therapist Assistant
PTA,51816,MIHAL ALEXANDROV,PTA,949-716-5050,,1922701606,22821 LAKE FOREST DR STE 115,LAKE FOREST,CA,92630,LAGUNA BEACH,ORANGE,92651,high,license_number,04-30-2028,Physical Therapist Assistant
PTA,3934,MIKE JOHN MAYNARD,PTA,800-787-6787,,1700901253,4655 RUFFNER ST,SAN DIEGO,CA,92111,IRVINE,ORANGE,92620,high,license_number,11-30-2026,Physical Therapist Assistant
PTA,10774,MIKE SUH,,714-835-4900,,1467815183,1800 OLD TUSTIN AVE,SANTA ANA,CA,92705,COSTA MESA,ORANGE,92627,high,license_number,03-31-2028,Physical Therapist Assistant
PTA,10184,MITAL PALMER,,714-871-6020,,1952875262,245 E WILSHIRE AVE,FULLERTON,CA,92832,PLACENTIA,ORANGE,92870,high,license_number,07-31-2027,Physical Therapist Assistant
PTA,5525,MOHAMMED N SEDIQUE,PTA,949-250-7870,,1609002393,"4341 BIRCH STREET, SUITE #102",NEWPORT BEACH,CA,92660,IRVINE,ORANGE,92604,high,license_number,07-31-2028,Physical Therapist Assistant
PTA,47976,MONIQUE MICHELLE NECE,,949-312-1651,,1497530364,17241 MURPHY AVE,IRVINE,CA,92614,RANCHO MISSION VIEJO,ORANGE,92694,high,license_number,01-31-2028,Physical Therapist Assistant
PTA,8307,NANCY GODOY,,714-772-7480,,1730547225,1130 W LA PALMA AVE,ANAHEIM,CA,92801,FULLERTON,ORANGE,92833,high,license_number,11-30-2027,Physical Therapist Assistant
PTA,49451,NATALIA VOSE,PTA,949-540-0301,,1336624931,24551 RAYMOND WAY STE 125,LAKE FOREST,CA,92630,IRVINE,ORANGE,92604,high,license_number,05-31-2028,Physical Therapist Assistant
PTA,49307,NATALIE ANASTASIA NELSON,"PTA, BS",949-900-0500,,1316411143,23595 MOULTON PKWY STE E,LAGUNA HILLS,CA,92653,ANAHEIM,ORANGE,92805,high,license_number,08-31-2027,Physical Therapist Assistant
PTA,52859,NATHAN CAPULONG,,562-735-8112,,1922871441,26302 LA PAZ RD STE 105,MISSION VIEJO,CA,92691,IRVINE,ORANGE,92620,high,license_number,06-30-2027,Physical Therapist Assistant
PTA,10192,NAZANIN MINOUEI,PTA,714-288-8303,,1700298965,1045 N. TUSTIN AVE,ORANGE,CA,92867,IRVINE,ORANGE,92612,high,license_number,09-30-2028,Physical Therapist Assistant
PTA,9459,NEIL RICHARDSON,,714-869-8375,,1255729869,1621 W OAK AVE,FULLERTON,CA,92833,FULLERTON,ORANGE,92833,high,license_number,01-31-2027,Physical Therapist Assistant
PTA,50057,NHAT ANH NGUYEN,,714-417-6282,,1477195121,10085 ANDY REESE CT,GARDEN GROVE,CA,92843,GARDEN GROVE,ORANGE,92843,high,license_number,07-31-2027,Physical Therapist Assistant
PTA,50943,NHI TRAN,PTA,949-861-8600,,1134527914,17332 VON KARMAN AVE STE 120,IRVINE,CA,92614,WESTMINSTER,ORANGE,92683,medium,name_initial_zip,07-31-2028,Physical Therapist Assistant
PTA,54458,NICOLAS ARTHUR DE SOUZA,PTA,657-204-2959,,1376412098,11420 WARNER AVE,FOUNTAIN VALLEY,CA,92708,FULLERTON,ORANGE,92831,high,license_number,06-30-2027,Physical Therapist Assistant
PTA,49654,NICOLAS MARTIN CEJA,PTA,714-255-8877,,1497408439,471 W LAMBERT RD STE 106,BREA,CA,92821,BREA,ORANGE,92821,high,license_number,11-30-2026,Physical Therapist Assistant
PTA,8894,NICOLE L KNOTT,,949-389-8516,,1225533276,3 PURSUIT,ALISO VIEJO,CA,92656,SAN CLEMENTE,ORANGE,92672,high,license_number,11-30-2026,Physical Therapist Assistant
PTA,54866,NICOLE THERESE HEBERT,,714-453-8120,,1770428971,2926 HUMESTON AVE,TUSTIN,CA,92782,TUSTIN,ORANGE,92782,medium,name_exact,03-31-2028,Physical Therapist Assistant
PTA,50403,NOELLE COLLETTE ESQUER,,714-754-7268,,1174162382,17272 NEWHOPE ST STE G,FOUNTAIN VALLEY,CA,92708,HUNTINGTON BEACH,ORANGE,92647,high,license_number,06-30-2027,Physical Therapist Assistant
PTA,51465,NOELLE LANI BEDIAMOL,PTA,714-742-2522,,1952076762,3551 SEAWARD CIR APT 344,OCEANSIDE,CA,92056,ORANGE,ORANGE,92869,medium,name_exact,07-31-2027,Physical Therapist Assistant
PTA,50305,NOLAN BALDWIN,,805-550-5758,,1750081675,10985 FRANCIS AVE,TUSTIN,CA,92782,ALISO VIEJO,ORANGE,92656,high,license_number,10-31-2027,Physical Therapist Assistant
PTA,4304,OLIVER FERNANDO DE LA PAZ,PTA,562-385-6237,,1386105153,7601 IMPERIAL HWY,DOWNEY,CA,90242,FULLERTON,ORANGE,92833,high,license_number,06-30-2027,Physical Therapist Assistant
PTA,6199,PAMELA KISSEE,PTA,949-644-1322,,1053293928,200 NEWPORT CENTER DR STE 213,NEWPORT BEACH,CA,92660,NEWPORT BEACH,ORANGE,92660,high,license_number,02-28-2027,Physical Therapist Assistant
PTA,5854,PATRICIA EVANS,PTA,949-240-8441,,1902159221,26284 OSO RD,SAN JUAN CAPISTRANO,CA,92675,RANCHO SANTA MARGAR,ORANGE,92688,high,license_number,10-31-2027,Physical Therapist Assistant
PTA,50684,PATRICK KUBOYAMA,,714-256-1000,,1477120608,2525 BREA BLVD,FULLERTON,CA,92835,BREA,ORANGE,92821,high,license_number,06-30-2028,Physical Therapist Assistant
PTA,8830,PAUL CHRISTOPHER ARREY,PTA,714-333-5679,,1588996789,2736 ANACAPA PL,FULLERTON,CA,92835,FULLERTON,ORANGE,92831,high,license_number,11-30-2027,Physical Therapist Assistant
PTA,48815,PETER CHANSACK SUVUNNACHUEN,PTA,714-646-8319,,1821505371,740 S PLACENTIA AVE STE 100,PLACENTIA,CA,92870,ANAHEIM,ORANGE,92802,high,license_number,09-30-2026,Physical Therapist Assistant
PTA,52599,PHILIP HA,,626-215-9715,,1467135830,1105 E KATELLA AVE UNIT 428,ANAHEIM,CA,92805,ORANGE,ORANGE,92868,high,license_number,05-31-2027,Physical Therapist Assistant
PTA,50309,PRESTON RAY ANGSTROM,,714-557-2100,,1053000224,3140 RED HILL AVE STE 225,COSTA MESA,CA,92626,LAGUNA HILLS,ORANGE,92653,high,license_number,04-30-2027,Physical Therapist Assistant
PTA,48857,PRISCILLA MEDINA,PTA,714-546-6450,,1255850541,1030 W WARNER AVE,SANTA ANA,CA,92707,GARDEN GROVE,ORANGE,92840,high,license_number,06-30-2027,Physical Therapist Assistant
PTA,49310,PRISCILLA NGUYEN,,714-964-4448,,1699312231,17122 BEACH BLVD STE 104,HUNTINGTON BEACH,CA,92647,GARDEN GROVE,ORANGE,92843,high,license_number,07-31-2027,Physical Therapist Assistant
PTA,51013,QIUZI PENG,PTA,626-445-2170,,1699492405,1601 S BALDWIN AVE,ARCADIA,CA,91007,LOS ALAMITOS,ORANGE,90720,high,license_number,09-30-2026,Physical Therapist Assistant
PTA,52129,RACHEL BUNETTA,,949-716-5050,,1366144354,26691 PLAZA,MISSION VIEJO,CA,92691,LAGUNA NIGUEL,ORANGE,92677,high,license_number,01-31-2028,Physical Therapist Assistant
PTA,5073,RANDALL PATRICK JOE,"BA, PTA, CBIS",562-385-6239,,1497278840,7601 IMPERIAL HWY,DOWNEY,CA,90242,LA PALMA,ORANGE,90623,high,license_number,08-31-2027,Physical Therapist Assistant
PTA,6198,RANDY MARK RAMOS,,714-330-0016,,1396469169,1871 W. OAK AVE.,FULLERTON,CA,92833,HUNTINGTON BEACH,ORANGE,92648,high,license_number,07-31-2027,Physical Therapist Assistant
PTA,49759,RAY SISON,PTA,714-842-5551,,1225975626,8382 NEWMAN AVE,HUNTINGTON BEACH,CA,92647,COSTA MESA,ORANGE,92626,high,license_number,12-31-2026,Physical Therapist Assistant
PTA,5611,REBECCA GROFF,PTA,949-644-1322,,1669352852,200 NEWPORT CENTER DR STE 213,NEWPORT BEACH,CA,92660,HUNTINGTON BEACH,ORANGE,92647,high,license_number,03-31-2027,Physical Therapist Assistant
PTA,48148,REBEKAH GREEN,,714-975-8011,,1790346625,3187 RED HILL AVE STE 200,COSTA MESA,CA,92626,HUNTINGTON BEACH,ORANGE,92647,high,license_number,11-30-2027,Physical Therapist Assistant
PTA,49532,REI EMMANUEL LUMBAD,PTA,714-851-3569,,1659992980,8702 VALLEY VIEW ST APT 22,BUENA PARK,CA,90620,BUENA PARK,ORANGE,90620,high,license_number,09-30-2027,Physical Therapist Assistant
PTA,8212,REMIGIO URFANO,,714-229-1449,,1093172223,7226 MONROE AVE,BUENA PARK,CA,90620,BUENA PARK,ORANGE,90620,high,license_number,12-31-2027,Physical Therapist Assistant
PTA,9143,RIA MELODY LARON BAGGAO,PTA,949-702-3430,,1194048512,27001 AYAMONTE,MISSION VIEJO,CA,92692,MISSION VIEJO,ORANGE,92692,high,license_number,12-31-2027,Physical Therapist Assistant
PTA,2667,RICHARD E MILLER,,562-301-8276,,1730388000,228 COVINA AVE APT 4,LONG BEACH,CA,90803,WESTMINSTER,ORANGE,92683,high,license_number,05-31-2027,Physical Therapist Assistant
PTA,8259,ROBYN ANN WELDON,,562-598-2477,,1679288971,3000 N GATE RD,SEAL BEACH,CA,90740,FOUNTAIN VALLEY,ORANGE,92708,medium,name_exact,10-31-2027,Physical Therapist Assistant
PTA,50235,ROMAN CARLO SILVESTRE,PTA,562-446-3895,,1891378238,7035 SANTA IRENE CIR APT 45,BUENA PARK,CA,90620,BUENA PARK,ORANGE,90620,high,license_number,12-31-2026,Physical Therapist Assistant
PTA,4732,RONALD BYRUM,,562-256-7550,,1275892390,4648 GUAVA AVE,SEAL BEACH,CA,90740,SEAL BEACH,ORANGE,90740,high,license_number,07-31-2028,Physical Therapist Assistant
PTA,8787,ROSEMARIE CALZADO,,949-837-8000,,1396441804,24452 HEALTH CENTER DR,LAGUNA HILLS,CA,92653,RANCHO SANTA MARGARI,ORANGE,92688,high,license_number,04-30-2028,Physical Therapist Assistant
PTA,8258,RUSALY MOHAMMAD,PTA,562-494-8094,,1093812810,4510 E PACIFIC COAST HIGHWAY,LONG BEACH,CA,90804,ANAHEIM,ORANGE,92801,high,license_number,10-31-2027,Physical Therapist Assistant
PTA,48292,RYAN CLARAVALL,,818-558-7252,,1922515527,101 S 1ST ST STE 18000,BURBANK,CA,91502,IRVINE,ORANGE,92620,high,license_number,07-31-2028,Physical Therapist Assistant
PTA,48351,RYAN NICHOLAS RODINO,,562-633-2273,,1003788605,5203 LAKEWOOD BLVD # B,LAKEWOOD,CA,90712,CYPRESS,ORANGE,90630,high,license_number,02-29-2028,Physical Therapist Assistant
PTA,9299,SACHI V. SHAH,,714-999-6596,,1437556784,215 N STATE COLLEGE BLVD,ANAHEIM,CA,92806,YORBA LINDA,ORANGE,92886,high,license_number,09-30-2027,Physical Therapist Assistant
PTA,52180,SALLY WOOLPERT,,949-340-6927,,1447977988,18 ENDEAVOR STE 105,IRVINE,CA,92618,LA PALMA,ORANGE,90623,high,license_number,10-31-2026,Physical Therapist Assistant
PTA,11172,SAMANTHA ERIN SANCHEZ,,949-586-3200,,1053956227,24331 EL TORO RD,LAGUNA WOODS,CA,92637,ORANGE,ORANGE,92867,high,license_number,06-30-2027,Physical Therapist Assistant
PTA,48797,SAMANTHA MUELLER,PTA,949-430-3968,,1457875098,3960 BARRANCA PKWY,IRVINE,CA,92606,RSM,ORANGE,92688,high,license_number,06-30-2027,Physical Therapist Assistant
PTA,1856,SANDRA CEVALLOS,,715-816-0540,,1851789481,501 S BEACH BLVD,ANAHEIM,CA,92804,ANAHEIM,ORANGE,92801,high,license_number,06-30-2028,Physical Therapist Assistant
PTA,3216,SANDRA Y. KANEKO,"PTA, ATC, CEAS",714-771-8222,,1164547469,1100 W STEWART DR,ORANGE,CA,92868,YORBA LINDA,ORANGE,92886,high,license_number,12-31-2026,Physical Therapist Assistant
PTA,49767,SANNIEL CAILAO,PT,714-581-5971,,1306420476,401 W LINCOLN AVE STE 100,ANAHEIM,CA,92805,ANAHEIM,ORANGE,92805,high,license_number,01-31-2027,Physical Therapist Assistant
PTA,49171,SARAH KRISTINE LITTLE,PTA,949-498-5100,,1619469004,970 CALLE AMANECER STE 100,SAN CLEMENTE,CA,92673,RSM,ORANGE,92688,high,license_number,09-30-2027,Physical Therapist Assistant
PTA,48187,SARAH STOVER,,714-962-6760,,1437732252,18700 BEACH BLVD STE 120,HUNTINGTON BEACH,CA,92648,HUNTINGTON BEACH,ORANGE,92648,medium,name_exact,06-30-2028,Physical Therapist Assistant
PTA,2425,SCOT L CAIN,P.T.A.,714-545-8946,,1134130065,3100 W WARNER AVE,SANTA ANA,CA,92704,SAN CLEMENTE,ORANGE,92672,high,license_number,01-31-2027,Physical Therapist Assistant
PTA,48254,SCOTT HAMANAKA,,714-999-6596,,1952850240,215 N STATE COLLEGE BLVD,ANAHEIM,CA,92806,ORANGE,ORANGE,92867,high,license_number,05-31-2028,Physical Therapist Assistant
PTA,4263,SCOTT MCCRIMMON,,714-847-3800,,1013309319,6930 WARNER AVE,HUNTINGTON BEACH,CA,92647,NEWPORT BEACH,ORANGE,92660,high,license_number,09-30-2027,Physical Therapist Assistant
PTA,4562,SEAN SATO,,714-829-6769,,1609265917,6396 SAIPAN ST,CYPRESS,CA,90630,CYPRESS,ORANGE,90630,high,license_number,11-30-2027,Physical Therapist Assistant
PTA,54430,SELENA SOUTH,,714-657-6577,,1639036577,4168 AVENIDA SEVILLA,CYPRESS,CA,90630,CYPRESS,ORANGE,90630,high,license_number,01-31-2027,Physical Therapist Assistant
PTA,4752,SERGIO RIVERO,PTA,949-458-8880,,1629221569,24552 PASEO DE VALENCIA,LAGUNA HILLS,CA,29653,LAKE FOREST,ORANGE,92630,high,license_number,05-31-2028,Physical Therapist Assistant
PTA,11149,SHAINA LAUREN LIM,,714-960-7995,,1053784801,19531 BEACH BLVD,HUNTINGTON BEACH,CA,92648,BUENA PARK,ORANGE,90620,high,license_number,02-28-2027,Physical Therapist Assistant
PTA,51442,SHANE MICHAEL ENRIQUEZ,,949-443-5442,,1972273670,31271 NIGUEL RD STE J,LAGUNA NIGUEL,CA,92677,SAN JUAN CAPISTRANO,ORANGE,92675,high,license_number,08-31-2027,Physical Therapist Assistant
PTA,10644,SHANELL NOJI,PTA,714-281-0169,,1912416595,30025 ALICIA PKWY STE G-262,LAGUNA NIGUEL,CA,92677,LAGUNA NIGUEL,ORANGE,92607,high,license_number,05-31-2028,Physical Therapist Assistant
PTA,51574,SHANNON PATTERSON,,714-847-3800,,1003574849,7071 WARNER AVE,HUNTINGTON BEACH,CA,92647,GARDEN GROVE,ORANGE,92840,high,license_number,05-31-2027,Physical Therapist Assistant
PTA,6369,SHANNON WEIS,PTA,949-716-2730,,1912775073,24422 AVENIDA DE LA CARLOTA STE 100,LAGUNA HILLS,CA,92653,FOOTHILL RANCH,ORANGE,92610,high,license_number,10-31-2027,Physical Therapist Assistant
PTA,54789,SHELIYA L TRONCO,PTA,949-813-6397,,1720915119,3230 E IMPERIAL HWY STE 100,BREA,CA,92821,PLACENTIA,ORANGE,92870,high,license_number,01-31-2028,Physical Therapist Assistant
PTA,49587,SHERILYN BAKER,pta,714-916-0641,,1104473685,7812 EDINGER AVE STE 400,HUNTINGTON BEACH,CA,92647,GARDEN GROVE,ORANGE,92845,high,license_number,05-31-2028,Physical Therapist Assistant
PTA,3077,SHERRI LIANE BOWER,PTA,714-533-9324,,1588744593,975 S AMBRIDGE ST,ANAHEIM,CA,92806,ORANGE,ORANGE,92869,high,license_number,04-30-2027,Physical Therapist Assistant
PTA,48180,SONIA MONTEZ,PTA,717-529-5022,,1508336736,JUMP N SCHOUT,BREA,CA,92821,FULLERTON,ORANGE,92835,high,license_number,10-31-2027,Physical Therapist Assistant
PTA,49723,STACY D HERNANDEZ,,714-734-4500,,1568281228,17542 17TH ST STE 300,TUSTIN,CA,92780,ANAHEIM,ORANGE,92805,high,license_number,02-29-2028,Physical Therapist Assistant
PTA,8526,STEPHANIE MARIE FRISBY,PTA,949-727-2192,,1427223239,16257 LAGUNA CANYON RD STE 150,IRVINE,CA,92618,GARDEN GROVE,ORANGE,92842,high,license_number,04-30-2027,Physical Therapist Assistant
PTA,6365,STEPHEN W BARSAMIAN,,714-720-6285,,1801184569,25458 CLAVELES CT,LAKE FOREST,CA,92630,COSTA MESA,ORANGE,92627,high,license_number,11-30-2027,Physical Therapist Assistant
PTA,8336,STEVE KALMBACH,,714-816-0540,,1063800266,501 S BEACH BLVD,ANAHEIM,CA,92804,ANAHEIM,ORANGE,92804,high,license_number,04-30-2028,Physical Therapist Assistant
PTA,6225,STEVEN YOSHIO HONDA,PTA,714-514-4506,,1972513380,148 GREENMOOR,IRVINE,CA,92614,IRVINE,ORANGE,92614,high,license_number,05-31-2027,Physical Therapist Assistant
PTA,50219,SUJIN MARKS,PTA,714-707-2699,,1871144436,5832 BEACH BLVD STE 114,BUENA PARK,CA,90621,LA HABRA,ORANGE,90631,high,license_number,11-30-2026,Physical Therapist Assistant
PTA,51500,SULLIVAN FROSS,PTA,949-346-1486,,1649936212,4950 BARRANCA PKWY STE 302,IRVINE,CA,92604,WESTMINSTER,ORANGE,92683,high,license_number,09-30-2027,Physical Therapist Assistant
PTA,50362,SUTEE NUDTAVUTHTISIT,PTA,562-991-1324,,1336785989,17042 BELLFLOWER BLVD,BELLFLOWER,CA,90706,ORANGE,ORANGE,92867,high,license_number,07-31-2027,Physical Therapist Assistant
PTA,10799,TAM HUYNH,PTA,714-350-1653,,1962897736,321 N 2ND ST APT C,ALHAMBRA,CA,91801,FULLERTON,ORANGE,92835,medium,name_exact,02-28-2027,Physical Therapist Assistant
PTA,49603,TAMARA CAMPBELL,PTA,562-595-4489,,1598234304,2888 LONG BEACH BLVD STE 405,LONG BEACH,CA,90806,ANAHEIM,ORANGE,92804,high,license_number,12-31-2027,Physical Therapist Assistant
PTA,3613,TAMI MARTIN,pta,562-595-4489,,1669863304,2888 LONG BEACH BLVD,LONG BEACH,CA,90806,GARDEN GROVE,ORANGE,92845,high,license_number,10-31-2027,Physical Therapist Assistant
PTA,53281,TARA EILEEN PATRICK,,703-509-7574,,1770454696,1252 CONWAY AVE,COSTA MESA,CA,92626,COSTA MESA,ORANGE,92626,high,license_number,09-30-2027,Physical Therapist Assistant
PTA,52511,TAYLOR MICHELLE WELLS,,909-519-8912,,1598651432,4334 LATHAM ST STE 110,RIVERSIDE,CA,92501,LOS ALAMITOS,ORANGE,90720,high,license_number,11-30-2026,Physical Therapist Assistant
PTA,2259,TERI MCCRORY,,714-997-5518,,1093921207,1111 W TOWN AND COUNTRY RD STE 1,ORANGE,CA,92868,ORANGE,ORANGE,92867,high,license_number,10-31-2027,Physical Therapist Assistant
PTA,3888,TERRY D'AMICO,,949-226-4001,,1417491523,32961 CALLE MIGUEL,SAN JUAN CAPISTRANO,CA,92675,SAN JUAN CAPISTRANO,ORANGE,92675,high,license_number,12-31-2026,Physical Therapist Assistant
PTA,48667,THERESA RAGLAND,,562-342-9994,,1275067993,4220 KATELLA AVE,LOS ALAMITOS,CA,90720,ANAHEIM,ORANGE,92806,high,license_number,09-30-2028,Physical Therapist Assistant
PTA,51094,THOMAS HOMBO,"ATC, PTA",909-599-7002,,1396320867,1043 N WALNUT AVE,SAN DIMAS,CA,91773,TUSTIN,ORANGE,92782,high,license_number,06-30-2028,Physical Therapist Assistant
PTA,5700,THUY CHAU LE,PTA,949-900-1300,,1992942460,23422 MILL CREEK DR STE 220,LAGUNA HILLS,CA,92653,IRVINE,ORANGE,92618,high,license_number,04-30-2027,Physical Therapist Assistant
PTA,9063,TIMOTHY ANKENY,,714-375-1755,,1881416402,16271 BEACH BOULEVARD,HUNTINGTON BEACH,CA,92647,FOUNTAIN VALLEY,ORANGE,92708,high,license_number,08-31-2027,Physical Therapist Assistant
PTA,51280,TIMOTHY BUI,,562-246-8590,,1194453605,1613 W HOUSTON AVE,FULLERTON,CA,92833,FULLERTON,ORANGE,92833,high,license_number,11-30-2026,Physical Therapist Assistant
PTA,48576,TIMOTHY KIRKHAM,,949-290-7144,,1205371119,800 LANTERN CREST WAY,SANTEE,CA,92071,SAN CLEMENTE,ORANGE,92673,medium,name_exact,08-31-2028,Physical Therapist Assistant
PTA,48644,TINA RENAE HAWKINS,PTA,714-999-6596,,1669900668,215 N STATE COLLEGE BLVD STE G,ANAHEIM,CA,92806,PLACENTIA,ORANGE,92870,high,license_number,02-28-2027,Physical Therapist Assistant
PTA,49360,TINA THI PHAM,PTA,562-342-9994,,1427542463,4220 KATELLA AVE,LOS ALAMITOS,CA,90720,STANTON,ORANGE,90680,high,license_number,10-31-2027,Physical Therapist Assistant
PTA,51420,TINA ZOROUFI,,949-317-4454,,1760140354,24050 ALISO CREEK RD STE 1C,LAGUNA NIGUEL,CA,92677,LAGUNA NIGUEL,ORANGE,92677,high,license_number,07-31-2027,Physical Therapist Assistant
PTA,9605,TODD VAN ETTEN,,949-202-8905,,1033500178,26318 MISTY GLN,LAKE FOREST,CA,92630,LAKE FOREST,ORANGE,92630,high,license_number,05-31-2027,Physical Therapist Assistant
PTA,4822,TRICIA SHELTON,P.T.A,949-581-3839,,1023028594,22741 LAMBERT ST,LAKE FOREST,CA,92630,FOOTHILL RANCH,ORANGE,92610,high,license_number,05-31-2028,Physical Therapist Assistant
PTA,8256,TRISHA T VILLASENOR,PTA,909-945-5011,,1659533420,3200 INLAND EMPIRE BLVD,ONTARIO,CA,91764,NEWPORT BEACH,ORANGE,92658,high,license_number,04-30-2028,Physical Therapist Assistant
PTA,52452,UTSAVI MUKESH PARIKH,PTA,714-870-8478,,1932819877,1027 N HARBOR BLVD STE B,FULLERTON,CA,92832,PLACENTIA,ORANGE,92870,high,license_number,12-31-2026,Physical Therapist Assistant
PTA,48765,VANESSA AVILA,"BS, PTA",949-540-5641,,1518481670,9080 IRVINE CENTER DR,IRVINE,CA,92618,IRVINE,ORANGE,92612,high,license_number,04-30-2027,Physical Therapist Assistant
PTA,9932,VEENA THERESA SANDEJAS JACILDO,PTA,714-398-4823,,1053753822,1415 W NORTH ST,ANAHEIM,CA,92801,PLACENTIA,ORANGE,92870,high,license_number,12-31-2027,Physical Therapist Assistant
PTA,48236,VINCENT TUMINO,,949-374-3315,,1093577207,36 MAUCHLY STE A,IRVINE,CA,92618,IRVINE,ORANGE,92612,high,license_number,11-30-2027,Physical Therapist Assistant
PTA,8041,VIVECA ELISABETH GAZZONI,PTA,562-501-9010,,1427254374,1277 W CENTRAL AVE,BREA,CA,92821,LA HABRA,ORANGE,90631,high,license_number,11-30-2026,Physical Therapist Assistant
PTA,5233,VIVIEN B ALABATA,PTA,562-493-9581,,1013867209,1661 GOLDEN RAIN RD,SEAL BEACH,CA,90740,STANTON,ORANGE,90680,high,license_number,10-31-2026,Physical Therapist Assistant
PTA,48297,XIAOHUI LIN,,949-228-8271,,1851857791,25461 ESROSE CT,LAKE FOREST,CA,92630,ALISO VIEJO,ORANGE,92656,high,license_number,08-31-2028,Physical Therapist Assistant
PTA,48791,YESENIA LOPEZ,,310-370-1200,,1407479728,20911 EARL ST STE 300,TORRANCE,CA,90503,GARDEN GROVE,ORANGE,92840,high,license_number,09-30-2026,Physical Therapist Assistant
PTA,6859,YOUNG KIM,,714-800-4034,,1114730967,12555 GARDEN GROVE BLVD # 205,GARDEN GROVE,CA,92843,ANAHEIM,ORANGE,92807,high,license_number,08-31-2028,Physical Therapist Assistant
PTA,11024,YUSUF HAMMOUD,PTA,949-981-4513,,1942817978,2226 W GRAYSON AVE,ANAHEIM,CA,92801,ANAHEIM,ORANGE,92804,high,license_number,01-31-2027,Physical Therapist Assistant
PTA,47965,ZINA KAYYAL,,714-635-8131,,1245003862,861 S HARBOR BLVD,ANAHEIM,CA,92805,ANAHEIM,ORANGE,92801,high,license_number,08-31-2027,Physical Therapist Assistant
